DEMAND_ID,facility_id,time_min,distance_m,facility_id_foot,time_min_foot,departamento_x,facility_id_bike,time_min_bike,departamento_y,ratio_foot_car,ratio_bike_car,cambia_establecimiento_auto_vs_pie
0,27857,70.40609449574427,62114.890350116664,27857.0,842.7555314631755,JUNIN,27857.0,266.2066729290715,JUNIN,11.969923022986544,3.781017464974747,0.0
2,340,60.571969467355565,44819.32016390288,340.0,597.3586656864769,JUNIN,340.0,192.08280070244092,JUNIN,9.86196537671464,3.1711499954770552,0.0
3,34252,10.91234508705475,7111.718426473981,34252.0,94.82291235298642,JUNIN,34252.0,30.478793256317058,JUNIN,8.689508221791325,2.793056214147211,0.0
4,442,26.46631356956053,19070.815379858806,432.0,227.9678574305217,JUNIN,432.0,73.90439521378933,JUNIN,8.613510031586431,2.7923947556787185,1.0
5,25383,78.05663409568147,49437.911648295,25383.0,651.9944631113689,JUNIN,25383.0,211.87676420697866,JUNIN,8.352838559656018,2.714397906874399,0.0
6,432,125.22145394278101,95709.48114793193,432.0,1274.8006417202444,JUNIN,432.0,410.183490633994,JUNIN,10.180369270450692,3.275664654248658,0.0
7,308,28.451501394055075,24113.473369955675,308.0,317.96036001869015,JUNIN,308.0,102.20154429172183,JUNIN,11.17552130606112,3.5921318483767886,0.0
8,4370,36.59847405459023,34905.823372428924,4370.0,465.41643904076585,LAMBAYEQUE,4370.0,149.59638588183816,LAMBAYEQUE,12.71682634490584,4.087503365815209,0.0
9,8653,48.11680212868452,34232.13413576918,8653.0,461.11043032689685,JUNIN,8653.0,146.7091462961536,JUNIN,9.583147880312039,3.0490211278752852,0.0
11,27857,16.62811877386506,12482.71711338037,27857.0,166.4362281784049,JUNIN,27857.0,53.49735905734445,JUNIN,10.009323991598976,3.2172827115853857,0.0
12,520,59.6310654927146,46029.99076362705,520.0,584.7369338478338,JUNIN,520.0,187.95115730823233,JUNIN,9.805911214504022,3.151900033233436,0.0
15,8653,30.87234070422402,30568.0311323562,8653.0,407.4708980027867,JUNIN,8653.0,131.00584771009798,JUNIN,13.198574798931125,4.243469873736315,0.0
16,11129,50.07020333018491,46235.04101149264,30057.0,635.9697789486052,LAMBAYEQUE,30057.0,195.87580933324105,LAMBAYEQUE,12.701561740317713,3.912023445192542,1.0
17,308,26.160626768224407,16667.836774517975,308.0,227.63887653889182,JUNIN,308.0,71.43358617650564,JUNIN,8.701583435125865,2.730576251455539,0.0
20,34252,22.627353680264253,18808.888913683306,34252.0,250.78518551577736,JUNIN,34252.0,80.60952391578563,JUNIN,11.083275095245188,3.562481280614527,0.0
21,519,96.45057935793186,76151.3154437238,519.0,1040.9602947205997,JUNIN,519.0,326.3627804731019,JUNIN,10.792680579528252,3.383730638485404,0.0
22,11129,68.82093490769692,61012.94061326898,30057.0,819.0602122623567,LAMBAYEQUE,30057.0,259.2096647694253,LAMBAYEQUE,11.901323534196178,3.7664362612492686,1.0
23,27857,70.40609449574427,62114.890350116664,27857.0,842.7555314631755,JUNIN,27857.0,266.2066729290715,JUNIN,11.969923022986544,3.781017464974747,0.0
24,4370,154.22279963934523,112430.93431316661,4370.0,1499.0791241755553,LAMBAYEQUE,4370.0,481.8468613421427,LAMBAYEQUE,9.720217293948743,3.124355558769238,0.0
26,4370,32.70349884135969,30250.355487008106,4370.0,409.0717613045771,LAMBAYEQUE,4370.0,129.64438065860617,LAMBAYEQUE,12.508501408027612,3.9642357928579375,0.0
27,27857,6.2515563678995605,3190.80929249149,27857.0,42.54412389988652,JUNIN,27857.0,13.674896967820672,JUNIN,6.805365159681153,2.1874388013260857,0.0
28,8656,43.51964375702199,35087.50103030115,8656.0,468.0055390021858,JUNIN,8656.0,150.37500441557643,JUNIN,10.753891773911226,3.4553362903232197,0.0
30,519,49.91061695560102,43203.211522994294,519.0,576.0428203065904,JUNIN,519.0,185.15662081283273,JUNIN,11.54148867402342,3.709764216650387,0.0
31,520,33.26030787572207,26871.533855811012,520.0,345.1768559486377,JUNIN,520.0,110.25007201457635,JUNIN,10.378041515382215,3.3147640252317676,0.0
32,4370,48.42880576286647,42629.41294065716,4370.0,568.3921725420952,LAMBAYEQUE,4370.0,182.69748403138777,LAMBAYEQUE,11.736654736547697,3.7724961653189037,0.0
33,8653,16.692535973141677,17968.193201801034,8653.0,239.57590935734723,JUNIN,8653.0,77.00654229343301,JUNIN,14.35227755344217,4.613232070749267,0.0
34,340,14.96513235625091,16525.192280578798,340.0,220.335897074384,JUNIN,340.0,70.82225263105198,JUNIN,14.723284220226097,4.732484213644101,0.0
35,11129,96.26561275981443,81396.86525256101,30057.0,1094.2928006933832,LAMBAYEQUE,30057.0,346.56934179496267,LAMBAYEQUE,11.367431934637724,3.600136454329372,1.0
36,34252,8.290679710705325,5448.783236899538,34252.0,72.92285613981434,JUNIN,34252.0,23.351928158140883,JUNIN,8.795763276882212,2.816648208950558,0.0
37,4370,71.45438669110297,77916.50201694088,4370.0,1038.886693559211,LAMBAYEQUE,4370.0,333.9278657868891,LAMBAYEQUE,14.53915905891564,4.673301126080025,0.0
38,8653,77.65886747030407,51799.88995085887,8653.0,690.6651993447854,JUNIN,8653.0,221.99952836082366,JUNIN,8.89357805287192,2.8586500884231145,0.0
39,8653,46.92692466545157,34456.541061231546,8653.0,459.42054748308743,JUNIN,8653.0,147.67089026242087,JUNIN,9.790126899607401,3.146826503445234,0.0
40,519,35.81406042208007,28264.35047563952,519.0,399.8151580428968,JUNIN,519.0,121.13293060988363,JUNIN,11.163636664788864,3.3822730285897102,0.0
41,365,105.19694947233806,87767.54206415938,8653.0,913.2331346568401,JUNIN,8653.0,293.5392218539842,JUNIN,8.681175064843284,2.7903776994139116,1.0
42,25383,96.78069213116312,72395.40773491343,25383.0,924.6880143287158,JUNIN,25383.0,297.2056089844285,JUNIN,9.554467879559303,3.07091840779189,0.0
43,25383,104.79350912150122,95941.25567121751,25383.0,1238.6326534794364,JUNIN,25383.0,398.1163858543033,JUNIN,11.819745935249891,3.7990557735089623,0.0
44,8653,30.87234070422402,30568.0311323562,8653.0,407.4708980027867,JUNIN,8653.0,131.00584771009798,JUNIN,13.198574798931125,4.243469873736315,0.0
46,519,29.94514452209522,21621.174086810366,519.0,288.2823211574714,JUNIN,519.0,92.66217465775871,JUNIN,9.627013853439927,3.0943973100342634,0.0
47,4370,22.364813395573673,16987.488689347705,,,LAMBAYEQUE,4370.0,72.60236736997884,LAMBAYEQUE,,3.246276464991562,
48,365,26.924626517980297,19502.816433527307,365.0,260.03755244703086,JUNIN,365.0,83.58349900083132,JUNIN,9.65798178382818,3.104351287659057,0.0
49,30057,22.560948181885298,18607.470860554375,30057.0,248.09961147405838,LAMBAYEQUE,30057.0,79.74630368809018,LAMBAYEQUE,10.996861012839133,3.5347053255554353,0.0
50,8653,81.10145221687232,72254.10743392893,519.0,955.9780173289644,JUNIN,519.0,307.27864842716696,JUNIN,11.787434024887695,3.788818079428186,1.0
51,11129,49.054735353341286,41828.25395080489,10972.0,528.4354975155259,LAMBAYEQUE,10972.0,169.9138049270308,LAMBAYEQUE,10.77236465978676,3.4637594862787777,1.0
53,4370,161.1791940944475,145129.08801581568,4370.0,1935.054506877543,LAMBAYEQUE,4370.0,621.981805782067,LAMBAYEQUE,12.00560976712443,3.858945996575707,0.0
54,519,56.70372131822157,37429.901049664884,519.0,499.0653473288649,JUNIN,519.0,160.41386164142085,JUNIN,8.801280334461783,2.8289829646484304,0.0
56,27857,61.323115959430865,59007.77374479236,27857.0,781.1129496878513,JUNIN,27857.0,252.89045890625306,JUNIN,12.737659159469441,4.12390099474978,0.0
57,25383,6.2528288690836265,5879.0842239769745,25383.0,78.38778965302632,JUNIN,25383.0,25.19607524561561,JUNIN,12.536372143591755,4.029548189011637,0.0
58,432,64.12860013125638,40054.50637018951,432.0,534.06008493586,JUNIN,432.0,171.66217015795502,JUNIN,8.327954825815047,2.676842622583408,0.0
60,520,62.58372817301481,40097.582377720646,520.0,544.4265565099035,JUNIN,520.0,169.8628141965339,JUNIN,8.699171052974314,2.7141689885738742,0.0
61,8653,34.724275734433654,34427.89204729102,8653.0,459.0385606305471,JUNIN,8653.0,147.54810877410435,JUNIN,13.219528728005994,4.249134234001924,0.0
63,365,11.073358416518563,9086.756341331993,365.0,121.15675121775986,JUNIN,365.0,38.94324146285141,JUNIN,10.941283272925185,3.516841052011669,0.0
64,25383,88.35478444966357,59455.91829905106,25383.0,752.1614885172177,JUNIN,25383.0,241.7506542593041,JUNIN,8.512968405754304,2.7361354086832885,0.0
65,8653,19.15150881764214,21971.872818373187,8653.0,292.9583042449759,JUNIN,8653.0,94.16516922159938,JUNIN,15.296878540196596,4.916853816491762,0.0
67,442,7.421569075515533,4937.850094722659,442.0,65.83800126296877,JUNIN,442.0,21.162214691668538,JUNIN,8.871170044104911,2.851447514176579,0.0
68,519,18.745944629574257,11263.56786129329,519.0,150.18090481724386,JUNIN,519.0,48.272433691256964,JUNIN,8.011381009859232,2.5750867531690393,0.0
69,4370,9.579628344980927,11107.99611533236,4370.0,148.10661487109815,LAMBAYEQUE,4370.0,47.60569763713869,LAMBAYEQUE,15.460580466954747,4.96947229294974,0.0
70,4370,32.390045325397004,31560.93542488591,4370.0,426.0390279607046,LAMBAYEQUE,4370.0,135.26115182093955,LAMBAYEQUE,13.153394003639994,4.176009958062066,0.0
72,27857,52.93857559736872,36209.84941743709,27857.0,512.0422656898548,JUNIN,27857.0,155.18506893187327,JUNIN,9.672384644125287,2.9314175377923593,0.0
73,8652,9.714567295164777,8369.209627189133,8652.0,103.77173031998046,JUNIN,8652.0,35.86804125938198,JUNIN,10.682074370067998,3.6921913420924626,0.0
76,4370,108.63117935388715,121985.92517416597,4370.0,1626.4790023222124,LAMBAYEQUE,4370.0,522.7968221749967,LAMBAYEQUE,14.972487751639347,4.812585348741218,0.0
79,519,47.09973834232328,34194.17096552834,519.0,455.9222795403779,JUNIN,519.0,146.5464469951214,JUNIN,9.679932322059026,3.111406817804686,0.0
80,8653,21.31381694429214,18990.540971638096,8653.0,253.20721295517458,JUNIN,8653.0,81.38803273559185,JUNIN,11.879956256403137,3.818557368129581,0.0
81,519,77.68708645249527,52661.44818937151,519.0,702.1526425249536,JUNIN,519.0,225.69192081159224,JUNIN,9.03821567506347,2.9051407526989723,0.0
83,442,38.3049046543892,20547.53903659492,442.0,266.78688312922077,JUNIN,442.0,85.75292672010664,JUNIN,6.964823056899341,2.23869312543193,0.0
84,4370,160.96898927674124,123587.23321620628,4370.0,1647.8297762160844,LAMBAYEQUE,4370.0,529.6595709265983,LAMBAYEQUE,10.236939323655074,3.2904447826034153,0.0
85,8653,25.4859306661947,14180.683809335133,8653.0,194.9747248621345,JUNIN,8653.0,60.77435918286489,JUNIN,7.650288601026244,2.384623892251179,0.0
86,34252,2.2233727893782516,937.1613892888781,34252.0,12.495485190518375,JUNIN,34252.0,4.016405954095192,JUNIN,5.620058521096068,1.8064473817808788,0.0
88,365,35.97350367176547,20338.947431513476,365.0,292.45010342704813,JUNIN,365.0,87.16691756362917,JUNIN,8.129597441924554,2.423086679545309,0.0
89,442,21.1423951193966,15813.819856665594,442.0,209.90435773402567,JUNIN,442.0,67.4539190678743,JUNIN,9.928125765725275,3.1904577833752743,0.0
92,25973,6.0865087484307185,6424.4929433806155,25383.0,85.63362415644332,JUNIN,25383.0,27.52509347885678,JUNIN,14.069416096464527,4.522312316720741,1.0
93,34252,25.650225367771796,21462.071307424743,34252.0,287.52516775493615,JUNIN,34252.0,91.9803056032489,JUNIN,11.209459707757457,3.585945319561109,0.0
94,519,55.1598206756408,41139.61764491204,519.0,531.2714989573204,JUNIN,519.0,169.21949083841608,JUNIN,9.631494309624104,3.0678034983740496,0.0
98,8653,87.32197057245043,82836.18355153235,8653.0,1083.2549738495975,JUNIN,8653.0,343.73016052609364,JUNIN,12.40529693441616,3.936353683646009,0.0
99,25383,124.65495458200903,94227.12199210584,25383.0,1238.968347855986,JUNIN,25383.0,390.7700986581105,JUNIN,9.939182537994375,3.1348140149618158,0.0
100,432,23.55287220310157,23321.71968597822,432.0,310.95626247970966,JUNIN,432.0,99.95022722562094,JUNIN,13.202477379330462,4.2436534433562185,0.0
101,27857,31.62448655692876,21049.93068748842,27857.0,279.7195149391687,JUNIN,27857.0,90.21398866066465,JUNIN,8.845029450063391,2.8526625562209875,0.0
105,27857,39.19624793496734,21456.0116523408,27857.0,301.47045318765566,JUNIN,27857.0,91.95433565288914,JUNIN,7.6913089663031515,2.345998418151035,0.0
107,340,72.76857116308507,41973.833610323985,340.0,559.4188449720916,JUNIN,340.0,179.88785832995998,JUNIN,7.687643663063711,2.472054287376412,0.0
108,442,31.420719693907426,30208.722346758434,442.0,403.5157344872844,JUNIN,442.0,129.46595291467895,JUNIN,12.842345382862995,4.120400620224584,0.0
109,340,27.782281592314604,16063.711533881999,340.0,213.95055061953187,JUNIN,340.0,68.84447800235148,JUNIN,7.700971207444564,2.477999431889564,0.0
110,442,8.174961102213445,7321.4426555846585,442.0,97.6192354077954,JUNIN,442.0,31.377611381077102,JUNIN,11.941247693688,3.838258187256858,0.0
114,432,4.942787533678307,3925.4086680730056,432.0,52.338782240973394,JUNIN,432.0,16.823180006027165,JUNIN,10.588920095059011,3.4035814591261113,0.0
115,365,51.85340922387684,32187.05531439181,27857.0,420.45596497910543,JUNIN,27857.0,133.4013092742357,JUNIN,8.108550069751226,2.572662266009863,1.0
116,442,140.15303286513858,103130.3393196463,442.0,1374.957962853011,JUNIN,442.0,441.9507737741821,JUNIN,9.810404632313993,3.1533443461009267,0.0
118,27857,51.99574066163288,47320.61555273203,27857.0,630.8396950026785,JUNIN,27857.0,202.80263808313725,JUNIN,12.132526375726167,3.9003702130698414,0.0
120,8653,52.59832061380949,43932.55220816716,8653.0,585.7673627755623,JUNIN,8653.0,188.28236660643063,JUNIN,11.136617214006094,3.5796269616448133,0.0
122,8653,50.82178836659327,43488.41914636311,8653.0,579.8455886181748,JUNIN,8653.0,186.37893919869896,JUNIN,11.409389697890388,3.667303831464766,0.0
123,8475,85.24601786738714,76263.37370371108,8475.0,1016.8449827161477,JUNIN,8475.0,326.8430301587618,JUNIN,11.92835757205693,3.834114933875442,0.0
124,4370,16.960442908883515,19718.9464398854,4370.0,262.9192858651386,LAMBAYEQUE,4370.0,84.50977045665168,LAMBAYEQUE,15.501911552523616,4.982757284739733,0.0
125,442,155.5182429482875,110838.57974237727,442.0,1477.7345018227568,JUNIN,442.0,474.9860898716004,JUNIN,9.502001011637773,3.05421461088357,0.0
126,27857,78.36853302785869,68716.24077659458,27857.0,917.9384637231597,JUNIN,27857.0,294.7819789502302,JUNIN,11.713099993805525,3.7614839472041695,0.0
127,442,64.6682974909745,44634.3141210773,442.0,595.856958144869,JUNIN,442.0,191.28991766175977,JUNIN,9.214050489392125,2.958016912204274,0.0
128,11129,13.03584368798633,11805.47534395832,30057.0,152.25119510811123,LAMBAYEQUE,30057.0,48.937884141892866,LAMBAYEQUE,11.679427795565239,3.754101791431682,1.0
131,34252,15.54150779149941,11113.55304218099,34252.0,148.1807072290799,JUNIN,34252.0,47.62951303791854,JUNIN,9.534512945399602,3.0646648753070154,0.0
133,442,9.608221329723662,7555.270565184836,442.0,101.47924735578064,JUNIN,442.0,32.31310012798485,JUNIN,10.561710005768491,3.363067837334488,0.0
134,20274,64.38961033965003,41322.38827471302,20274.0,551.5549854420459,LORETO,20274.0,177.09594974877004,LORETO,8.565900345298529,2.750380827195616,0.0
136,519,182.70989071359344,84798.90306875708,,,JUNIN,,,JUNIN,,,
137,11129,75.7010915055446,67172.09251538839,30057.0,902.3963027188793,LAMBAYEQUE,30057.0,285.6060300642227,LAMBAYEQUE,11.920519041033705,3.7728125762004896,1.0
138,8656,1.9660160754321103,1186.586411911995,8656.0,15.821152158826596,JUNIN,8656.0,5.085370336765692,JUNIN,8.047315765385727,2.5866372103025554,0.0
139,8475,148.07771392365908,117067.81481853734,8475.0,1588.6116199105013,JUNIN,8475.0,510.62516354266126,JUNIN,10.728228967186137,3.4483593108812594,0.0
140,4370,90.77815463990036,69862.10206062076,4370.0,931.4946941416099,LAMBAYEQUE,4370.0,299.4090088312318,LAMBAYEQUE,10.261220861303821,3.298249562561943,0.0
141,8653,20.866585928470794,21794.405660852728,8653.0,290.5920754780364,JUNIN,8653.0,93.40459568936882,JUNIN,13.926191686276127,4.476275899160183,0.0
142,753,91.28328457874645,66112.69966935892,753.0,883.8206229606575,JUNIN,753.0,281.54015870531055,JUNIN,9.682173763129883,3.08424658473411,0.0
143,340,44.46791689804456,28793.350223071942,340.0,383.9113363076259,JUNIN,340.0,123.40007238459408,JUNIN,8.633445483579829,2.7750360482935172,0.0
144,4370,92.6723536471856,103282.04076958471,4370.0,1377.0938769277955,LAMBAYEQUE,4370.0,442.6373175839342,LAMBAYEQUE,14.859813339483656,4.776368573405461,0.0
145,519,48.64233728575464,28682.43701926115,519.0,383.04307402640035,JUNIN,519.0,122.92473008254785,JUNIN,7.874684799296806,2.527113969882107,0.0
146,4370,25.904219122459082,16709.345690675156,4370.0,227.19081668202713,LAMBAYEQUE,4370.0,71.61148153146496,LAMBAYEQUE,8.77041749870976,2.764471733076774,0.0
149,519,27.622542848636883,15013.793395924515,519.0,200.1839119456602,JUNIN,519.0,64.3448288396765,JUNIN,7.2471210577030165,2.329431768547398,0.0
150,519,10.017044294362343,7007.104813860854,519.0,98.18748134221737,JUNIN,519.0,30.0304492022608,JUNIN,9.802041246585873,2.9979351513062724,0.0
151,520,93.31265419787348,67198.30940145876,520.0,883.5013468472491,JUNIN,520.0,283.03500779272713,JUNIN,9.46818365035193,3.0331899807773044,0.0
152,519,90.82742103794536,52713.64737897029,519.0,774.9577955980718,JUNIN,519.0,249.09357715652317,JUNIN,8.53220081272939,2.7424931183773045,0.0
153,8656,53.292852641609464,39746.67699059469,8656.0,533.1602648994356,JUNIN,8656.0,170.34290138826302,JUNIN,10.004348397052404,3.196355476292601,0.0
154,4370,152.10316385287825,107752.78858753566,4370.0,1450.5863010110538,LAMBAYEQUE,4370.0,461.79766537515286,LAMBAYEQUE,9.53685817090651,3.0360819175452955,0.0
155,8475,4.68702806490547,2566.1399515740595,8516.0,31.914414604035066,JUNIN,8516.0,10.182287797993489,JUNIN,6.809093984949016,2.1724401170614387,1.0
156,30057,30.700570591288393,35039.71676127568,30057.0,467.19622348367596,LAMBAYEQUE,30057.0,150.17021469118163,LAMBAYEQUE,15.217835189559889,4.8914470252156805,0.0
157,10972,18.68315337836466,14796.798189857513,10972.0,197.10541360730815,LAMBAYEQUE,10972.0,63.41484938510364,LAMBAYEQUE,10.549900737610965,3.3942262369123877,0.0
158,20274,46.02062338542541,30290.96786229882,20274.0,404.46937994319,LORETO,20274.0,129.81843369556634,LORETO,8.788872253114334,2.820875167385921,0.0
159,25383,13.236344245360158,11732.14816172223,25383.0,156.42864215629646,JUNIN,25383.0,50.280634978809594,JUNIN,11.8181152784033,3.7986799109153475,0.0
160,8653,11.143209573471653,12493.839362606876,8653.0,166.5845248347583,JUNIN,8653.0,53.54502583974377,JUNIN,14.949420428324503,4.80517085196145,0.0
161,27857,20.95098403751811,18920.35357242688,27857.0,252.27138096569178,JUNIN,27857.0,81.08722959611521,JUNIN,12.041027787235919,3.8703303601829737,0.0
162,365,47.027125809199056,37191.75755469767,34252.0,519.2169584023145,JUNIN,34252.0,155.532728627027,JUNIN,11.04079718817835,3.3072982018518977,1.0
164,37650,12.40007664658017,9262.470380520512,37650.0,123.4996050736068,JUNIN,37650.0,39.69630163080218,JUNIN,9.95958400851231,3.2012948598789563,0.0
166,340,46.58091323164247,46069.74944799376,340.0,614.2633259732503,JUNIN,340.0,197.4417833485447,JUNIN,13.187017672207862,4.238684251781098,0.0
167,27857,64.5365858826141,70398.01020968084,27857.0,939.4791097848549,JUNIN,27857.0,301.7057580414893,JUNIN,14.5573103525135,4.674956908787571,0.0
169,519,58.02462961829061,39005.6029222175,519.0,526.372875529231,JUNIN,519.0,167.16686966664636,JUNIN,9.071542188066065,2.8809640107371193,0.0
170,519,42.97834355275424,29423.430686475604,519.0,392.3124091530079,JUNIN,519.0,126.10041722775252,JUNIN,9.128141680738805,2.9340455402374728,0.0
171,8653,66.06740537562614,45626.636764810944,8653.0,608.3551568641461,JUNIN,8653.0,195.54272899204682,JUNIN,9.20809820523969,2.959745851684184,0.0
172,30057,60.58111583885515,64762.85971605335,30057.0,863.5047962140452,LAMBAYEQUE,30057.0,277.5551130688002,LAMBAYEQUE,14.253695797069089,4.581545077629349,0.0
173,520,14.903950990173566,15356.532447609665,520.0,199.9205962340623,JUNIN,520.0,65.81371048975572,JUNIN,13.413932746147207,4.415856609643164,0.0
174,340,11.775723355543896,9722.903989946559,340.0,129.63871986595413,JUNIN,340.0,41.669588528342416,JUNIN,11.008981440186558,3.538601177202824,0.0
175,4370,172.02555968683197,126602.33981692756,4370.0,1701.4416714699398,LAMBAYEQUE,4370.0,542.5814563582611,LAMBAYEQUE,9.890632965051065,3.154074646500302,0.0
176,4370,45.52989454934581,53049.97335375808,4370.0,707.3329780501075,LAMBAYEQUE,4370.0,227.35702865896303,LAMBAYEQUE,15.53557250793744,4.993576877551318,0.0
177,11129,93.0196379009476,78862.3822523228,30057.0,1060.2566787883072,LAMBAYEQUE,30057.0,335.8362376804981,LAMBAYEQUE,11.398202602307768,3.610379972002416,1.0
178,25973,13.42150962341813,10211.228016467006,25383.0,136.61658050662498,JUNIN,25383.0,43.75395807779844,JUNIN,10.178928029694479,3.259987833369774,1.0
179,8656,39.44778931227229,34670.30896302276,8656.0,462.2707861736369,JUNIN,8656.0,148.58703841295468,JUNIN,11.718547331366512,3.7666759279392354,0.0
181,8653,39.16465013878331,41900.43049015161,8653.0,558.5695561067256,JUNIN,8653.0,179.57327352922115,JUNIN,14.262084663781913,4.585085603800565,0.0
183,25383,36.578986424247674,32475.238422797596,25383.0,392.4190901671712,JUNIN,25383.0,126.11916907536067,JUNIN,10.727992449431085,3.4478584948367548,0.0
184,11129,94.0391583218047,80144.21269391134,30057.0,1073.7557059616358,LAMBAYEQUE,30057.0,341.20083082932115,LAMBAYEQUE,11.418176482260856,3.6282846094998225,1.0
185,4370,73.08750361419895,56073.61969126793,4370.0,747.6482625502384,LAMBAYEQUE,4370.0,240.31551296257663,LAMBAYEQUE,10.229495133624873,3.288052007236566,0.0
186,519,3.3681691698200695,1485.5837968250778,519.0,19.807783957667706,JUNIN,519.0,6.3667877006789055,JUNIN,5.880875620842362,1.8902814495564737,0.0
187,10972,3.478529023864785,2701.4532503364344,10972.0,35.83414774702707,LAMBAYEQUE,10972.0,11.577656787156146,LAMBAYEQUE,10.30152328791378,3.3283197316240605,0.0
188,8653,89.81410118239974,73094.79225228274,519.0,967.8485168783393,JUNIN,519.0,310.8815833629691,JUNIN,10.776130965367853,3.461389461902119,1.0
190,442,523.8215702288026,405037.23790971923,442.0,5399.165842582346,JUNIN,442.0,1735.8374820173526,JUNIN,10.307261383344748,3.3137953468757457,0.0
192,519,86.62026919951069,68637.18628569321,519.0,915.1624838092425,JUNIN,519.0,294.159369795828,JUNIN,10.56522327010284,3.395964622533056,0.0
194,432,1.533136906417252,1495.856777788301,432.0,19.944757037177347,JUNIN,432.0,6.41081476194986,JUNIN,13.009116768172866,4.181501818341277,0.0
195,519,87.45847529978042,59322.90283644934,519.0,792.2130283956577,JUNIN,519.0,254.2410121562114,JUNIN,9.058161895461797,2.9069911324746105,0.0
196,340,53.383687970367355,42703.876241780374,340.0,569.3850165570716,JUNIN,340.0,183.01661246477303,JUNIN,10.665898857964448,3.4283246329171444,0.0
197,25383,97.5131462346652,69080.9697117656,25383.0,880.495507353411,JUNIN,25383.0,283.0008745995092,JUNIN,9.029505675414269,2.902181762430966,0.0
198,11129,14.025541685719379,10583.35909115446,30057.0,136.07068382580798,LAMBAYEQUE,30057.0,43.73700551543831,LAMBAYEQUE,9.701634836988388,3.1183826261748417,1.0
200,27857,15.611567772090464,13022.197766673566,27857.0,173.62930355564754,JUNIN,27857.0,55.80941900002957,JUNIN,11.121836454251113,3.5748760031521436,0.0
201,34252,8.936571401412788,8091.805041089328,34252.0,107.89073388119097,JUNIN,34252.0,33.64635083245162,JUNIN,12.072944872810444,3.7650178486944608,0.0
202,4370,156.15650175317745,119529.85710321825,4370.0,1593.7314280429102,LAMBAYEQUE,4370.0,512.2708161566496,LAMBAYEQUE,10.20598828835176,3.2804962355416367,0.0
203,4370,154.8846230016563,112963.08010999493,4370.0,1520.1407663268094,LAMBAYEQUE,4370.0,484.1274861856928,LAMBAYEQUE,9.814665503047086,3.1257298291032782,0.0
204,4370,75.14543162346632,80643.59746000828,4370.0,1075.2479661334428,LAMBAYEQUE,4370.0,345.6154176857493,LAMBAYEQUE,14.308893340598841,4.599287145192482,0.0
205,519,46.920555709069546,38367.24528928664,519.0,511.56327052382187,JUNIN,519.0,164.4310512397999,JUNIN,10.902753873926068,3.504456602333379,0.0
209,442,11.003453460839923,6453.23393841188,442.0,86.0431191788251,JUNIN,442.0,27.656716878908064,JUNIN,7.819646757724115,2.5134578864113224,0.0
210,442,7.793659530289413,5144.475341353043,442.0,68.59300455137391,JUNIN,442.0,22.047751462941612,JUNIN,8.801129210840282,2.828934389198662,0.0
211,20274,27.755660355890942,20040.38566673264,,,LORETO,20274.0,85.88736714313991,LORETO,,3.0944090697849647,
213,8653,49.5576414857473,38568.09636604567,8653.0,514.241284880609,JUNIN,8653.0,165.29184156876707,JUNIN,10.37662950583522,3.335345198304176,0.0
216,308,5.917147623277254,6479.316902621216,308.0,86.39089203494954,JUNIN,308.0,27.768501011233788,JUNIN,14.60009070841828,4.692886299134448,0.0
217,25383,49.801679924017634,43216.97225453186,25383.0,535.6422079236279,JUNIN,25383.0,172.15517121136463,JUNIN,10.755504809091914,3.456814538666599,0.0
218,10972,10.672142767931105,8957.375551104458,10972.0,119.24644509060076,LAMBAYEQUE,10972.0,38.38875236187624,LAMBAYEQUE,11.173617865095128,3.5970988391601386,0.0
220,753,62.71663453026267,52506.358487076715,8652.0,673.318023632833,JUNIN,8652.0,218.93649268137034,JUNIN,10.735876194184764,3.4908839468375312,1.0
221,4370,71.45438669110297,77916.50201694088,4370.0,1038.886693559211,LAMBAYEQUE,4370.0,333.9278657868891,LAMBAYEQUE,14.53915905891564,4.673301126080025,0.0
222,519,70.17583185871278,52557.200142945985,519.0,700.7626685726129,JUNIN,519.0,225.2451434697685,JUNIN,9.98581206680215,3.2097253071864063,0.0
223,27857,34.214786826870366,18484.58305018683,27857.0,251.89077679508546,JUNIN,27857.0,79.21964164365784,JUNIN,7.36204431346229,2.315362712750944,0.0
224,8653,1.0763341997317277,884.169097477708,8653.0,11.78892129970277,JUNIN,8653.0,3.789296132047319,JUNIN,10.952844667242864,3.5205572144709207,0.0
225,37783,35.443968452611216,22094.52609524373,37783.0,294.59368126991643,LORETO,37783.0,94.69082612247314,LORETO,8.311532092231428,2.6715638867886735,0.0
226,1,46.349202129018664,32917.250853174395,1.0,439.3868729231619,LORETO,1.0,141.07393222789023,LORETO,9.479923121439606,3.043718677943877,0.0
227,30057,50.0840802761359,54220.066539490625,30057.0,722.9342205265419,LAMBAYEQUE,30057.0,232.37171374067424,LAMBAYEQUE,14.43441142456211,4.639632243609251,0.0
228,8652,10.925713230757541,9438.114489901867,8652.0,118.02379515615029,JUNIN,8652.0,40.44906209957941,JUNIN,10.802388152005983,3.7021896186794616,0.0
229,432,16.1254923980974,9131.224866785826,432.0,119.79273721143258,JUNIN,432.0,39.13382085765353,JUNIN,7.428780111270685,2.4268295126461266,0.0
230,8653,24.89952135781038,24297.69053692065,8653.0,323.96920715894225,JUNIN,8653.0,104.1329594439457,JUNIN,13.011061638633505,4.182126955275054,0.0
231,20274,38.825414346908744,26453.40592834991,20274.0,353.30188749053775,LORETO,20274.0,113.37173969292816,LORETO,9.099758326691688,2.9200394020252034,0.0
232,30057,8.140247257691204,6967.419269532864,30057.0,92.89892359377156,LAMBAYEQUE,30057.0,29.860368297997983,LAMBAYEQUE,11.412297520323753,3.66823848867549,0.0
233,519,55.03400943749063,34431.03246452391,519.0,459.6910132965706,JUNIN,519.0,147.56156770510256,JUNIN,8.35285340819484,2.6812796162472528,0.0
234,27857,33.985271387409355,22315.490376531954,27857.0,297.5398716870927,JUNIN,27857.0,95.63781589942262,JUNIN,8.754965299389175,2.8140959890893766,0.0
236,8656,33.86063672015329,34870.35399870949,8656.0,464.93805331612657,JUNIN,8656.0,149.4443742801835,JUNIN,13.730930612991196,4.413513411318597,0.0
238,519,109.44217802903218,85406.33071207596,519.0,1156.8457371128661,JUNIN,519.0,366.02713162318264,JUNIN,10.570382990787929,3.3444795984057,0.0
239,4370,119.38641257442974,129969.57012071968,4370.0,1732.9276016095957,LAMBAYEQUE,4370.0,557.0124433745128,LAMBAYEQUE,14.515283307714997,4.66562677747982,0.0
240,519,92.79702937579928,74800.85070077369,519.0,997.3446760103152,JUNIN,519.0,320.5750744318872,JUNIN,10.747592705488206,3.454583369621211,0.0
241,4370,23.004757569093492,23986.71528864426,4370.0,315.05416512270114,LAMBAYEQUE,4370.0,101.89133227835895,LAMBAYEQUE,13.695174321070487,4.42914175349747,0.0
242,4370,2.907498751985883,1888.8000332973534,4370.0,25.184000443964713,LAMBAYEQUE,4370.0,8.094857285560087,LAMBAYEQUE,8.66174075801873,2.784130957934592,0.0
243,29146,2.5297677341729345,1414.086470999795,29146.0,18.767153394677095,LAMBAYEQUE,29146.0,6.060370589999121,LAMBAYEQUE,7.418528247144675,2.395623324676666,0.0
244,520,59.246026126683645,34262.600190412886,520.0,478.97621329206925,JUNIN,520.0,146.83971510176954,JUNIN,8.084528948285774,2.4784736580945945,0.0
245,37783,1.9613794640488849,1058.9091918552492,37783.0,14.118789224736656,LORETO,37783.0,4.5381822508082115,LORETO,7.1983975989996205,2.313770656821307,0.0
246,8653,39.78953768376691,29614.001214230302,8653.0,394.85334952307085,JUNIN,8653.0,126.91714806098697,JUNIN,9.9235470555407,3.1897115535666516,0.0
249,11737,0.5447310773180677,226.97128221586152,11737.0,3.026283762878154,LORETO,11737.0,0.9727340666394064,LORETO,5.555555555555555,1.7857142857142854,0.0
250,11470,5.057213574052825,2654.4486282822527,11470.0,36.535470500382026,LAMBAYEQUE,11470.0,11.376208406923942,LAMBAYEQUE,7.224427041767724,2.24950127977433,0.0
251,34252,23.413485208814397,18251.53169432023,34252.0,244.71797291354267,JUNIN,34252.0,78.22085011851527,JUNIN,10.4520096316722,3.340846073145391,0.0
252,442,163.51855379162163,114838.73516404431,442.0,1531.4029069379062,JUNIN,442.0,492.2366486586129,JUNIN,9.365315870451225,3.010280101216466,0.0
253,340,37.99180055181554,30084.607801728944,340.0,401.1281040230528,JUNIN,340.0,128.9340334359812,JUNIN,10.558280950016302,3.3937331625052383,0.0
254,8656,29.257379081499,27517.357165107333,8656.0,366.8980955347645,JUNIN,8656.0,117.93153070760286,JUNIN,12.540360997912273,4.0308303207575165,0.0
255,442,45.13731975944274,30029.23674574653,442.0,419.139089016793,JUNIN,442.0,126.29972388906272,JUNIN,9.285865692747716,2.798121921331866,0.0
256,519,25.407870950194713,18228.31971697679,519.0,243.04426289302393,JUNIN,519.0,78.12137021561482,JUNIN,9.565707546667202,3.0746917114287426,0.0
257,519,103.12731245351428,80046.07641614688,519.0,1092.8904410195742,JUNIN,519.0,343.054613212058,JUNIN,10.597487852814995,3.3265155956303376,0.0
258,1,31.502234253669,27936.926563491674,1.0,372.49235417988893,LORETO,1.0,119.72968527210712,LORETO,11.824315417770901,3.8006728128549314,0.0
259,519,18.80087010384613,11280.045503574851,519.0,150.46337868492776,JUNIN,519.0,48.34305215817794,JUNIN,8.00300081080541,2.5713199384473335,0.0
260,519,56.5518411781955,37399.58280597588,519.0,498.66110407967807,JUNIN,519.0,160.28392631132508,JUNIN,8.817769566659928,2.834283074997834,0.0
263,432,8.493977792073178,8928.968295303022,432.0,94.84579284279698,JUNIN,432.0,38.26700697987009,JUNIN,11.166239795365344,4.505192727909172,0.0
265,11129,79.09483689587793,69968.33456494357,30057.0,939.6795300462818,LAMBAYEQUE,30057.0,297.5899245623164,LAMBAYEQUE,11.880415548277762,3.7624443799545335,1.0
267,519,93.81187946207784,67153.27415648002,519.0,920.9864108906831,JUNIN,519.0,287.79974638491444,JUNIN,9.817375114662095,3.0678390416562706,0.0
268,520,28.7446812256908,27015.426999451676,520.0,355.3725235919556,JUNIN,520.0,115.78040142622143,JUNIN,12.363070607801294,4.0278895604081955,0.0
269,25383,12.274118920591556,11683.159497340634,25383.0,155.77545996454177,JUNIN,25383.0,50.07068356003131,JUNIN,12.691376136433433,4.079370900996463,0.0
270,340,32.849169802678105,21454.345996464097,340.0,286.0579466195214,JUNIN,340.0,91.94719712770329,JUNIN,8.708224540767537,2.7990721738181366,0.0
271,4370,2.737474250467153,2679.124628488176,4370.0,35.721661713175685,LAMBAYEQUE,4370.0,11.481962693520757,LAMBAYEQUE,13.04913158802489,4.194363724722287,0.0
272,210,18.185292650399717,13380.736661370636,210.0,178.54806788293146,LORETO,210.0,57.346014263017025,LORETO,9.818267504152974,3.1534281776739266,0.0
273,8516,2.8244642114225997,1225.8787228307497,8516.0,16.34504963774333,JUNIN,8516.0,5.253765954988928,JUNIN,5.786955831000177,1.8600929456786286,0.0
274,432,40.591047388122185,32977.91920376749,432.0,439.7055893835665,JUNIN,432.0,141.3339394447178,JUNIN,10.832575596761611,3.481899298959089,0.0
276,11129,9.842047606392448,10090.139322191771,10972.0,130.4558864626492,LAMBAYEQUE,10972.0,41.93301392858956,LAMBAYEQUE,13.254953814480393,4.26059856704553,1.0
280,365,31.912105483646126,20014.33372524967,34252.0,254.84728244699943,JUNIN,34252.0,81.9151979293927,JUNIN,7.985912511401043,2.5669004500931933,1.0
282,11409,39.28009942853282,16679.219639836516,11409.0,303.95815987893354,LORETO,11409.0,88.29073903039641,LORETO,7.73822277186346,2.247721882451819,0.0
283,8653,18.206256466947032,20599.055304165777,8653.0,274.65407072221046,JUNIN,8653.0,88.2816655892819,JUNIN,15.085697118506351,4.848974073805611,0.0
288,520,40.64435068924031,31691.546398025188,520.0,430.2572194140025,JUNIN,520.0,135.8209131343937,JUNIN,10.585904612025296,3.3416922851802195,0.0
290,8653,49.31212749866555,27744.125083099683,8653.0,391.3756717296279,JUNIN,8653.0,118.90339321328436,JUNIN,7.936702218743636,2.4112403833418474,0.0
291,11129,50.12975294578467,43898.15170114059,30057.0,590.4748927246928,LAMBAYEQUE,30057.0,185.86056943173224,LAMBAYEQUE,11.77893083501312,3.7075899742163196,1.0
292,519,25.630699785265094,18992.776977130277,519.0,194.85742008076417,JUNIN,519.0,62.63274216881705,JUNIN,7.602500973960388,2.4436610273444104,0.0
293,8653,30.87234070422402,30568.0311323562,8653.0,407.4708980027867,JUNIN,8653.0,131.00584771009798,JUNIN,13.198574798931125,4.243469873736315,0.0
295,365,73.45015334974008,65890.11931887869,8652.0,822.6469687974186,JUNIN,8652.0,266.9350821985585,JUNIN,11.200071494477415,3.6342345117718278,1.0
296,520,2.0072591893892158,2094.0936092718252,520.0,27.165986232875213,JUNIN,520.0,8.974686896879252,JUNIN,13.533870651324051,4.471115112747417,0.0
297,753,39.18091537883453,40964.232686930955,8652.0,519.4230129642228,JUNIN,8652.0,169.4702392521742,JUNIN,13.257041290179105,4.325326185301984,1.0
298,432,41.2575416600384,27868.660498943995,432.0,371.58213998592,JUNIN,432.0,119.4371164240457,JUNIN,9.006405254286644,2.8949159745921356,0.0
300,8475,4.7048369938703365,3510.6386463715903,8475.0,46.80851528495453,JUNIN,37650.0,14.153514837300854,JUNIN,9.949019561344777,3.0082901609005073,0.0
302,8653,49.19603086952533,39785.70195049578,8653.0,530.4760260066105,JUNIN,8653.0,170.5101512164105,JUNIN,10.782902942180563,3.4659330885580375,0.0
303,520,12.39081718819896,8972.307652603142,520.0,117.79674736321826,JUNIN,520.0,38.45274708258489,JUNIN,9.506777928691267,3.103326156664418,0.0
304,432,48.6429034714673,37003.84724544004,432.0,493.3846299392006,JUNIN,432.0,158.5879167661716,JUNIN,10.142993010863497,3.260247753491838,0.0
305,519,110.85415281886657,86245.36137472303,519.0,1168.032812614827,JUNIN,519.0,369.62297732024155,JUNIN,10.53666265911904,3.3343178214008633,0.0
307,519,22.749172705414182,13265.867346177492,519.0,176.8782312823666,JUNIN,519.0,56.85371719790354,JUNIN,7.775150049314564,2.4991553729939664,0.0
308,25973,11.424975421877257,8431.535268902886,25383.0,115.75270438135207,JUNIN,25383.0,36.12670344538081,JUNIN,10.131549531362804,3.162081502267667,1.0
310,4370,75.12746252925669,83419.44826811126,4370.0,1112.2593102414833,LAMBAYEQUE,4370.0,357.5119211490477,LAMBAYEQUE,14.804963095996209,4.758738137998774,0.0
311,442,212.72249644869555,150515.78998013696,442.0,2005.4993437420842,JUNIN,442.0,645.0312766048561,JUNIN,9.427772695521044,3.032266391065154,0.0
312,27857,8.216993753405761,4641.330084836132,27857.0,61.88440113114845,JUNIN,27857.0,19.89141464929771,JUNIN,7.531270314705879,2.420765458298318,0.0
314,4370,21.973352232317787,20430.73355304547,4370.0,268.4664994170126,LAMBAYEQUE,4370.0,86.91672544438762,LAMBAYEQUE,12.217821685949204,3.955551457303495,0.0
315,442,472.7930480868468,375350.6330854378,442.0,5003.2972518127635,JUNIN,442.0,1608.609175627575,JUNIN,10.582425592039826,3.4023536981704763,0.0
316,10972,16.90884147382883,11262.077759318987,11020.0,135.3657375674363,LAMBAYEQUE,11020.0,43.572328284019115,LAMBAYEQUE,8.00561870409352,2.5768961375301496,1.0
318,4370,21.2562505995157,16176.556587476189,4370.0,215.6874211663492,LAMBAYEQUE,4370.0,69.32809966061221,LAMBAYEQUE,10.147011588735381,3.2615394392363712,0.0
319,442,33.90932106434241,20968.448366936198,442.0,279.57931155914923,JUNIN,442.0,89.8647787154408,JUNIN,8.244910330957433,2.6501497492363173,0.0
320,4370,135.36773807789717,113202.55956412661,4370.0,1511.4220067807023,LAMBAYEQUE,4370.0,485.1538267033997,LAMBAYEQUE,11.16530443842503,3.583969368123878,0.0
321,432,10.750403002769414,7172.564403413299,432.0,97.42598194733088,JUNIN,432.0,30.739561728914147,JUNIN,9.06254229931966,2.8593869198201523,0.0
323,519,9.480880755522337,7963.234562654233,519.0,106.17646083538978,JUNIN,519.0,34.128148125661,JUNIN,11.199008148430206,3.5996811905668515,0.0
324,25383,23.218036855649512,20225.807183274504,25383.0,229.09334030686338,JUNIN,25383.0,73.62160662026173,JUNIN,9.867041805953521,3.170879910217207,0.0
325,340,19.642458276380342,19369.273816939058,340.0,258.2569842258542,JUNIN,340.0,83.01117350116738,JUNIN,13.147895268099052,4.2261091933175505,0.0
326,519,41.69742876594989,31042.82371264386,519.0,413.90431616858484,JUNIN,519.0,133.04067305418795,JUNIN,9.926375040817362,3.190620548834151,0.0
328,340,47.77185940768111,50729.44249511112,340.0,676.3925666014816,JUNIN,340.0,217.41189640761905,JUNIN,14.158807611594163,4.551045303726695,0.0
329,519,54.334226955721554,36328.146958905214,519.0,489.40496083903736,JUNIN,519.0,155.69205839530798,JUNIN,9.007305123488125,2.865450879096627,0.0
330,8653,24.17396039819563,26660.6426205063,8653.0,355.37238451145475,JUNIN,8653.0,114.25989694502701,JUNIN,14.700627396493134,4.726569211785235,0.0
334,11470,11.304094820006464,9985.483483015583,11020.0,116.78985286809605,LAMBAYEQUE,11020.0,37.47294071564428,LAMBAYEQUE,10.331641297045424,3.314988180152478,1.0
335,340,27.48134350953349,15841.687858503072,340.0,211.22250478004096,JUNIN,340.0,67.89294796501315,JUNIN,7.686032697301216,2.4705105098468185,0.0
337,25383,97.5131462346652,69080.9697117656,25383.0,880.495507353411,JUNIN,25383.0,283.0008745995092,JUNIN,9.029505675414269,2.902181762430966,0.0
338,442,35.19267353083916,17517.46535308872,442.0,235.24365231344578,JUNIN,442.0,75.07485151323738,JUNIN,6.684449594524354,2.1332522931924927,0.0
339,340,48.33933552189914,39780.92467937159,340.0,530.4123290582879,JUNIN,340.0,170.48967719730678,JUNIN,10.972685564078462,3.5269346455966475,0.0
340,519,45.286969184655675,34848.334198258075,519.0,464.6444559767744,JUNIN,519.0,149.35000370682033,JUNIN,10.260003359514004,3.2978582227009294,0.0
341,340,32.93250659522654,19200.08702530543,340.0,255.7688905051777,JUNIN,340.0,82.28608725130907,JUNIN,7.766456821791103,2.498628126388538,0.0
343,8653,55.16376647416768,39322.68618647793,8653.0,524.3024824863725,JUNIN,8653.0,168.5257979420482,JUNIN,9.504472156227676,3.055008907358894,0.0
344,365,12.002877182846596,9825.106889303599,365.0,131.00142519071466,JUNIN,365.0,42.10760095415829,JUNIN,10.914168594337514,3.5081256196084873,0.0
347,520,42.99858913029814,39798.64726321689,520.0,530.6486301762253,JUNIN,520.0,170.56563112807248,JUNIN,12.341070739977228,3.966772737849825,0.0
348,27857,15.097094291420568,10946.508441353508,27857.0,151.38311534397454,JUNIN,27857.0,46.91360760580074,JUNIN,10.02730144104638,3.1074594024666706,0.0
349,519,84.06972321103554,50578.44049419272,519.0,674.3792065892364,JUNIN,519.0,216.7647449751117,JUNIN,8.02166559887892,2.578392513925367,0.0
350,27857,80.98469622846777,82331.63846014603,27857.0,1108.507480267915,JUNIN,27857.0,352.84987911491163,JUNIN,13.687863656865236,4.3569945378257495,0.0
353,308,26.201640563260348,21784.30265880974,308.0,201.81373586217669,JUNIN,308.0,64.8687008128425,JUNIN,7.702332049587676,2.4757495873674675,0.0
354,4370,97.5523216787393,113219.72756283851,4370.0,1509.5963675045125,LAMBAYEQUE,4370.0,485.2274038407361,LAMBAYEQUE,15.474735419172665,4.974022099019784,0.0
355,8652,17.08473422890574,13048.2172455847,8652.0,166.39991288234592,JUNIN,8652.0,55.92093105250583,JUNIN,9.739684015734534,3.2731519439086707,0.0
357,8475,33.394190609976185,18175.9734344228,37650.0,232.84714485584004,JUNIN,37650.0,74.84372513223433,JUNIN,6.972684188557014,2.2412199177504695,1.0
358,4370,29.418092400792187,26387.618154645566,4370.0,357.56859687307656,LAMBAYEQUE,4370.0,113.08979209133817,LAMBAYEQUE,12.154717308028026,3.844225878095781,0.0
359,27857,142.45536130377045,137544.0827768935,432.0,1415.462248952051,JUNIN,432.0,454.2538528403861,JUNIN,9.936180962215474,3.1887452229455904,1.0
360,11470,1.67998474847625,1068.101895945016,,,LAMBAYEQUE,11470.0,4.577579554050068,LAMBAYEQUE,,2.7247744708408472,
361,519,68.88069104101115,40508.83660129816,519.0,540.117821350642,JUNIN,519.0,173.60929971984925,JUNIN,7.841353116348079,2.52043493025474,0.0
362,442,48.89142422687233,42114.20471049778,442.0,562.2554993371425,JUNIN,442.0,180.4894487592762,JUNIN,11.500084283249585,3.691638188360921,0.0
363,25383,14.024791970860962,13500.594394879688,753.0,172.8956937016919,JUNIN,753.0,55.57361583268672,JUNIN,12.327861551238259,3.962526927183729,1.0
365,8653,39.60710688222548,29661.626768765887,8653.0,395.48835691687833,JUNIN,8653.0,127.12125758042524,JUNIN,9.98528769326401,3.209556758549147,0.0
366,10972,3.9657046626781103,2733.770884240836,10972.0,36.26504953241909,LAMBAYEQUE,10972.0,11.71616093246073,LAMBAYEQUE,9.144667245071313,2.954370516474265,0.0
367,4370,124.93253845052075,95344.94861968567,4370.0,1271.265981595809,LAMBAYEQUE,4370.0,408.62120837008143,LAMBAYEQUE,10.175619557264428,3.270734857692137,0.0
368,25383,63.284306162075566,45571.5629810131,25383.0,567.0367509433781,JUNIN,25383.0,182.2462743248557,JUNIN,8.960148026133952,2.879802045361928,0.0
369,308,31.16741706362328,32991.31608201532,308.0,439.88421442687115,JUNIN,308.0,141.3913546372086,JUNIN,14.113592202039653,4.536511779227032,0.0
370,210,14.860151074255526,9014.750002099823,210.0,120.33491242598728,LORETO,210.0,38.63464286614211,LORETO,8.097825642867221,2.5998822403006865,0.0
372,210,28.07686408016972,16761.58672585988,210.0,223.62606874278805,LORETO,210.0,71.83537168225664,LORETO,7.964780828238289,2.5585254634257004,0.0
375,4370,118.63449639126969,123856.7391642268,4370.0,1651.4231888563577,LAMBAYEQUE,4370.0,530.8145964181147,LAMBAYEQUE,13.92026129912316,4.474369703289584,0.0
376,4370,26.238420070803834,21458.0570504408,4370.0,292.60542007045274,LAMBAYEQUE,4370.0,91.96310164474626,LAMBAYEQUE,11.151792649132954,3.504902406340997,0.0
377,442,54.449410688061775,54712.16336482277,442.0,730.2282813948091,JUNIN,442.0,234.4807001349547,JUNIN,13.411132869339102,4.306395554550335,0.0
378,8653,47.32880737673358,27149.129046520095,8653.0,381.1757396739779,JUNIN,8653.0,116.35341019937184,JUNIN,8.053778677325397,2.4584057078220427,0.0
379,27857,31.09722229145616,19215.721307993976,27857.0,261.7187548200566,JUNIN,27857.0,82.3530913199742,JUNIN,8.416145736976732,2.648245896309536,0.0
381,4370,33.05660809894012,29273.239207778162,4370.0,397.6688660390344,LAMBAYEQUE,4370.0,125.4567394619064,LAMBAYEQUE,12.029935583493357,3.7952090875872067,0.0
382,4370,198.58630549763663,151948.91535597318,4370.0,2017.5087819925384,LAMBAYEQUE,4370.0,648.4849656404589,LAMBAYEQUE,10.15935503174235,3.265506974488613,0.0
384,8653,36.581539017422735,34436.21612084052,8653.0,464.16945505812487,JUNIN,8653.0,147.58378337503078,JUNIN,12.68862567091708,4.034378742368955,0.0
385,27857,56.00595082615273,33892.29358061334,27857.0,497.1693668965376,JUNIN,27857.0,145.25268677405717,JUNIN,8.877081088039983,2.593522378093963,0.0
386,520,45.57483072149506,39412.886886977496,519.0,364.25940879845393,JUNIN,519.0,117.08338139950305,JUNIN,7.992556484179182,2.56903601277188,1.0
389,27857,180.0354829183035,172416.23468963534,432.0,1876.2393066609359,JUNIN,432.0,603.7059324664224,JUNIN,10.421497341789761,3.353260827702348,1.0
390,8653,55.16376647416768,39322.68618647793,8653.0,524.3024824863725,JUNIN,8653.0,168.5257979420482,JUNIN,9.504472156227676,3.055008907358894,0.0
391,432,30.649303253069107,20929.56273343246,432.0,277.103908766721,JUNIN,432.0,89.69812600042484,JUNIN,9.041116089285746,2.9265959248663442,0.0
392,520,67.01110115410768,42510.78539793396,520.0,588.9520160590171,JUNIN,520.0,182.18908027685993,JUNIN,8.788872379586545,2.718789530974481,0.0
393,29146,2.4549183695814856,1271.3804006121102,29146.0,16.95173867482814,LAMBAYEQUE,29146.0,5.448773145480471,LAMBAYEQUE,6.905214806681361,2.219533330719008,0.0
394,4370,19.623328404586694,11153.019061303341,4370.0,148.70692081737786,LAMBAYEQUE,4370.0,47.79865311987145,LAMBAYEQUE,7.578068192683336,2.4358076333625007,0.0
395,25383,117.66641282825684,104538.88930887217,25383.0,1353.267768648165,JUNIN,25383.0,434.9633871585375,JUNIN,11.500884034115693,3.6965806699096024,0.0
396,519,41.05205006712399,19799.08205034066,519.0,304.819525252538,JUNIN,519.0,84.85320878717425,JUNIN,7.42519617787977,2.0669664157680607,0.0
399,4370,2.1695005241309206,1219.3752197911044,4370.0,16.258336263881393,LAMBAYEQUE,4370.0,5.225893799104734,LAMBAYEQUE,7.494045787517988,2.4088004317022107,0.0
401,4370,19.944797383661047,13522.115554157517,4370.0,180.29487405543358,LAMBAYEQUE,4370.0,57.951923803532225,LAMBAYEQUE,9.039694441976769,2.90561607063539,0.0
402,308,23.276850443692858,21543.17009327982,308.0,283.68964966301206,JUNIN,308.0,91.18595882025387,JUNIN,12.187630381922276,3.917452622760731,0.0
403,432,4.05997070639712,4106.352192430967,432.0,54.75136256574621,JUNIN,432.0,17.598652253275567,JUNIN,13.485654583535998,4.334674687565142,0.0
404,8653,36.734700054596146,36066.92505440075,8653.0,483.1502739209642,JUNIN,8653.0,154.57253594743176,JUNIN,13.152421911786202,4.2078072154584545,0.0
405,4370,21.675097746848156,24516.2739361459,4370.0,326.8836524819452,LAMBAYEQUE,4370.0,105.0697454406252,LAMBAYEQUE,15.081069358936496,4.847486579658157,0.0
408,4370,19.17018932346224,16842.61064620852,4370.0,224.56814194944695,LAMBAYEQUE,4370.0,72.18261705517938,LAMBAYEQUE,11.714445703183527,3.765357547451848,0.0
409,4370,105.53846505993894,111660.43629852137,4370.0,1488.8058173136176,LAMBAYEQUE,4370.0,478.54472699366266,LAMBAYEQUE,14.106760188980134,4.534315775029327,0.0
410,27857,66.3174275151427,71213.71868547617,27857.0,950.355222795459,JUNIN,27857.0,305.2016515091834,JUNIN,14.330399389790234,4.602133450358802,0.0
411,520,55.473061745835075,42124.30756693779,520.0,561.6574342258373,JUNIN,520.0,180.5327467154477,JUNIN,10.12486811705515,3.2544218947677273,0.0
413,4370,2.7489623503370653,3055.518281250883,4370.0,40.740243750011786,LAMBAYEQUE,4370.0,13.095078348218072,LAMBAYEQUE,14.82022616461677,4.763644124341104,0.0
414,432,34.78337071740518,18460.164026439707,432.0,244.17859267348442,JUNIN,432.0,79.11498868474162,JUNIN,7.019980744744224,2.2745060945215823,0.0
415,4370,33.593916039693326,38136.84793307976,4370.0,508.49130577439655,LAMBAYEQUE,4370.0,163.44363399891319,LAMBAYEQUE,15.13641056831785,4.865274825530737,0.0
416,27857,68.40888772549535,74915.69569304227,27857.0,1000.3334583735503,JUNIN,27857.0,321.06726725589544,JUNIN,14.622858105625001,4.693356052567958,0.0
417,365,21.667534449348132,12711.355569524074,365.0,169.48474092698768,JUNIN,365.0,54.47723815510319,JUNIN,7.822059372892177,2.5142333698582,0.0
420,753,27.529959851764197,21907.703427322853,8652.0,265.33595616944814,JUNIN,8652.0,87.79939956813949,JUNIN,9.638080026202605,3.189230933895207,1.0
421,8653,39.16465013878331,41900.43049015161,8653.0,558.5695561067256,JUNIN,8653.0,179.57327352922115,JUNIN,14.262084663781913,4.585085603800565,0.0
426,8653,36.581539017422735,34436.21612084052,8653.0,464.16945505812487,JUNIN,8653.0,147.58378337503078,JUNIN,12.68862567091708,4.034378742368955,0.0
427,8653,25.4859306661947,14180.683809335133,8653.0,194.9747248621345,JUNIN,8653.0,60.77435918286489,JUNIN,7.650288601026244,2.384623892251179,0.0
428,340,50.04103406585486,34500.45674670215,340.0,460.0060899560288,JUNIN,340.0,147.85910034300915,JUNIN,9.192577622409898,2.954757092917465,0.0
429,442,52.235328225861444,27708.60916385954,442.0,382.584905249307,JUNIN,442.0,118.75118213082658,JUNIN,7.324255790928316,2.273388263539875,0.0
430,27857,25.757671963215294,15990.741856228015,27857.0,212.2636638556965,JUNIN,27857.0,68.5317508124058,JUNIN,8.240793817035627,2.6606345057222742,0.0
434,27857,8.0836529261512,4863.772844783747,27857.0,64.85030459711663,JUNIN,27857.0,20.844740763358917,JUNIN,8.022400910771568,2.5786288641765753,0.0
435,4370,187.635345900685,139840.9941559234,4370.0,1864.5465887456448,LAMBAYEQUE,4370.0,599.3185463825289,LAMBAYEQUE,9.937075447035152,3.194059965118443,0.0
436,519,13.814791752307679,6964.65041816815,519.0,109.94885859229701,JUNIN,519.0,29.848501792149218,JUNIN,7.958777849396877,2.160619018173995,0.0
437,753,41.30604329261764,39566.065397969214,8652.0,500.7807824447331,JUNIN,8652.0,163.47809372805241,JUNIN,12.123668657807135,3.957728232887167,1.0
438,4370,34.688943220028285,35381.831968354105,4370.0,476.57410947448193,LAMBAYEQUE,4370.0,151.63642272151742,LAMBAYEQUE,13.73850181747028,4.371318600272821,0.0
440,8475,124.30928088939305,89597.81003607824,8475.0,1180.7162122700606,JUNIN,8475.0,379.5159253725195,JUNIN,9.498214484247795,3.0529975127939344,0.0
441,30057,25.423620717178956,27014.29386014629,30057.0,360.1905848019506,LAMBAYEQUE,30057.0,115.77554511491267,LAMBAYEQUE,14.167556573032368,4.55385746990326,0.0
443,25383,64.35740284098237,58401.711752798285,25383.0,738.1054012338468,JUNIN,25383.0,237.232626203935,JUNIN,11.468850025809713,3.6861746393045376,0.0
444,162,39.730193219949825,19689.47135148155,162.0,251.70273996721974,LORETO,162.0,84.38344864920663,LORETO,6.335301179477566,2.123912365138837,0.0
445,520,82.82541820321819,58069.573102428105,520.0,750.4900001790469,JUNIN,520.0,236.17959040331928,JUNIN,9.061107283970061,2.8515351389332615,0.0
446,442,64.01740450409152,57997.16096153114,442.0,773.3222198964141,JUNIN,442.0,248.56785639527598,JUNIN,12.079874619830754,3.882816842088457,0.0
447,519,122.2388080904141,87021.31825429571,519.0,1160.2842433906085,JUNIN,519.0,372.94850680412424,JUNIN,9.491946637211996,3.050982847675285,0.0
448,519,92.31975882800442,62425.37466663168,519.0,857.9477510260384,JUNIN,519.0,267.53731999985007,JUNIN,9.29321915392382,2.8979421458225785,0.0
450,25973,20.152955846181968,18191.09495349023,25383.0,242.52165095790485,JUNIN,25383.0,77.95338780789797,JUNIN,12.0340486432342,3.868087063896706,1.0
451,25383,31.117985737031216,27918.075396850443,25383.0,331.65691648787583,JUNIN,25383.0,106.58847039273002,JUNIN,10.658045777468027,3.4253010877206926,0.0
454,27857,56.00595082615273,33892.29358061334,27857.0,497.1693668965376,JUNIN,27857.0,145.25268677405717,JUNIN,8.877081088039983,2.593522378093963,0.0
457,753,49.514247562871766,46313.69731062375,8652.0,592.8727283833956,JUNIN,8652.0,192.39651621085756,JUNIN,11.973780428160255,3.885679893783259,1.0
458,4370,152.10316385287825,107752.78858753566,4370.0,1450.5863010110538,LAMBAYEQUE,4370.0,461.79766537515286,LAMBAYEQUE,9.53685817090651,3.0360819175452955,0.0
459,4370,28.935794441203026,22489.89814965349,4370.0,299.86530866204663,LAMBAYEQUE,4370.0,96.38527778422926,LAMBAYEQUE,10.363126862522027,3.3310050629535084,0.0
461,442,35.38812586442696,22769.533502071325,442.0,303.5937800276175,JUNIN,442.0,97.58371500887705,JUNIN,8.578973105009714,2.757527069467408,0.0
462,519,59.59596687452616,42254.1558609164,519.0,571.4405524860446,JUNIN,519.0,181.08923940392737,JUNIN,9.588577590982963,3.038615679903208,0.0
463,442,92.99899794026673,70667.31288092144,442.0,942.1176103366794,JUNIN,442.0,302.8235176082184,JUNIN,10.130406038802715,3.2562019410437304,0.0
465,753,112.63364703904385,79775.66224338606,753.0,1065.9934572810196,JUNIN,753.0,340.0957125939983,JUNIN,9.464254113262431,3.01948593102118,0.0
466,520,35.342656183938544,25479.55863868817,520.0,334.70440242452605,JUNIN,520.0,107.21414102925186,JUNIN,9.470267335951743,3.0335620636791663,0.0
467,11129,9.234151910963941,7605.553239234736,10972.0,97.3280720232221,LAMBAYEQUE,10972.0,31.2847878587737,LAMBAYEQUE,10.540012007779733,3.387943815568865,1.0
470,432,19.930629826498304,15570.226020147054,432.0,205.6460859229157,JUNIN,432.0,66.72954008634453,JUNIN,10.318092690151905,3.348089883121798,0.0
472,1,16.655316719039572,14654.457276128014,1.0,195.39276368170695,LORETO,1.0,62.80481689769152,LORETO,11.731554972974076,3.77085695559881,0.0
473,442,55.42083294279921,40142.41640602681,442.0,527.7748697919319,JUNIN,442.0,169.641922433121,JUNIN,9.523041097860391,3.0609774957408407,0.0
476,4370,35.42210408985349,24197.12872420311,4370.0,322.62838298937476,LAMBAYEQUE,4370.0,103.70198024658475,LAMBAYEQUE,9.108108941551844,2.9276064454988076,0.0
477,340,34.00478303984876,23506.389267466882,340.0,313.418523566225,JUNIN,340.0,100.74166828914376,JUNIN,9.216895258497699,2.962573475945689,0.0
478,519,86.15047633967708,65759.65972943921,519.0,874.1723741466999,JUNIN,519.0,280.9839774042963,JUNIN,10.147040518963387,3.26154873823823,0.0
479,8653,30.87234070422402,30568.0311323562,8653.0,407.4708980027867,JUNIN,8653.0,131.00584771009798,JUNIN,13.198574798931125,4.243469873736315,0.0
480,519,75.84660658012393,58761.32888458871,519.0,783.4843851278491,JUNIN,519.0,251.83426664823727,JUNIN,10.329854168230725,3.3203102683598766,0.0
481,25973,40.85894799034075,27385.30492081817,25383.0,365.11111718894404,JUNIN,25383.0,117.35714481073205,JUNIN,8.935891283232696,2.8722507696105106,1.0
482,8653,7.099959709920984,6401.795683999076,8653.0,85.35727578665433,JUNIN,8653.0,27.436267217138905,JUNIN,12.022219741244738,3.864284916828668,0.0
483,365,88.28895810359958,69964.9823127807,8653.0,883.7916553398393,JUNIN,8653.0,284.0758892163768,JUNIN,10.01021729470162,3.21756984472552,1.0
485,442,445.71978523482625,350208.15847702196,442.0,4668.064257033883,JUNIN,442.0,1500.8557130200786,JUNIN,10.473091865496897,3.36726293680088,0.0
486,520,31.283980680963037,17054.741721769577,520.0,243.61155159354928,JUNIN,520.0,73.09175023615535,JUNIN,7.7871020979690115,2.3363954536844864,0.0
487,34252,21.06047179246648,13100.812154723993,34252.0,174.6774953963199,JUNIN,34252.0,56.14633780595996,JUNIN,8.294092227259771,2.665958215904926,0.0
488,8516,5.171552163475765,2516.4023212705833,8516.0,33.552030950274435,JUNIN,8516.0,10.784581376873925,JUNIN,6.487806733776489,2.085366450142443,0.0
489,27857,30.138750596969775,20347.721717498127,27857.0,270.3567286726314,JUNIN,27857.0,87.20452164642053,JUNIN,8.970402664927116,2.8934351928705464,0.0
490,8652,6.9136955345473154,5470.365530973465,8652.0,65.12047570377156,JUNIN,8652.0,23.444423704171985,JUNIN,9.419054596542257,3.391011881709518,0.0
491,340,26.112348750949078,18085.935470599583,340.0,241.14580627466114,JUNIN,340.0,77.51115201685536,JUNIN,9.234933577773102,2.9683715071413537,0.0
492,27857,134.16091130974831,132172.3888738773,432.0,1339.6546957841626,JUNIN,432.0,431.2323075417451,JUNIN,9.985432289522779,3.2142917287295676,1.0
493,442,35.69387969585202,22459.77324727235,442.0,299.4636432969646,JUNIN,442.0,96.25617105973862,JUNIN,8.389775665988061,2.696713606924734,0.0
494,8656,23.820287621515874,16151.948729711894,8656.0,216.65991815467746,JUNIN,8656.0,69.22263741305096,JUNIN,9.095604620616653,2.9060370098354746,0.0
495,34252,2.8199250999437147,2002.3900695108205,365.0,24.701360378583253,JUNIN,365.0,7.939722978830331,JUNIN,8.759580309092708,2.8155793850655138,1.0
496,519,112.85416537373406,90617.36806416915,519.0,1210.8936520358359,JUNIN,519.0,388.360148846439,JUNIN,10.72972050279025,3.4412566657183117,0.0
497,34252,13.215627227084305,9783.276795226002,34252.0,130.44369060301335,JUNIN,34252.0,41.928329122397166,JUNIN,9.870412380857724,3.172632550989984,0.0
498,4370,58.10877490233074,61295.36079883756,4370.0,817.2714773178341,LAMBAYEQUE,4370.0,262.69440342358945,LAMBAYEQUE,14.064510544087437,4.5207355320281035,0.0
499,753,21.136803392833258,22724.275672372813,8652.0,276.2235861034476,JUNIN,8652.0,91.29899490406788,JUNIN,13.068370887014318,4.319432470807016,1.0
500,519,41.69742876594989,31042.82371264386,519.0,413.90431616858484,JUNIN,519.0,133.04067305418795,JUNIN,9.926375040817362,3.190620548834151,0.0
501,520,46.01174354120518,24939.39772218,520.0,331.9876720312502,JUNIN,520.0,106.71032315290194,JUNIN,7.215281284308283,2.319197555670521,0.0
504,28966,1.7245444374202976,1239.6647210262854,8652.0,16.011501163137478,JUNIN,8652.0,5.258597314491093,JUNIN,9.284481637996338,3.049267505311313,1.0
507,25383,3.5608279326234076,3114.1495245722213,25383.0,41.52199366096294,JUNIN,25383.0,13.34635510530952,JUNIN,11.660769474578904,3.7481044739717917,0.0
508,8656,57.270893765301246,42071.115401889074,8656.0,560.9482053585207,JUNIN,8656.0,180.30478029381038,JUNIN,9.794647306488915,3.14827949137144,0.0
511,4370,19.306229121065407,15489.149699051974,4370.0,206.52199598735967,LAMBAYEQUE,4370.0,66.38207013879418,LAMBAYEQUE,10.6971690169169,3.438375755437575,0.0
512,30057,62.26337372034696,60451.554220571576,30057.0,806.0207229409547,LAMBAYEQUE,30057.0,259.0780895167355,LAMBAYEQUE,12.945342900324661,4.1610030751043565,0.0
513,4370,86.32012445134087,95660.60571410517,4370.0,1277.690025413677,LAMBAYEQUE,4370.0,409.9740244890219,LAMBAYEQUE,14.801763013373757,4.7494605353601695,0.0
514,4370,159.24519355750814,114942.13127224807,4370.0,1532.5617502966413,LAMBAYEQUE,4370.0,492.6091340239204,LAMBAYEQUE,9.62391213235072,3.0934003282555884,0.0
516,340,31.177549099381906,19192.969023464004,340.0,255.90625364618666,JUNIN,340.0,82.25558152913145,JUNIN,8.208029849634974,2.638295308811242,0.0
518,25383,13.595403843814076,12447.47767882447,25383.0,165.96636905099294,JUNIN,25383.0,53.34633290924773,JUNIN,12.2075350579974,3.923850554356307,0.0
519,753,42.55629747346637,47713.68543311145,8652.0,609.4157162466297,JUNIN,8652.0,198.39646530723346,JUNIN,14.320224089668448,4.661976654123461,1.0
520,519,74.39647687115806,57432.04331803665,519.0,765.7605775738217,JUNIN,519.0,246.13732850587132,JUNIN,10.292968293377491,3.3084540942999086,0.0
523,520,6.315461215867142,4122.389156810446,520.0,48.331325582638144,JUNIN,520.0,15.535068937276545,JUNIN,7.652857634721778,2.4598470968748574,0.0
524,25383,71.37509100385441,45354.46868187439,753.0,590.7951075930446,JUNIN,753.0,187.1171943402893,JUNIN,8.277328957256817,2.6216035833871594,1.0
525,8653,8.932628515088076,6988.7280763047065,8653.0,93.18304101739608,JUNIN,8653.0,29.951691755591597,JUNIN,10.431760467817606,3.353065864655659,0.0
527,519,25.407870950194713,18228.31971697679,519.0,243.04426289302393,JUNIN,519.0,78.12137021561482,JUNIN,9.565707546667202,3.0746917114287426,0.0
529,519,58.5071518152573,38132.80669919508,519.0,509.845538852535,JUNIN,519.0,163.4263144251217,JUNIN,8.714243011904387,2.7932707259645464,0.0
530,34252,37.12768557567564,32762.11689432477,34252.0,436.8282252576638,JUNIN,34252.0,140.40907240424892,JUNIN,11.765565735771412,3.7817889864979493,0.0
532,8653,48.11680212868452,34232.13413576918,8653.0,461.11043032689685,JUNIN,8653.0,146.7091462961536,JUNIN,9.583147880312039,3.0490211278752852,0.0
533,308,8.862715012868092,8845.69173532565,308.0,117.94255647100863,JUNIN,308.0,37.91010743710994,JUNIN,13.307723005846812,4.277482394736478,0.0
534,8652,9.23771359872458,6841.202730835887,8652.0,83.39830503527058,JUNIN,8652.0,29.31944027501094,JUNIN,9.028024537022354,3.1738849620818486,0.0
537,8656,41.28813905215321,27561.29507725846,8656.0,367.48393436344617,JUNIN,8656.0,118.11983604539341,JUNIN,8.900472213079354,2.860866068489792,0.0
539,8656,128.49936328026837,98814.5020776381,8656.0,1317.5266943685078,JUNIN,8656.0,423.4907231898776,JUNIN,10.25317683088333,3.2956639813553568,0.0
541,4370,172.02555968683197,126602.33981692756,4370.0,1701.4416714699398,LAMBAYEQUE,4370.0,542.5814563582611,LAMBAYEQUE,9.890632965051065,3.154074646500302,0.0
542,4370,15.215980722739845,7987.180183208974,4370.0,106.49573577611966,LAMBAYEQUE,4370.0,34.23077221375275,LAMBAYEQUE,6.998939977425501,2.249659278458197,0.0
543,432,124.66919411094162,95543.80319838012,432.0,1275.978132149633,JUNIN,432.0,410.76484065921807,JUNIN,10.234911208410919,3.2948383406865003,0.0
547,8653,8.955406439440159,7174.898487965399,8653.0,95.6653131728719,JUNIN,8653.0,30.74956494842313,JUNIN,10.682408868854461,3.433631422131793,0.0
548,519,13.939677342341344,11483.898744734164,519.0,153.11864992978883,JUNIN,519.0,49.216708906003554,JUNIN,10.984375475083315,3.530692116991066,0.0
549,10972,7.018928896736099,5456.054856575682,10972.0,72.413039759439,LAMBAYEQUE,10972.0,23.383092242467207,LAMBAYEQUE,10.316821957423173,3.3314331269747828,0.0
550,520,0.6706207366755446,442.24801719868384,520.0,5.896640229315784,JUNIN,520.0,1.8953486451372161,JUNIN,8.79280926883813,2.826260122126542,0.0
551,442,57.77836294505963,51248.62344962649,442.0,683.2017512527466,JUNIN,442.0,219.6005629026686,JUNIN,11.824525937198851,3.8007404798139177,0.0
553,34252,27.16729069097104,15932.057725815643,34252.0,207.89460964234996,JUNIN,34252.0,68.28024739635273,JUNIN,7.652386541122522,2.5133256081014164,0.0
554,4370,102.63533596560846,106270.93546511156,4370.0,1428.3320717082559,LAMBAYEQUE,4370.0,455.4468662790493,LAMBAYEQUE,13.91657228254086,4.437524971240535,0.0
555,432,8.008195609653189,8828.950953494334,432.0,117.71934604659116,JUNIN,432.0,37.83836122926144,JUNIN,14.699858967567005,4.724954668146537,0.0
556,27857,17.79930317910309,10012.545012550578,27857.0,138.93026962660215,JUNIN,27857.0,42.910907196645326,JUNIN,7.805376886310381,2.410819500339991,0.0
559,442,59.905975736254376,30009.803416977422,,,JUNIN,,,JUNIN,,,
561,520,83.6809996373075,61331.07518399263,520.0,792.8332015626111,JUNIN,520.0,254.8392433594108,JUNIN,9.474470967112376,3.0453656680004078,0.0
562,308,22.95079413234522,9789.223874525209,308.0,132.02603281160947,JUNIN,308.0,41.953816605108045,JUNIN,5.752569259707722,1.8279897577043451,0.0
564,365,14.397341851969163,14297.687503650444,365.0,190.63583338200587,JUNIN,365.0,61.27580358707332,JUNIN,13.241043752526588,4.256049777597832,0.0
566,519,124.81800076741695,93116.579130756,519.0,1256.4792566133087,JUNIN,519.0,399.0710534175255,JUNIN,10.066490801712197,3.1972235652223393,0.0
568,520,55.96467590868386,38571.76555434484,520.0,514.2902073912644,JUNIN,520.0,165.30756666147784,JUNIN,9.189550355485283,2.953784042834555,0.0
569,8653,48.11680212868452,34232.13413576918,8653.0,461.11043032689685,JUNIN,8653.0,146.7091462961536,JUNIN,9.583147880312039,3.0490211278752852,0.0
570,27857,27.26072133431508,28506.493138521004,27857.0,379.9847294798647,JUNIN,27857.0,122.17068487937574,JUNIN,13.938909569555298,4.481564643177307,0.0
573,25383,76.3308596465375,48277.64099737399,753.0,628.5374518384995,JUNIN,753.0,199.6450756924304,JUNIN,8.234381936074671,2.615522432433219,1.0
574,4370,30.11468209904429,23502.55053002549,4370.0,315.1001129200966,LAMBAYEQUE,4370.0,100.72521655725208,LAMBAYEQUE,10.463338509892372,3.3447212301951765,0.0
575,25383,105.61167489688425,96691.24096531863,25383.0,1248.6324574007847,JUNIN,25383.0,401.3306085433081,JUNIN,11.822863889053062,3.800059121637395,0.0
577,519,16.397331951491473,12284.543738360024,519.0,166.24067257403385,JUNIN,519.0,52.64804459297153,JUNIN,10.138275730821737,3.210768968312723,0.0
579,4370,27.433497110184362,27201.35633473545,4370.0,362.6847511298059,LAMBAYEQUE,4370.0,116.57724143458047,LAMBAYEQUE,13.220507384571231,4.24944880218361,0.0
580,27857,8.126101152122768,7660.801674043369,27857.0,102.14402232057826,JUNIN,27857.0,32.832007174471585,JUNIN,12.569868428710778,4.040314852085607,0.0
584,340,64.79760097003489,39371.93969238617,340.0,524.9591958984822,JUNIN,340.0,168.73688439594076,JUNIN,8.1015220940239,2.6040606730791116,0.0
585,519,46.920555709069546,38367.24528928664,519.0,511.56327052382187,JUNIN,519.0,164.4310512397999,JUNIN,10.902753873926068,3.504456602333379,0.0
587,308,20.24566618650472,21450.44643979582,308.0,278.5722911049643,JUNIN,308.0,89.47945049092688,JUNIN,13.7596011185176,4.41968417668428,0.0
590,11129,17.82254848813738,16029.6736214397,30057.0,208.573838807863,LAMBAYEQUE,30057.0,67.0415910453845,LAMBAYEQUE,11.702806641075432,3.7616164203456717,1.0
592,8653,30.200057047375616,28771.50047749045,8653.0,383.6200063665395,JUNIN,8653.0,123.3064306178162,JUNIN,12.702625222354541,4.082986678613958,0.0
593,8653,1.7363015070550754,1547.836984746587,8653.0,20.63782646328783,JUNIN,8653.0,6.633587077485372,JUNIN,11.886084518979342,3.820527166814787,0.0
594,11020,2.4767730949650018,1389.3168621322736,11020.0,18.033987973509298,LAMBAYEQUE,11020.0,5.9542151234240315,LAMBAYEQUE,7.281243489833746,2.404021238573802,0.0
595,520,28.529974794909776,22229.17816833104,520.0,291.0094690356671,JUNIN,520.0,94.34085502186866,JUNIN,10.200130603956511,3.3067275979052266,0.0
596,11020,6.105465655817667,4426.86050512075,11020.0,59.123625900769184,LAMBAYEQUE,11020.0,18.972259307660362,LAMBAYEQUE,9.683720986036915,3.107422165184471,0.0
597,365,29.4414409393346,27591.33103175047,365.0,365.41818886830123,JUNIN,365.0,118.24856156464485,JUNIN,12.411695121215761,4.016398579414006,0.0
598,20274,110.49513093396075,68179.77948803236,20274.0,909.65353495297,LORETO,20274.0,292.19905494871006,LORETO,8.232521444738044,2.644451863886633,0.0
599,442,11.769345671605294,6228.332792272239,442.0,85.70380424964873,JUNIN,442.0,26.692854824023883,JUNIN,7.281951489998089,2.26799820217899,0.0
601,29146,2.0016142678954427,1211.4163572597984,29146.0,16.115675988714646,LAMBAYEQUE,29146.0,5.191784388256279,LAMBAYEQUE,8.051339484934402,2.5937986511832154,0.0
602,8653,31.48756404183008,30584.002857901047,520.0,401.33562851772797,JUNIN,520.0,125.20337944825164,JUNIN,12.745845565715031,3.9762802635962413,1.0
603,37783,124.2970193365656,60919.393163675035,,,LORETO,37783.0,261.08311355860724,LORETO,,2.1004776699564993,
605,432,16.237530323752207,10162.997310961868,432.0,135.50663081282488,JUNIN,432.0,43.55570276126514,JUNIN,8.345273456678706,2.682409325361012,0.0
606,4370,34.697074863041735,25834.31307672853,4370.0,351.156928450635,LAMBAYEQUE,4370.0,110.71848461455083,LAMBAYEQUE,10.120649358389478,3.1910034218038588,0.0
610,519,41.69742876594989,31042.82371264386,519.0,413.90431616858484,JUNIN,519.0,133.04067305418795,JUNIN,9.926375040817362,3.190620548834151,0.0
611,27857,39.19624793496734,21456.0116523408,27857.0,301.47045318765566,JUNIN,27857.0,91.95433565288914,JUNIN,7.6913089663031515,2.345998418151035,0.0
613,442,88.21953645225416,57897.167207270635,442.0,779.0724519921255,JUNIN,442.0,248.09432186400073,JUNIN,8.831064901522941,2.812237876564602,0.0
614,27857,85.83579884381562,87359.23406663559,27857.0,1177.4298780926767,JUNIN,27857.0,374.39671742843814,JUNIN,13.717235628401323,4.3617782145848,0.0
615,432,131.00403746340223,99239.12848731548,432.0,1321.2314521518274,JUNIN,432.0,425.3105506599234,JUNIN,10.085425439814642,3.2465453652811256,0.0
617,11470,2.911904737243395,2247.7390613392263,11470.0,35.610218593913146,LAMBAYEQUE,11470.0,9.63316740573954,LAMBAYEQUE,12.229183921594968,3.308201426554546,0.0
619,25383,87.9427348437055,59365.60090103763,25383.0,750.9572565437053,JUNIN,25383.0,241.36357969638945,JUNIN,8.539161965776131,2.744553943260329,0.0
621,442,209.87509059755357,197073.08442484224,442.0,2628.907295041923,JUNIN,442.0,844.5989332493237,JUNIN,12.52605674907362,4.024293358704899,0.0
622,4370,119.49703265928727,92174.2369081328,4370.0,1228.9898254417708,LAMBAYEQUE,4370.0,395.03244389199773,LAMBAYEQUE,10.284689067936066,3.3057929146937353,0.0
623,8656,66.85223533991949,50397.90018565426,8656.0,671.9720024753904,JUNIN,8656.0,215.9910007956612,JUNIN,10.051601102919824,3.2308717830813722,0.0
625,8653,55.16376647416768,39322.68618647793,8653.0,524.3024824863725,JUNIN,8653.0,168.5257979420482,JUNIN,9.504472156227676,3.055008907358894,0.0
630,27857,82.48450320482767,69434.17985237311,27857.0,936.5413654976091,JUNIN,27857.0,297.5750565101704,JUNIN,11.354149314228943,3.6076480423386226,0.0
631,8653,54.441291146185854,40267.531688853465,8653.0,536.900422518046,JUNIN,8653.0,172.5751358093719,JUNIN,9.862007516984855,3.1699309876022745,0.0
632,340,49.07308235327628,36132.81428275023,340.0,481.7708571033366,JUNIN,340.0,154.85491835464387,JUNIN,9.81741586222517,3.1555979557152325,0.0
633,27857,25.729737339744787,17416.058473774032,27857.0,232.214112983654,JUNIN,27857.0,74.64025060188872,JUNIN,9.025125671413376,2.900933251525726,0.0
634,4370,28.813279623165524,31848.554963761217,4370.0,424.6473995168159,LAMBAYEQUE,4370.0,136.49380698754794,LAMBAYEQUE,14.73790575285309,4.737183991988492,0.0
635,519,27.403177808243274,18147.168080135278,519.0,271.25530030326473,JUNIN,519.0,77.77357748629403,JUNIN,9.898680445071125,2.8381225721528764,0.0
636,365,59.876909745585614,36198.8055752462,27857.0,473.945968457164,JUNIN,27857.0,150.59452467789737,JUNIN,7.915337823393688,2.515068418155963,1.0
637,8653,58.2607406149415,39814.750371570044,8653.0,546.9666264712096,JUNIN,8653.0,170.63464444958603,JUNIN,9.388253920186779,2.928810081171972,0.0
638,519,26.07983464158734,22599.95336006506,519.0,324.2898631685708,JUNIN,519.0,96.85694297170738,JUNIN,12.43450610884828,3.7138633853627923,0.0
639,519,70.31493234806385,57082.38368448025,519.0,761.0984491264034,JUNIN,519.0,244.63878721920105,JUNIN,10.824136832826811,3.4791868391229035,0.0
640,753,13.526758162996176,11081.689064595295,8652.0,126.07670971539063,JUNIN,8652.0,43.5849545028392,JUNIN,9.320541418437296,3.2221286118702324,1.0
642,4370,21.866219303359838,16518.219020373723,4370.0,220.24292027164967,LAMBAYEQUE,4370.0,70.7923672301731,LAMBAYEQUE,10.072290834374298,3.2375220539060243,0.0
643,4370,31.8442177053625,33200.72504533527,4370.0,442.67633393780324,LAMBAYEQUE,4370.0,142.2888216228653,LAMBAYEQUE,13.901309745890146,4.468278132607546,0.0
644,519,9.480880755522337,7963.234562654233,519.0,106.17646083538978,JUNIN,519.0,34.128148125661,JUNIN,11.199008148430206,3.5996811905668515,0.0
649,1,69.40322717918625,53219.70082854352,1.0,709.5960110472472,LORETO,1.0,228.0844321223293,LORETO,10.224250944631178,3.286366375060019,0.0
650,519,29.44179504476146,25993.8690964991,519.0,346.58492128665466,JUNIN,519.0,111.40229612785329,JUNIN,11.771867875573777,3.7838146742915715,0.0
652,4370,57.49179629649842,67005.52539210283,4370.0,893.4070052280372,LAMBAYEQUE,4370.0,287.16653739472616,LAMBAYEQUE,15.539730235954565,4.994913290128252,0.0
653,519,34.53255427243908,31140.911117918866,519.0,415.21214823891825,JUNIN,519.0,133.4610476482237,JUNIN,12.023789058960661,3.8647893403802125,0.0
654,432,9.272385068511886,5766.233353226713,432.0,74.9261836973111,JUNIN,432.0,24.712428656685905,JUNIN,8.080572920957856,2.665164191746835,0.0
655,340,30.401050096367854,30341.38453522235,340.0,404.09184371675525,JUNIN,340.0,130.03450515095292,JUNIN,13.292035717050243,4.277303077977846,0.0
656,30057,46.42441178085283,52044.7113437547,30057.0,693.9294845833961,LAMBAYEQUE,30057.0,223.04876290180587,LAMBAYEQUE,14.947512697825902,4.804557652872611,0.0
658,8656,33.168853094973564,36494.922723936055,8656.0,486.5989696524808,JUNIN,8656.0,156.40681167401164,JUNIN,14.670358612014246,4.715472411004577,0.0
660,442,8.58855470698132,4124.291216015532,442.0,54.99054954687375,JUNIN,442.0,17.675533782923708,JUNIN,6.402771062536745,2.0580335558153826,0.0
661,365,63.748657215217435,39606.98477372508,365.0,528.0931303163344,JUNIN,365.0,169.7442204588218,JUNIN,8.283988296937387,2.6627105240155893,0.0
664,442,26.533351384761623,15930.342046518143,442.0,213.35410460435108,JUNIN,442.0,67.96754788964608,JUNIN,8.040978371352008,2.5615892581394957,0.0
665,520,17.733338800168898,12658.799714189605,520.0,168.78399618919474,JUNIN,520.0,54.2519987750983,JUNIN,9.51789158776954,3.05932229606878,0.0
666,4370,1.8215271943182227,1994.0523287545955,4370.0,26.587364383394615,LAMBAYEQUE,4370.0,8.545938551805413,LAMBAYEQUE,14.596194043287928,4.6916337996282635,0.0
667,8656,19.82308843052229,16736.399195060356,8656.0,223.73177283823244,JUNIN,8656.0,71.91378412657474,JUNIN,11.286423587443869,3.6277790102498164,0.0
668,4370,43.2170091140548,40209.22681499041,4370.0,526.2118415354646,LAMBAYEQUE,4370.0,169.1395204935421,LAMBAYEQUE,12.17603560086098,3.9137257288481697,0.0
669,4370,20.653341377742418,13889.233496566845,4370.0,185.18977995422458,LAMBAYEQUE,4370.0,59.525286413857906,LAMBAYEQUE,8.966577202553719,2.8821141008208384,0.0
670,27857,70.0974679514568,63065.30980103069,27857.0,851.623098146377,JUNIN,27857.0,270.2798991472744,JUNIN,12.149127822079599,3.855772641237854,0.0
671,432,1.67779984337052,1185.032923077595,432.0,15.800438974367932,JUNIN,432.0,5.078712527475408,JUNIN,9.417356329361997,3.0270073915806424,0.0
672,8475,111.56887088435076,83774.53717148221,8475.0,1103.0725740754472,JUNIN,8475.0,354.5590416671079,JUNIN,9.886920655662653,3.177938782177281,0.0
675,442,48.0253713882401,25443.34854885184,442.0,331.7872983629325,JUNIN,442.0,106.64591733094261,JUNIN,6.908583708405777,2.2206161919875713,0.0
676,519,58.476372636124495,45108.13849673536,519.0,601.4418466231382,JUNIN,519.0,193.32059355743726,JUNIN,10.285211265850476,3.3059607640233675,0.0
679,4370,226.37314437792827,167936.5901356415,4370.0,2211.1185908098983,LAMBAYEQUE,4370.0,710.7166899031818,LAMBAYEQUE,9.767583504156537,3.139580412050316,0.0
681,30057,36.83281630657844,32458.745933526992,30057.0,436.26096634716816,LAMBAYEQUE,30057.0,139.10891114368718,LAMBAYEQUE,11.844355389931202,3.7767655339144395,0.0
682,340,5.748817395769383,3161.662649724345,340.0,41.92323216409648,JUNIN,340.0,13.549982784532908,JUNIN,7.292496748104791,2.3570035107576186,0.0
683,8653,18.33432516844576,20788.028621841746,8653.0,277.1737149578899,JUNIN,8653.0,89.09155123646464,JUNIN,15.117748398774937,4.859276271034803,0.0
685,519,54.52309096142363,39038.55166686839,519.0,520.5140222249119,JUNIN,519.0,167.30807857229308,JUNIN,9.546671200156055,3.068572885764446,0.0
687,8475,33.394190609976185,18175.9734344228,37650.0,232.84714485584004,JUNIN,37650.0,74.84372513223433,JUNIN,6.972684188557014,2.2412199177504695,1.0
688,4370,139.95601732278922,104108.64462850895,4370.0,1388.115261713453,LAMBAYEQUE,4370.0,446.17990555075266,LAMBAYEQUE,9.918224941425397,3.1880008740295915,0.0
689,4370,9.586633790644239,9471.121165448621,4370.0,126.28161553931497,LAMBAYEQUE,4370.0,40.5905192804941,LAMBAYEQUE,13.172675445530773,4.2340742503491775,0.0
691,25383,75.67456250319508,48195.10707862066,753.0,627.4369995884553,JUNIN,753.0,199.29135889777342,JUNIN,8.291253742787928,2.633531695533213,1.0
692,8653,39.65477958900503,30275.777170133042,8653.0,403.67702893510744,JUNIN,8653.0,129.75333072914157,JUNIN,10.179782440324894,3.272072927247285,0.0
693,8024,0.4499215408702244,187.46730869592685,8024.0,2.499564115945691,JUNIN,8024.0,0.8034313229825436,JUNIN,5.555555555555555,1.7857142857142858,0.0
694,8653,56.69408340288312,40139.239631078744,8653.0,535.1898617477168,JUNIN,8653.0,172.02531270462316,JUNIN,9.439959685819707,3.0342727561563323,0.0
697,8475,111.91084340040163,77149.86763180998,8475.0,1025.4329073045897,JUNIN,8475.0,326.1676007827984,JUNIN,9.162945038629827,2.914530807491241,0.0
698,1,27.794667097808702,22974.085447123856,1.0,306.3211392949848,LORETO,1.0,98.46036620195936,LORETO,11.020860160585798,3.5424193373311477,0.0
699,25383,75.83020073621552,48364.80361331974,753.0,629.6996200511096,JUNIN,753.0,200.01862976076944,JUNIN,8.304074286201557,2.637717265928892,1.0
700,8656,39.086268262639805,31311.0986089955,8656.0,419.01767701331823,JUNIN,8656.0,134.1904226099807,JUNIN,10.720329559162133,3.433185836731443,0.0
701,340,63.24873294117117,67357.35779577996,340.0,898.0981039437327,JUNIN,340.0,288.6743905533427,JUNIN,14.19946396047286,4.564113415866277,0.0
704,17589,1.4330418486200258,597.100770258344,17589.0,8.715005079908462,LAMBAYEQUE,17589.0,2.559003301107188,LAMBAYEQUE,6.081472839261978,1.7857142857142851,0.0
706,519,81.9686207910939,47330.78656361036,519.0,631.0771541814711,JUNIN,519.0,202.84622812975863,JUNIN,7.699009060916629,2.47468148386606,0.0
707,308,11.946004554422483,10505.709921381154,308.0,140.076132285082,JUNIN,308.0,45.024471091633536,JUNIN,11.725772549887816,3.7689983196068013,0.0
708,27857,39.19624793496734,21456.0116523408,27857.0,301.47045318765566,JUNIN,27857.0,91.95433565288914,JUNIN,7.6913089663031515,2.345998418151035,0.0
709,4370,126.45649195956507,96233.92149996152,4370.0,1283.1189533328204,LAMBAYEQUE,4370.0,412.43109214269225,LAMBAYEQUE,10.146722666821269,3.2614465714782646,0.0
710,520,41.50335205535579,38882.341380665704,520.0,518.4312184088764,JUNIN,520.0,166.63860591713888,JUNIN,12.491309562596536,4.015063787977459,0.0
711,8653,66.06740537562614,45626.636764810944,8653.0,608.3551568641461,JUNIN,8653.0,195.54272899204682,JUNIN,9.20809820523969,2.959745851684184,0.0
712,8653,22.0487421203493,17866.88308606053,8653.0,238.22510781414036,JUNIN,8653.0,76.57235608311657,JUNIN,10.804476124480445,3.4728673257258587,0.0
713,27694,2.6256201917453343,1524.326653313036,27694.0,20.324355377507143,JUNIN,27694.0,6.532828514198726,JUNIN,7.740782707797844,2.48810872750645,0.0
714,442,224.2912920500367,195353.46539740614,442.0,2616.5108550254613,JUNIN,442.0,837.2291374174548,JUNIN,11.665681851089204,3.7327759351026386,0.0
716,520,43.494950258884295,40088.19125489214,520.0,534.5092167318953,JUNIN,520.0,171.80653394953785,JUNIN,12.288994781014061,3.9500340367545217,0.0
717,520,128.84112481795918,83911.13777431847,519.0,919.0628514916527,JUNIN,519.0,294.14106352713105,JUNIN,7.1333035379053475,2.2829749735787055,1.0
718,340,59.46314020319718,45743.60235819529,340.0,609.9146981092705,JUNIN,340.0,196.04401010655127,JUNIN,10.257021341709716,3.296899716978124,0.0
719,432,2.2082225671372457,1848.585726675,432.0,24.647809688999995,JUNIN,432.0,7.922510257178568,JUNIN,11.161832170275108,3.5877317690169983,0.0
720,4370,55.11326948600968,54034.14686716724,4370.0,733.6934815893306,LAMBAYEQUE,4370.0,231.57491514500228,LAMBAYEQUE,13.312465190902461,4.201799626563378,0.0
721,365,23.248327916869417,16544.29694887093,365.0,220.59062598494586,JUNIN,365.0,70.90412978087544,JUNIN,9.488451245772442,3.0498593289982843,0.0
723,753,65.98438714823378,74006.22736317488,8652.0,959.9603965502696,JUNIN,8652.0,311.0787878646481,JUNIN,14.548296014233197,4.714430205524382,1.0
726,11020,4.033307256232121,2179.6976812125818,11020.0,28.572398894580076,LAMBAYEQUE,11020.0,9.341561490911065,LAMBAYEQUE,7.084111643225553,2.3161046003814416,0.0
728,308,17.331064384273894,13618.792480255099,308.0,181.58389973673462,JUNIN,308.0,58.36625348680757,JUNIN,10.477365712258434,3.367724693225926,0.0
731,8653,49.19603086952533,39785.70195049578,8653.0,530.4760260066105,JUNIN,8653.0,170.5101512164105,JUNIN,10.782902942180563,3.4659330885580375,0.0
732,8656,40.829437980053186,35510.653165742566,8656.0,473.47537554323424,JUNIN,8656.0,152.1885135674682,JUNIN,11.596421576376974,3.727421220978314,0.0
733,519,43.36514707115405,33205.67790447894,519.0,452.92889307448127,JUNIN,519.0,142.31004816205257,JUNIN,10.444537230124233,3.2816687541390914,0.0
736,4370,128.863252738538,109535.63873083421,4370.0,1460.4751830777877,LAMBAYEQUE,4370.0,469.4384517035746,LAMBAYEQUE,11.333527223940827,3.6429194648381227,0.0
737,8475,193.03423992061468,156911.19211205252,8475.0,2078.2279732830516,JUNIN,8475.0,668.0018485552667,JUNIN,10.766110582960426,3.460535544522995,0.0
738,365,74.51112297055833,66767.26163875421,365.0,887.7639302950175,JUNIN,365.0,286.14540702323234,JUNIN,11.914515509929984,3.84030458293183,0.0
739,27857,12.863591834490363,8426.212579497724,27857.0,117.77917051923076,JUNIN,27857.0,36.112339626418795,JUNIN,9.156009614937927,2.807329406207758,0.0
740,25973,34.17312081658778,16340.848386141886,25383.0,244.59562855251704,JUNIN,25383.0,70.02375966211935,JUNIN,7.157544371358359,2.0490888156790614,1.0
741,8653,77.47705585017201,51827.10324601057,8653.0,691.0280432801411,JUNIN,8653.0,222.1161567686166,JUNIN,8.919131421520156,2.8668636712029048,0.0
742,340,44.98385317980473,36954.808381201605,340.0,498.8089546763083,JUNIN,340.0,158.3777502051497,JUNIN,11.088622237017393,3.5207688761587144,0.0
743,520,22.071928094284164,25423.740741162328,520.0,338.98320988216454,JUNIN,520.0,108.95888889069577,JUNIN,15.358114997209919,4.936536963388903,0.0
744,365,47.660612611194125,44832.46533991379,365.0,597.759386934688,JUNIN,365.0,192.13913717105916,JUNIN,12.541999655167908,4.031403010668208,0.0
746,30057,10.580683750932668,11660.966261593145,30057.0,155.4795501545753,LAMBAYEQUE,30057.0,49.97556969254203,LAMBAYEQUE,14.694659987438907,4.723283567391075,0.0
747,8656,53.55894381406028,38966.581541433225,8656.0,519.5544205524429,JUNIN,8656.0,166.999635177571,JUNIN,9.700609899182696,3.1180531818801533,0.0
748,432,23.628386150847057,18725.33385380784,432.0,249.67111805077113,JUNIN,432.0,80.25143080203358,JUNIN,10.566575154851218,3.3963991569164635,0.0
749,8656,12.396806890207383,6184.444477950016,8656.0,82.45925970600021,JUNIN,8656.0,26.504762048357215,JUNIN,6.651653158454642,2.138031372360421,0.0
750,442,17.724061264352336,9675.873450080418,442.0,129.01164600107228,JUNIN,442.0,41.46802907177323,JUNIN,7.278898672086403,2.339646001742058,0.0
751,4370,118.65529372739591,117048.44558931117,4370.0,1570.8894373462472,LAMBAYEQUE,4370.0,501.63619538276214,LAMBAYEQUE,13.239101164380244,4.227676487281251,0.0
755,4370,142.6856620449454,97252.448557632,4370.0,1310.665678961969,LAMBAYEQUE,4370.0,416.79620810413724,LAMBAYEQUE,9.185685934926768,2.9210798207100037,0.0
757,34252,22.627353680264253,18808.888913683306,34252.0,250.78518551577736,JUNIN,34252.0,80.60952391578563,JUNIN,11.083275095245188,3.562481280614527,0.0
758,4370,112.80118067845429,115564.64576753322,4370.0,1540.8619435671092,LAMBAYEQUE,4370.0,495.2770532894276,LAMBAYEQUE,13.659980634062842,4.390708060948768,0.0
760,4370,30.922402965526057,22820.80859301712,4370.0,304.27744790689485,LAMBAYEQUE,4370.0,97.80346539864475,LAMBAYEQUE,9.840032427173256,3.162867565877117,0.0
764,442,171.14877857037405,118012.28882156395,442.0,1572.1193282944444,JUNIN,442.0,505.7305573538288,JUNIN,9.18568827324707,2.9549177129878217,0.0
766,308,21.366485268369676,19375.847193031586,308.0,233.92647540588538,JUNIN,308.0,75.19065280903457,JUNIN,10.948289925446154,3.5190931903219775,0.0
769,4370,102.39247483936967,118866.57291690723,4370.0,1584.8876388920958,LAMBAYEQUE,4370.0,509.4281696438878,LAMBAYEQUE,15.478555835069143,4.9752500898436525,0.0
770,8653,55.16376647416768,39322.68618647793,8653.0,524.3024824863725,JUNIN,8653.0,168.5257979420482,JUNIN,9.504472156227676,3.055008907358894,0.0
771,8750,3.3012869910412777,2431.616682187621,11020.0,28.610868939009166,LAMBAYEQUE,26707.0,9.47235167195755,LAMBAYEQUE,8.666580341742675,2.8692905820253523,1.0
773,520,22.70457398879396,12260.152035946974,520.0,165.61722140206143,JUNIN,520.0,52.543508725487044,JUNIN,7.294443026493395,2.31422570409911,0.0
774,27857,131.2473318685025,95884.42807978606,,,JUNIN,27857.0,407.6673711779911,JUNIN,,3.1061002564717697,
775,520,46.372161826048874,32526.220510193758,520.0,420.57267800707433,JUNIN,520.0,134.4844433905024,JUNIN,9.069507684043833,2.9001115776094304,0.0
776,1,89.9700006581462,73614.4115330911,1.0,980.8561553735746,LORETO,1.0,315.4903351418188,LORETO,10.902035658535524,3.50661701493778,0.0
777,20274,40.617537438482096,25854.231816255276,20274.0,345.3128993292761,LORETO,20274.0,110.80385064109406,LORETO,8.501571515808287,2.7279805135629824,0.0
778,27857,82.48450320482767,69434.17985237311,27857.0,880.1473842985463,JUNIN,27857.0,279.51511203567424,JUNIN,10.670457481121531,3.388698496996157,0.0
779,10972,17.62882689568669,14591.875702229645,10972.0,194.3731137722699,LAMBAYEQUE,10972.0,62.53661015241277,LAMBAYEQUE,11.025867740514707,3.5474062183748503,0.0
781,520,8.808386547241703,5747.8636877675735,520.0,76.63818250356766,JUNIN,520.0,24.633701519003885,JUNIN,8.700592565112448,2.796619038786143,0.0
782,8653,48.12790461539906,37257.50423489312,8653.0,496.7667231319083,JUNIN,8653.0,159.67501814954187,JUNIN,10.321802436687888,3.317722211792534,0.0
784,4370,152.08629299141722,140582.63746430055,4370.0,1874.4351661906746,LAMBAYEQUE,4370.0,602.497017704145,LAMBAYEQUE,12.32481329725392,3.961547131260186,0.0
785,432,42.298308461576134,33654.375033269,432.0,448.7250004435867,JUNIN,432.0,144.23303585686713,JUNIN,10.608580266305669,3.4099007998839648,0.0
787,753,23.70840783745245,21140.40240107064,8652.0,247.77433436022204,JUNIN,8652.0,82.15459255803106,JUNIN,10.450905689618263,3.4652091832269933,1.0
788,4370,33.20043862135236,22901.157200910784,4370.0,305.34876267881043,LAMBAYEQUE,4370.0,98.14781657533193,LAMBAYEQUE,9.197130380151965,2.9562204793345606,0.0
789,8653,32.07962723066005,31697.49831802795,8653.0,422.63331090703946,JUNIN,8653.0,135.8464213629769,JUNIN,13.1745081658277,4.234663339016044,0.0
792,432,32.42661292042527,25413.629173032547,432.0,338.8483889737674,JUNIN,432.0,108.91555359871087,JUNIN,10.449700368191383,3.3588322612043706,0.0
794,27857,45.33404584188135,33928.49049079088,27857.0,472.93325551877695,JUNIN,27857.0,145.4078163891038,JUNIN,10.432187260945126,3.207474949318784,0.0
795,4370,120.37794283137133,139259.47326262016,4370.0,1856.7929768349347,LAMBAYEQUE,4370.0,596.8263139826573,LAMBAYEQUE,15.42469436810347,4.9579374754618275,0.0
796,520,30.24051596223112,29508.034675135805,520.0,393.4404623351442,JUNIN,520.0,126.4630057505821,JUNIN,13.010375313256278,4.181906350689519,0.0
797,25383,2.1626879763164837,2090.4865025020235,25383.0,27.873153366693643,JUNIN,25383.0,8.959227867865813,JUNIN,12.888199163231828,4.142635445324516,0.0
798,11129,32.26224317704261,37918.47002020188,10972.0,501.50029576945076,LAMBAYEQUE,30057.0,184.2040090295294,LAMBAYEQUE,15.544495558396626,5.709584668948455,1.0
799,519,25.053157200167675,9053.703765513696,519.0,144.76266888717532,JUNIN,519.0,38.80158756648727,JUNIN,5.778220594337166,1.5487703707949265,0.0
800,519,104.81523657324976,78080.05576617122,519.0,1041.0674102156156,JUNIN,519.0,334.628810426448,JUNIN,9.932405290027365,3.1925588432230825,0.0
802,432,44.74909399877946,29829.373865122703,432.0,397.7249848683027,JUNIN,432.0,127.84017370766873,JUNIN,8.887889101825184,2.856821497015238,0.0
803,520,27.869721602664026,19473.654286593603,520.0,263.7404125564988,JUNIN,520.0,83.45851837111543,JUNIN,9.463331436051671,2.9945946199598117,0.0
804,66,11.258080598537356,5531.76900513791,66.0,77.82668487827905,LORETO,66.0,25.01572013944684,LORETO,6.912962133917415,2.222023543044884,0.0
805,210,19.47297616183091,12459.642766690476,210.0,166.2668159538626,LORETO,210.0,53.39846900010204,LORETO,8.538336131677864,2.742183246994811,0.0
806,8653,39.16465013878331,41900.43049015161,8653.0,558.5695561067256,JUNIN,8653.0,179.57327352922115,JUNIN,14.262084663781913,4.585085603800565,0.0
807,4370,28.07273010903929,25299.464086465894,4370.0,335.8504453837456,LAMBAYEQUE,4370.0,107.51564974160924,LAMBAYEQUE,11.963583309469543,3.829896462652547,0.0
809,25973,8.738583920632573,9721.870966277127,25383.0,129.5986644617302,JUNIN,25383.0,41.65671357698469,JUNIN,14.830625378070266,4.766986728665441,1.0
810,442,33.06902256377954,19149.007643327986,442.0,256.269645895149,JUNIN,442.0,81.76182901883111,JUNIN,7.749537967168126,2.4724598031628773,0.0
811,519,55.553779036958176,37712.68720194688,519.0,502.8358293592914,JUNIN,519.0,161.62580229405793,JUNIN,9.051334366016226,2.9093574747909297,0.0
813,519,86.15047633967708,65759.65972943921,519.0,874.8266287084016,JUNIN,519.0,281.1942735134147,JUNIN,10.154634842169704,3.2639897706974037,0.0
814,519,58.91723812546471,38255.8325922573,519.0,511.9545541621731,JUNIN,519.0,163.9535682525312,JUNIN,8.689384812505331,2.7827775616940973,0.0
816,1,83.08600053913507,75688.93221720013,1.0,1009.1857628960016,LORETO,1.0,324.38113807371474,LORETO,12.146279232933544,3.9041611820143527,0.0
817,4370,51.72768159273234,56509.540816638764,4370.0,753.46054422185,LAMBAYEQUE,4370.0,242.18374635702315,LAMBAYEQUE,14.565905933192067,4.681898335668877,0.0
818,20274,46.02062338542541,30290.96786229882,20274.0,404.46937994319,LORETO,20274.0,129.81843369556634,LORETO,8.788872253114334,2.820875167385921,0.0
819,30057,51.533302009414115,58861.72663585434,30057.0,785.1717491657414,LAMBAYEQUE,30057.0,252.26454272509014,LAMBAYEQUE,15.23620103020579,4.895175214640941,0.0
820,365,17.547881881093193,13361.345887569229,365.0,178.15127850092304,JUNIN,365.0,57.26291094672528,JUNIN,10.152295286012297,3.2632377705039537,0.0
823,34252,51.658131860319834,44409.85274755224,34252.0,614.3597131730282,JUNIN,34252.0,196.9358170448059,JUNIN,11.892797727068725,3.812290726604425,0.0
825,8653,35.45978810039968,18091.065462761588,8653.0,258.471414138702,JUNIN,8653.0,77.53313769754965,JUNIN,7.289141531440475,2.1865087709499242,0.0
826,8653,12.294894819414509,11439.160892776114,8653.0,152.5221452370149,JUNIN,8653.0,49.02497525475477,JUNIN,12.40532330509828,3.9874253480673025,0.0
827,8653,39.16465013878331,41900.43049015161,8653.0,558.5695561067256,JUNIN,8653.0,179.57327352922115,JUNIN,14.262084663781913,4.585085603800565,0.0
828,34252,37.79800918160875,31591.43908512442,34252.0,421.2191878016592,JUNIN,34252.0,135.3918817933903,JUNIN,11.143951676867955,3.5819844675646957,0.0
830,753,18.518469219094783,10581.236185984746,753.0,141.08314914646328,JUNIN,753.0,45.34815508279177,JUNIN,7.618510335670158,2.448806893608265,0.0
831,432,12.074471585005842,8505.544218449413,432.0,113.40725624599217,JUNIN,432.0,36.4523323647832,JUNIN,9.392316297039619,3.018958809762735,0.0
832,442,458.5765530306307,363797.97922439344,442.0,4849.26186699884,JUNIN,442.0,1559.097801937385,JUNIN,10.574596182362887,3.3998637558629055,0.0
833,432,90.67764949787717,93223.97011932092,432.0,1241.0293405785676,JUNIN,432.0,399.5313005113755,JUNIN,13.686165747024805,4.4060615016352935,0.0
834,11020,5.136033740421827,3057.9045852844474,11020.0,40.20696028013188,LAMBAYEQUE,11020.0,13.105305365504776,LAMBAYEQUE,7.828406570559181,2.5516392663784226,0.0
835,365,3.6539390897051134,2536.8696039337497,365.0,33.82492805244999,JUNIN,365.0,10.87229830257321,JUNIN,9.257113274753518,2.9755006954564873,0.0
837,4370,58.98268854050187,62485.67006265814,4370.0,836.2752373262708,LAMBAYEQUE,4370.0,267.79572883996315,LAMBAYEQUE,14.178316689515137,4.540242831692469,0.0
838,308,26.160626768224407,16667.836774517975,308.0,227.63887653889182,JUNIN,308.0,71.43358617650564,JUNIN,8.701583435125865,2.730576251455539,0.0
840,4317,3.329829820252604,2202.4091404830538,,,LAMBAYEQUE,29146.0,8.984675681455698,LAMBAYEQUE,,2.6982386988095723,
841,432,28.57048735694508,32259.339997803414,432.0,428.16760562500036,JUNIN,432.0,138.2543142763003,JUNIN,14.986359885139267,4.839060410451579,0.0
842,27857,169.6042064796231,164913.30110620143,432.0,1776.2001922151505,JUNIN,432.0,571.5505028231343,JUNIN,10.47261874621341,3.3699075906575615,1.0
844,8653,86.41754756239614,56179.2299969049,8653.0,749.0563999587323,JUNIN,8653.0,240.76812855816377,JUNIN,8.66787384145437,2.7861023061817596,0.0
845,753,28.14033418569783,19854.75273443197,8652.0,232.33791315637276,JUNIN,8652.0,76.64466541529394,JUNIN,8.256402060585948,2.723658678305539,1.0
846,11470,0.8107843487260484,456.57463311118545,11470.0,11.369344790643925,LAMBAYEQUE,11470.0,1.956748427619366,LAMBAYEQUE,14.022649559661705,2.413401825891093,0.0
848,4370,108.54956212172571,105589.46595042352,4370.0,1407.859546005646,LAMBAYEQUE,4370.0,452.5262826446718,LAMBAYEQUE,12.969739522550034,4.168844846533938,0.0
849,36915,2.5923717962820683,1060.133489881011,36915.0,14.13511319841348,LORETO,36915.0,4.543429242347191,LORETO,5.452579455881212,1.7526148251046756,0.0
850,753,18.78465599515507,15779.888782829566,8652.0,190.05228584809578,JUNIN,8652.0,63.720096152414676,JUNIN,10.11742168167008,3.392135377344644,1.0
852,25383,87.84342975338417,59288.18945727383,25383.0,749.9251039601878,JUNIN,25383.0,241.03181636597313,JUNIN,8.537065390838714,2.7438798444306802,0.0
853,520,41.17082531490649,34973.18935147349,520.0,466.30919135298,JUNIN,520.0,149.88509722060076,JUNIN,11.326204606934272,3.6405657665145883,0.0
855,365,14.998267381319911,13683.815645859357,365.0,182.45087527812473,JUNIN,365.0,58.64492419654007,JUNIN,12.16479681548845,3.9101132621212855,0.0
856,25973,26.675306832532677,21489.58843078427,25383.0,286.5015639884921,JUNIN,25383.0,92.08978842487245,JUNIN,10.740328716259805,3.4522485159406515,1.0
857,30057,21.745041905856553,18618.58042230876,30057.0,248.24773896411682,LAMBAYEQUE,30057.0,79.79391609560898,LAMBAYEQUE,11.416291586784972,3.6695222957523126,0.0
858,753,22.708108409715493,17102.420944074434,8652.0,193.93458160027274,JUNIN,8652.0,64.84895774233306,JUNIN,8.540323046780035,2.8557622049482516,1.0
859,432,47.920426404891785,31067.835400575113,432.0,414.2378053410015,JUNIN,432.0,133.14786600246475,JUNIN,8.64428462804153,2.7785200590133488,0.0
860,365,29.08652123080954,16321.54100762252,365.0,238.88468444183533,JUNIN,365.0,69.94946146123935,JUNIN,8.212899801465417,2.4048754715688117,0.0
861,4370,73.92497305920612,82316.17630656295,4370.0,1097.5490174208392,LAMBAYEQUE,4370.0,352.7836127424121,LAMBAYEQUE,14.846796312550806,4.772184529034181,0.0
863,340,49.96184294634703,36006.080488418076,340.0,480.08107317890773,JUNIN,340.0,154.31177352179176,JUNIN,9.608954451389167,3.0885925022322316,0.0
867,365,51.85340922387684,32187.05531439181,27857.0,420.45596497910543,JUNIN,27857.0,133.4013092742357,JUNIN,8.108550069751226,2.572662266009863,1.0
868,4370,161.40379114178953,122031.1320783635,4370.0,1627.0817610448469,LAMBAYEQUE,4370.0,522.9905660501295,LAMBAYEQUE,10.080815013914345,3.240261968758183,0.0
869,8653,104.4344702093293,79078.10110886703,519.0,1047.4886134404142,JUNIN,519.0,336.5243356054731,JUNIN,10.030104153741762,3.2223492390102706,1.0
871,8653,75.42434055351622,76887.36854206525,8653.0,1003.937440390036,JUNIN,8653.0,318.2352390569489,JUNIN,13.31052327434944,4.219264453908614,0.0
872,340,61.47096412301286,47929.44678734634,340.0,639.0592904979511,JUNIN,340.0,205.41191480291283,JUNIN,10.396116274003692,3.341608802358329,0.0
873,8475,87.04080373765484,68318.68138744483,8475.0,896.9944969549484,JUNIN,8475.0,288.31965973551917,JUNIN,10.305448231596447,3.3124655030131436,0.0
876,519,71.04069570328053,51909.02747940905,519.0,692.1203663921203,JUNIN,519.0,222.46726062603864,JUNIN,9.74258992736975,3.1315467623688473,0.0
877,8653,78.4552638504998,52852.88754182059,8653.0,704.7051672242746,JUNIN,8653.0,226.512375179231,JUNIN,8.982254760714635,2.887153315943988,0.0
878,34252,92.05129493932694,61719.24076433809,34252.0,822.9232101911745,JUNIN,34252.0,264.51103184716305,JUNIN,8.939833065179382,2.8735177709505137,0.0
879,340,62.18338803776399,46391.925516313786,432.0,567.9456065874599,JUNIN,432.0,182.55394497454068,JUNIN,9.133397592336822,2.9357349403939783,1.0
880,365,3.9059076811501483,2801.0749882593936,365.0,37.347666510125265,JUNIN,365.0,12.00460709254026,JUNIN,9.561840565347856,3.073448753147524,0.0
881,34252,11.901429443527647,8976.791696674747,34252.0,119.6905559556633,JUNIN,34252.0,38.471964414320354,JUNIN,10.056821873674561,3.2325498879668237,0.0
882,8653,55.16376647416768,39322.68618647793,8653.0,524.3024824863725,JUNIN,8653.0,168.5257979420482,JUNIN,9.504472156227676,3.055008907358894,0.0
884,4370,118.85570165882281,129704.2146629162,4370.0,1729.3895288388828,LAMBAYEQUE,4370.0,555.8752056982123,LAMBAYEQUE,14.55032871542943,4.676891372816602,0.0
885,8656,19.19437704561899,14066.59874950426,8656.0,187.5546499933901,JUNIN,8656.0,60.285423212161106,JUNIN,9.771333007975812,3.1407856097065117,0.0
886,519,46.920555709069546,38367.24528928664,519.0,511.56327052382187,JUNIN,519.0,164.4310512397999,JUNIN,10.902753873926068,3.504456602333379,0.0
887,520,27.4710627215303,15669.057312342566,520.0,208.3831332334178,JUNIN,520.0,66.98029282502716,JUNIN,7.585550488008556,2.4382126568598936,0.0
889,340,49.1379430141957,32614.943804399023,340.0,434.8659173919869,JUNIN,340.0,139.7783305902815,JUNIN,8.849900722672832,2.84461094657341,0.0
890,8653,37.56118124257077,31169.61781070461,8653.0,415.59490414272835,JUNIN,8653.0,133.58407633159115,JUNIN,11.06447908170963,3.556439704835235,0.0
894,519,53.363180961054674,39638.89506565081,519.0,524.168415502004,JUNIN,519.0,168.48270498278697,JUNIN,9.822660607218126,3.1572837666058255,0.0
895,519,41.69742876594989,31042.82371264386,519.0,413.90431616858484,JUNIN,519.0,133.04067305418795,JUNIN,9.926375040817362,3.190620548834151,0.0
896,1,42.44013173320146,30825.080870996546,1.0,411.001078279954,LORETO,1.0,132.10748944712802,LORETO,9.684255479311403,3.1127964040643783,0.0
897,8653,37.100708714374456,35582.51626049982,8653.0,474.43355013999775,JUNIN,8653.0,152.4964982592849,JUNIN,12.787722029584335,4.110339223794962,0.0
900,519,18.922951670779184,10663.997806995667,519.0,142.18663742660888,JUNIN,519.0,45.702847744267146,JUNIN,7.513977729286993,2.4152071272708193,0.0
901,34252,1.2978853166725821,570.799633246138,34252.0,7.610661776615173,JUNIN,34252.0,2.4462841424834485,JUNIN,5.863893888657897,1.8848230356400382,0.0
902,4370,40.9569638777987,33726.90914109476,4370.0,449.69212188126335,LAMBAYEQUE,4370.0,144.5438963189775,LAMBAYEQUE,10.979625423969116,3.5291653148472157,0.0
903,520,63.629879163656895,36904.620210290166,520.0,514.203146890433,JUNIN,520.0,158.1626580441007,JUNIN,8.081158626246888,2.485666484409066,0.0
904,8653,34.61244963617448,34381.29783968304,8653.0,458.4173045291073,JUNIN,8653.0,147.34841931292726,JUNIN,13.244289535924727,4.25709306511866,0.0
905,519,11.483316838658366,8656.59608295129,519.0,118.13460271398696,JUNIN,519.0,37.09969749836267,JUNIN,10.287498322461076,3.23074752875121,0.0
908,25973,10.509060147026604,11842.65892343488,25383.0,157.87583722383357,JUNIN,25383.0,50.745804821946486,JUNIN,15.022831253706583,4.8287671886914,1.0
909,4370,81.66139541504756,94680.31358853144,4370.0,1262.4041811804188,LAMBAYEQUE,4370.0,405.77277252227725,LAMBAYEQUE,15.459008197988721,4.968966920782086,0.0
910,519,10.017044294362343,7007.104813860854,519.0,98.18748134221737,JUNIN,519.0,30.0304492022608,JUNIN,9.802041246585873,2.9979351513062724,0.0
911,8656,47.15977511386164,41031.72566915213,8656.0,547.0896755886951,JUNIN,8656.0,175.85025286779484,JUNIN,11.600769390180773,3.7288187325581053,0.0
912,519,22.749172705414182,13265.867346177492,519.0,176.8782312823666,JUNIN,519.0,56.85371719790354,JUNIN,7.775150049314564,2.4991553729939664,0.0
913,432,13.982091316227592,12595.956765011699,432.0,165.98916252111096,JUNIN,432.0,53.98267185005015,JUNIN,11.871554745781427,3.8608438915999606,0.0
914,8653,39.78953768376691,29614.001214230302,8653.0,394.85334952307085,JUNIN,8653.0,126.91714806098697,JUNIN,9.9235470555407,3.1897115535666516,0.0
915,365,26.924626517980297,19502.816433527307,365.0,260.03755244703086,JUNIN,365.0,83.58349900083132,JUNIN,9.65798178382818,3.104351287659057,0.0
916,8653,37.100708714374456,35582.51626049982,8653.0,474.43355013999775,JUNIN,8653.0,152.4964982592849,JUNIN,12.787722029584335,4.110339223794962,0.0
917,4370,33.68296602632711,33512.74137703268,,,LAMBAYEQUE,,,LAMBAYEQUE,,,
918,8653,67.59609942241019,46518.374958768305,8653.0,620.2449994502442,JUNIN,8653.0,199.36446410900695,JUNIN,9.175751334027623,2.949348643080306,0.0
920,8475,116.63131317415721,85632.48594991601,8475.0,1127.8452244545642,JUNIN,8475.0,362.5216792889671,JUNIN,9.670175133588982,3.108270578653602,0.0
921,4370,31.929505078709298,26933.419570541435,4370.0,361.6233837925579,LAMBAYEQUE,4370.0,113.9696007311339,LAMBAYEQUE,11.325680836615586,3.5694133200683154,0.0
922,11020,5.0211981132981345,2293.0012566718415,,,LAMBAYEQUE,11020.0,9.827148242879321,LAMBAYEQUE,,1.957132146778498,
923,753,32.38849296761642,34461.96197057686,8652.0,432.72607007950154,JUNIN,8652.0,141.60336475351372,JUNIN,13.360487952068716,4.372026969426938,1.0
924,365,27.734019492584853,22476.111183163117,34252.0,287.6709818858454,JUNIN,34252.0,92.46567274902176,JUNIN,10.372495121479199,3.3340162890468865,1.0
925,519,29.94514452209522,21621.174086810366,519.0,376.7848355194435,JUNIN,519.0,121.10941141696395,JUNIN,12.582501822338187,4.04437558575156,0.0
927,519,38.77705685023771,33049.64174339645,519.0,445.7631407102126,JUNIN,519.0,141.64132175741335,JUNIN,11.495538262014332,3.6527094437427645,0.0
928,8653,35.451710270338936,24568.367161055347,8653.0,327.5782288140713,JUNIN,8653.0,105.29300211880863,JUNIN,9.240124843515469,2.9700401282728293,0.0
929,365,30.507026156254994,18169.43576257496,365.0,246.70774558130734,JUNIN,365.0,77.86901041103555,JUNIN,8.086915595039857,2.552494301220826,0.0
930,8653,24.70140550291083,24187.84843747934,8653.0,325.6718541077402,JUNIN,8653.0,103.66220758919717,JUNIN,13.184345079852351,4.19661171009,0.0
933,4370,59.117739648576176,60150.742268391834,4370.0,802.0098969118908,LAMBAYEQUE,4370.0,257.78889543596483,LAMBAYEQUE,13.56631531718596,4.36060135195263,0.0
934,8656,50.07334249998205,39983.085556877646,8656.0,533.1078074250354,JUNIN,8656.0,171.35608095804707,JUNIN,10.64653927237285,3.4221019089769875,0.0
936,25383,11.802054767499008,12036.47515313986,25383.0,160.4863353751981,JUNIN,25383.0,51.584893513456535,JUNIN,13.598169008429963,4.370840038423917,0.0
937,34252,94.90063684633493,63147.86888833849,34252.0,841.9715851778466,JUNIN,34252.0,270.6337238071648,JUNIN,8.872138408735701,2.8517587742364734,0.0
938,432,6.218413373312043,4256.350550247318,432.0,54.79441299091919,JUNIN,432.0,18.24150235820279,JUNIN,8.81163887014714,2.9334657030828795,0.0
939,8475,4.686031311323035,2946.984980456149,37650.0,35.95545955003041,JUNIN,37650.0,11.557111998224062,JUNIN,7.67290211295641,2.4662899648788463,1.0
940,4370,130.1277703167107,100605.01397027874,4370.0,1341.4001862703835,LAMBAYEQUE,4370.0,431.16434558690895,LAMBAYEQUE,10.308331442286491,3.3133922493063714,0.0
942,4370,32.467342529368246,37479.6800520568,4370.0,499.729067360757,LAMBAYEQUE,4370.0,160.62720022310046,LAMBAYEQUE,15.391745317890692,4.947346709322008,0.0
944,210,34.63702567496438,25719.536429794134,,,LORETO,210.0,110.2265846991177,LORETO,,3.182334006779035,
947,442,54.449410688061775,54712.16336482277,442.0,730.2282813948091,JUNIN,442.0,234.4807001349547,JUNIN,13.411132869339102,4.306395554550335,0.0
949,27857,14.135556520516024,10840.241975671623,27857.0,143.59033211494463,JUNIN,27857.0,46.45817989573552,JUNIN,10.158095431654276,3.2866183816892653,0.0
950,519,122.2388080904141,87021.31825429571,519.0,1160.2842433906085,JUNIN,519.0,372.94850680412424,JUNIN,9.491946637211996,3.050982847675285,0.0
951,11129,14.285047675425103,10373.041642383167,10972.0,134.2279173985345,LAMBAYEQUE,10972.0,43.145452443695525,LAMBAYEQUE,9.396392679140293,3.020322607527565,1.0
952,4370,94.20788357309078,104040.27025633567,4370.0,1387.2036034178084,LAMBAYEQUE,4370.0,445.8868725271526,LAMBAYEQUE,14.724920577815045,4.733010185726263,0.0
953,340,96.7894047136792,64406.7346134363,340.0,858.7564615124841,JUNIN,340.0,276.02886262901274,JUNIN,8.872422183531793,2.851849987563791,0.0
954,519,88.04952982021199,51891.468335448924,519.0,725.7446880834298,JUNIN,519.0,233.27507831253104,JUNIN,8.242459551633328,2.649361998739284,0.0
955,340,21.682800563562772,18763.539238421443,340.0,250.18052317895263,JUNIN,340.0,80.41516816466333,JUNIN,11.538201554986061,3.7087076426740904,0.0
956,27857,76.88769637806634,66978.85474229149,27857.0,902.2736201949367,JUNIN,27857.0,286.56042409145437,JUNIN,11.734954520660178,3.7269997358537212,0.0
958,432,57.40205160541798,31841.166857771826,432.0,452.6560771004637,JUNIN,432.0,136.462143676165,JUNIN,7.885712521427354,2.3773042924355132,0.0
959,442,24.606439084036584,17545.841838985587,442.0,232.9979841649589,JUNIN,442.0,74.87687042067427,JUNIN,9.46898425120424,3.0429787164633098,0.0
960,4370,57.85982351679846,45880.373294685494,4370.0,611.7383105958063,LAMBAYEQUE,4370.0,196.63017126293767,LAMBAYEQUE,10.572764889581803,3.3983887145084357,0.0
961,340,46.57459308808708,53359.076764449295,340.0,711.4543568593239,JUNIN,340.0,228.6817575619255,JUNIN,15.2755893221384,4.9100108535444855,0.0
962,442,85.78420005103487,56276.95203366768,442.0,751.0921303127409,JUNIN,442.0,241.18693728714717,JUNIN,8.75559986414631,2.8115543088780903,0.0
964,8653,48.11680212868452,34232.13413576918,8653.0,461.11043032689685,JUNIN,8653.0,146.7091462961536,JUNIN,9.583147880312039,3.0490211278752852,0.0
967,37650,16.465308911668284,10565.768587430743,37650.0,140.87691449907658,JUNIN,37650.0,45.28186537470319,JUNIN,8.555983690001888,2.750137614643464,0.0
968,11129,26.614794728685247,34131.87194030264,10972.0,451.01232137079415,LAMBAYEQUE,30057.0,193.35670950458177,LAMBAYEQUE,16.945925225742812,7.265008484028742,1.0
970,30057,40.509459867066205,46538.05553588442,30057.0,620.5074071451257,LAMBAYEQUE,30057.0,199.44880943950474,LAMBAYEQUE,15.317592709983087,4.923511942494565,0.0
971,8653,20.278538802242313,23286.74113374006,8653.0,310.4898817832009,JUNIN,8653.0,99.80031914460027,JUNIN,15.311255155567139,4.921474871432293,0.0
972,25383,64.99973070609391,59463.62545709413,25383.0,752.264250624458,JUNIN,25383.0,241.7836849366315,JUNIN,11.573344111623081,3.719764409946449,0.0
973,27857,4.695283479542819,2408.3215581882937,27857.0,32.11095410917724,JUNIN,27857.0,10.321378106521259,JUNIN,6.838980915440679,2.1982438656773615,0.0
976,4370,52.53191032565172,59177.15400282893,4370.0,789.0287200377188,LAMBAYEQUE,4370.0,253.61637429783806,LAMBAYEQUE,15.019989091324367,4.827853636497116,0.0
977,4370,20.842970414259785,20257.627764866702,4370.0,270.1017035315559,LAMBAYEQUE,4370.0,86.81840470657154,LAMBAYEQUE,12.95888724894821,4.165356615733353,0.0
978,520,144.00634975417344,90930.61337954478,519.0,833.1985246554879,JUNIN,519.0,268.23738021468813,JUNIN,5.785845735815139,1.862677449102652,1.0
979,519,115.74015588319884,78259.05372543886,519.0,1088.2730516552888,JUNIN,519.0,335.3959445375951,JUNIN,9.402726679870193,2.8978356040583324,0.0
981,365,42.7051524515525,42674.00709797305,365.0,566.5205364179357,JUNIN,365.0,182.8886018484559,JUNIN,13.265859126966784,4.282588665523126,0.0
982,27857,14.790399559422868,12355.014791945448,27857.0,164.73353055927262,JUNIN,27857.0,52.950063394051924,JUNIN,11.137868851847342,3.580029273808075,0.0
984,432,38.85581047810427,20496.383906789255,432.0,271.3281910781451,JUNIN,432.0,87.84164531481109,JUNIN,6.982950239348164,2.260708095750852,0.0
985,1,68.78151772895922,54936.09235738266,1.0,741.6029661003062,LORETO,1.0,235.4403958173541,LORETO,10.782009333127402,3.4230183280504463,0.0
986,4370,30.46786905048717,26505.276636549665,4370.0,351.5692441895195,LAMBAYEQUE,4370.0,113.59404272807004,LAMBAYEQUE,11.539016516283013,3.7283225334806835,0.0
987,519,66.39339281590934,48176.628684830655,519.0,621.043895696876,JUNIN,519.0,195.72468240671412,JUNIN,9.354001495583459,2.947954218116326,0.0
988,8475,148.07771392365908,117067.81481853734,8475.0,1546.982942702849,JUNIN,8475.0,497.2445172973445,JUNIN,10.447101739431163,3.3579969876743037,0.0
990,1,34.69397554580054,23805.160382431794,1.0,318.37015402218447,LORETO,1.0,102.0221159247077,LORETO,9.176525578681366,2.9406291530362467,0.0
991,365,13.54859723341434,10739.622437104616,365.0,143.1949658280616,JUNIN,365.0,46.02695330187691,JUNIN,10.568988313779514,3.3971748151434125,0.0
995,25383,23.218036855649512,20225.807183274504,25383.0,229.09334030686338,JUNIN,25383.0,73.62160662026173,JUNIN,9.867041805953521,3.170879910217207,0.0
998,20274,107.6024094835139,66639.09843241569,20274.0,889.111120878081,LORETO,20274.0,285.5961361389244,LORETO,8.26292947477449,2.6541797484812037,0.0
999,1,3.229294630656574,2648.892942826645,1.0,34.94001310694565,LORETO,1.0,11.352398326399909,LORETO,10.819704332720397,3.5154421088210714,0.0
1000,25383,11.766747302028525,11960.161167572243,753.0,152.35658400425936,JUNIN,753.0,48.97175914422623,JUNIN,12.948062883783855,4.161877355501955,1.0
1002,20274,13.744471520315756,9527.502526775772,20274.0,127.03336702367697,LORETO,20274.0,40.83215368618188,LORETO,9.242506475124086,2.9708056527184565,0.0
1003,8653,39.16465013878331,41900.43049015161,8653.0,558.5695561067256,JUNIN,8653.0,179.57327352922115,JUNIN,14.262084663781913,4.585085603800565,0.0
1004,365,92.11505796875934,52317.879686833076,27857.0,688.8669566116554,JUNIN,27857.0,219.6762708704125,JUNIN,7.478331684329866,2.3848030464781917,1.0
1007,30057,26.366792759312883,27134.666664882647,30057.0,361.7955555317688,LAMBAYEQUE,30057.0,116.2914285637828,LAMBAYEQUE,13.72163686476357,4.410526135102574,0.0
1008,30057,59.51996871369875,63123.72971592785,30057.0,841.6497295457053,LAMBAYEQUE,30057.0,270.53027021111956,LAMBAYEQUE,14.140627889006204,4.5452018214662795,0.0
1010,8835,0.40747827809129217,283.38090512525486,8835.0,3.7362799737742867,LAMBAYEQUE,8835.0,1.2144895933939495,LAMBAYEQUE,9.169273982593015,2.9805014369915765,0.0
1012,8653,66.06740537562614,45626.636764810944,8653.0,608.3551568641461,JUNIN,8653.0,195.54272899204682,JUNIN,9.20809820523969,2.959745851684184,0.0
1013,442,163.62608037549498,114892.49845598098,,,JUNIN,,,JUNIN,,,
1015,30057,2.508366452827678,1532.95752831667,,,LAMBAYEQUE,30057.0,6.569817978500013,LAMBAYEQUE,,2.619161953427445,
1017,442,53.51338255562517,54189.1971875424,442.0,723.2553990310709,JUNIN,442.0,232.23941651803884,JUNIN,13.515411743581595,4.3398381008084215,0.0
1018,25383,64.01055979272992,41184.55110039118,25383.0,552.8666460295269,JUNIN,25383.0,176.4546181388108,JUNIN,8.63711624800256,2.756648570332482,0.0
1019,8653,40.4646252873919,35401.92460909441,8653.0,472.0256614545924,JUNIN,8653.0,151.72253403897605,JUNIN,11.665143519855299,3.7495104170963436,0.0
1020,4370,28.37002823098385,31399.2708252779,4370.0,418.65694433703845,LAMBAYEQUE,4370.0,134.56830353690515,LAMBAYEQUE,14.757015429396342,4.74332638802025,0.0
1021,8653,52.05406385845568,41162.722300549816,8653.0,548.8362973406644,JUNIN,8653.0,176.41166700235638,JUNIN,10.543582127094794,3.389008540851898,0.0
1024,8475,116.63131317415721,85632.48594991601,8475.0,1127.8452244545642,JUNIN,8475.0,362.5216792889671,JUNIN,9.670175133588982,3.108270578653602,0.0
1025,442,19.306910169497932,14860.63223494814,442.0,198.14176313264178,JUNIN,442.0,63.688423864063424,JUNIN,10.262738128117284,3.29873725546627,0.0
1028,11020,6.798218612476577,4715.507570395295,11020.0,62.972253437763136,LAMBAYEQUE,11020.0,20.209318158836986,LAMBAYEQUE,9.263052135774503,2.972737317059413,0.0
1029,4370,116.75068974481705,90572.20354135851,4370.0,1207.629380551447,LAMBAYEQUE,4370.0,388.1665866058222,LAMBAYEQUE,10.343659495211313,3.3247476948893504,0.0
1032,520,25.603455257169514,17538.73307388391,520.0,173.84882163872322,JUNIN,520.0,75.16599888807391,JUNIN,6.790053135115107,2.9357755870479956,0.0
1033,8653,12.294894819414509,11439.160892776114,8653.0,152.5221452370149,JUNIN,8653.0,49.02497525475477,JUNIN,12.40532330509828,3.9874253480673025,0.0
1034,442,14.029109638816605,11257.728261925546,442.0,151.00685431903997,JUNIN,442.0,48.24740683682377,JUNIN,10.763823094034771,3.4390925781440806,0.0
1035,20274,96.46979442837137,50978.54740922069,,,LORETO,20274.0,218.4794888966601,LORETO,,2.2647450447184343,
1037,11129,28.782352056673663,36178.524460017405,10972.0,478.30102163365774,LAMBAYEQUE,30057.0,191.66091857317718,LAMBAYEQUE,16.617857383297338,6.6589734638708045,1.0
1038,25383,6.664970660661976,5716.442543738389,25383.0,76.21923391651185,JUNIN,25383.0,24.499039473164522,JUNIN,11.435794363863206,3.675791045527459,0.0
1039,8653,37.100708714374456,35582.51626049982,8653.0,474.43355013999775,JUNIN,8653.0,152.4964982592849,JUNIN,12.787722029584335,4.110339223794962,0.0
1040,4370,16.062804449555756,17886.136358653937,4370.0,238.4818181153859,LAMBAYEQUE,4370.0,76.65487010851689,LAMBAYEQUE,14.846835673329853,4.7721971807131665,0.0
1041,27857,14.514662321886007,10994.797737589583,27857.0,146.5973031678611,JUNIN,27857.0,47.12056173252676,JUNIN,10.09994582835135,3.2464111591129323,0.0
1042,11129,35.105380172108376,37919.32793707564,10972.0,504.68546084754814,LAMBAYEQUE,30057.0,208.713775105922,LAMBAYEQUE,14.376299540790232,5.945350088296365,1.0
1045,30057,18.91750827720545,21610.831226233593,30057.0,288.1444163497813,LAMBAYEQUE,30057.0,92.61784811242968,LAMBAYEQUE,15.231626286479777,4.8958798777970705,0.0
1047,365,2.8356899045992687,1384.8422310715878,365.0,17.900110111520068,JUNIN,365.0,5.935038133163948,JUNIN,6.312435673057015,2.092978545904394,0.0
1048,4370,116.69925316423505,126406.10248464083,4370.0,1685.4146997952098,LAMBAYEQUE,4370.0,541.7404392198888,LAMBAYEQUE,14.442377771032222,4.642192854974642,0.0
1049,37650,11.935877211160594,8703.963944307852,37650.0,116.05285259077137,JUNIN,37650.0,37.302702618462206,JUNIN,9.723026681462223,3.1252585761842844,0.0
1053,8653,34.79976352317719,34459.34529260083,8653.0,459.4579372346779,JUNIN,8653.0,147.68290839686068,JUNIN,13.202904006191641,4.24379057341874,0.0
1055,442,3.157411625047352,2707.0594032997383,442.0,36.09412537732983,JUNIN,442.0,11.601683156998876,JUNIN,11.43155523055646,3.674428466964577,0.0
1056,11409,3.5935844522858273,1494.9531966463094,,,LORETO,,,LORETO,,,
1057,519,60.49627019539342,45141.954784726506,519.0,577.9202798315191,JUNIN,519.0,185.00632789654432,JUNIN,9.552990258158522,3.058144366570088,0.0
1059,8653,35.316598584868,38299.24332264563,8653.0,515.7735161606072,JUNIN,8653.0,164.1396142399098,JUNIN,14.604280616695608,4.647662029101473,0.0
1060,442,49.27146538697424,26702.009584336065,442.0,332.9827392584321,JUNIN,442.0,106.87395448406517,JUNIN,6.758125349900022,2.16908414727846,0.0
1061,25383,73.57536870866731,50852.018217179255,25383.0,661.4776016937072,JUNIN,25383.0,212.602262066033,JUNIN,8.99047620560254,2.8895847319211336,0.0
1062,308,46.321296613992445,43210.01569423551,308.0,669.8597516140452,JUNIN,308.0,215.31206301880022,JUNIN,14.461161508412918,4.648230484847009,0.0
1064,753,59.09140415657386,51069.43124491631,8652.0,655.5956063837594,JUNIN,8652.0,212.77823307211145,JUNIN,11.09460192630784,3.6008322379396374,1.0
1065,432,24.455627934578715,21428.136680109266,432.0,285.70848906812364,JUNIN,432.0,91.83487148618255,JUNIN,11.682729629041742,3.755163095049129,0.0
1066,27857,153.97762079788225,148879.41237734468,432.0,1562.4150091637275,JUNIN,432.0,502.8338368423196,JUNIN,10.147026568325936,3.265629344295177,1.0
1067,8653,84.65361085078672,54919.73950239124,8653.0,732.2631933652167,JUNIN,8653.0,235.37031215310523,JUNIN,8.650111743678934,2.7803930604682274,0.0
1068,520,23.014027237983836,19652.534719292176,520.0,262.03379625722897,JUNIN,520.0,84.22514879696645,JUNIN,11.38582976145746,3.659730994754183,0.0
1069,4370,19.17018932346224,16842.61064620852,4370.0,224.56814194944695,LAMBAYEQUE,4370.0,72.18261705517938,LAMBAYEQUE,11.714445703183527,3.765357547451848,0.0
1070,8653,34.82639453296512,34470.44154667913,8653.0,459.6058872890553,JUNIN,8653.0,147.730463771482,JUNIN,13.197056240031186,4.241910934295737,0.0
1071,27857,6.401151877568526,5819.506498680425,27857.0,77.59341998240568,JUNIN,27857.0,24.940742137201816,JUNIN,12.121790181906993,3.896289701327247,0.0
1072,8475,102.35999973002714,78048.80036632814,8475.0,1038.1351458826784,JUNIN,8475.0,330.02016964501905,JUNIN,10.142000279608668,3.224112646692477,0.0
1073,30057,17.416175728171073,16959.998381122678,30057.0,226.13331174830233,LAMBAYEQUE,30057.0,72.68570734766854,LAMBAYEQUE,12.98409681193825,4.173459689551576,0.0
1074,4370,123.6168845957274,143486.27222265123,4370.0,1913.1502963020157,LAMBAYEQUE,4370.0,614.9411666685048,LAMBAYEQUE,15.476448080363129,4.974572597259575,0.0
1076,8475,159.46050523744108,127001.1904588257,8475.0,1679.4279512400274,JUNIN,8475.0,539.8161271842946,JUNIN,10.531936724641081,3.3852653757774913,0.0
1077,1,8.34292790704315,6159.710131007911,1.0,82.07327618508583,LORETO,1.0,26.398757704319618,LORETO,9.837466786186548,3.1642078175017705,0.0
1078,520,14.43641841314464,8457.22712894641,520.0,112.59626163783216,JUNIN,520.0,36.044026838527515,JUNIN,7.799459562304669,2.4967430152695442,0.0
1079,34252,10.91234508705475,7111.718426473981,34252.0,94.82291235298642,JUNIN,34252.0,30.478793256317058,JUNIN,8.689508221791325,2.793056214147211,0.0
1080,365,37.89734197456068,39583.88119490515,365.0,527.7850825987355,JUNIN,34252.0,167.5183021637664,JUNIN,13.926704489011955,4.4203179810398385,0.0
1081,4370,173.63695610214867,131675.26677344387,4370.0,1755.6702236459187,LAMBAYEQUE,4370.0,564.3225718861883,LAMBAYEQUE,10.111155269348753,3.2500141937192426,0.0
1082,8653,89.23540362415788,72921.18298481019,519.0,964.8723580073812,JUNIN,519.0,310.1375436452295,JUNIN,10.81266312271344,3.4754988608721757,1.0
1083,8652,4.3473521945175015,3367.799929805476,8652.0,37.08626768819837,JUNIN,8652.0,14.433428270594892,JUNIN,8.530771381938715,3.3200503719935694,0.0
1084,66,1.0612911341455187,517.0084066713434,66.0,7.308758785792117,LORETO,66.0,2.3492438954331805,LORETO,6.886667145935074,2.213571582621988,0.0
1085,340,54.82466916056436,41529.98021355388,340.0,553.7330695140517,JUNIN,340.0,177.98562948665943,JUNIN,10.100071336360283,3.2464515009729475,0.0
1086,340,32.47553819478614,31302.595658101392,340.0,417.36794210801855,JUNIN,340.0,134.15398139186308,JUNIN,12.851763675313805,4.130924038493722,0.0
1087,210,8.48069784447424,5825.023387209179,210.0,114.02170783832973,LORETO,210.0,24.964385945182208,LORETO,13.444849696257338,2.9436711934558817,0.0
1089,340,51.84674612762931,30233.393419207037,340.0,402.8796424238658,JUNIN,340.0,129.57168608231592,JUNIN,7.770586825875459,2.499128600343672,0.0
1090,8475,111.56887088435076,83774.53717148221,8475.0,1103.0725740754472,JUNIN,8475.0,354.5590416671079,JUNIN,9.886920655662653,3.177938782177281,0.0
1091,8750,1.2379584731215056,888.4580079884273,8750.0,11.507760137402254,LAMBAYEQUE,8750.0,3.8076771770932596,LAMBAYEQUE,9.29575618831987,3.0757713281708248,0.0
1092,442,71.69050625411415,71814.84259665807,442.0,958.2640044859463,JUNIN,442.0,307.7778968428202,JUNIN,13.366679279530876,4.293147209086106,0.0
1093,519,92.97203172303527,62751.511114147106,519.0,862.2962369929107,JUNIN,519.0,268.935047632059,JUNIN,9.274791795038974,2.8926446227745086,0.0
1095,25973,31.718533996637056,20007.947949415626,25383.0,266.7463575702435,JUNIN,25383.0,85.73990064757824,JUNIN,8.409794651875309,2.70314828095992,1.0
1096,519,27.622542848636883,15013.793395924515,519.0,200.1839119456602,JUNIN,519.0,64.3448288396765,JUNIN,7.2471210577030165,2.329431768547398,0.0
1097,4370,76.24109833799092,60121.1352426795,4370.0,801.6151365690597,LAMBAYEQUE,4370.0,257.6620081829121,LAMBAYEQUE,10.514212859517727,3.379568419130698,0.0
1098,27857,14.596297375384273,11466.806414139977,27857.0,152.89075218853299,JUNIN,27857.0,49.1434560605999,JUNIN,10.474625739427145,3.366843987673012,0.0
1099,8652,11.5048521234939,11160.329984857979,8652.0,140.9866684222318,JUNIN,8652.0,47.82998564939134,JUNIN,12.254539815798664,4.157375091481479,0.0
1100,365,33.12527164095803,21221.240973106625,27857.0,282.4214682542956,JUNIN,27857.0,89.03307818411821,JUNIN,8.525861200941613,2.687768998519924,1.0
1101,520,99.20300204963794,69092.07639015786,520.0,896.313217644814,JUNIN,520.0,288.10067710011884,JUNIN,9.035142073586927,2.9041528093672273,0.0
1102,4370,152.08629299141722,140582.63746430055,4370.0,1874.4351661906746,LAMBAYEQUE,4370.0,602.497017704145,LAMBAYEQUE,12.32481329725392,3.961547131260186,0.0
1103,8475,95.32896798158278,75916.16527771212,8475.0,998.2942821585123,JUNIN,8475.0,320.8803049795218,JUNIN,10.472097865901361,3.366031456896866,0.0
1104,8653,48.11680212868452,34232.13413576918,8653.0,461.11043032689685,JUNIN,8653.0,146.7091462961536,JUNIN,9.583147880312039,3.0490211278752852,0.0
1106,519,58.60815038131404,41479.75388236228,519.0,553.0633850981637,JUNIN,519.0,177.77037378155262,JUNIN,9.436629231597388,3.0332022530134464,0.0
1107,37650,12.755047172135372,10935.350999623692,37650.0,145.17703798105262,JUNIN,37650.0,46.86578999838723,JUNIN,11.381928739409592,3.6742937415998003,0.0
1108,432,8.647664277381985,5643.275399425274,432.0,75.243671992337,JUNIN,432.0,24.1854659975369,JUNIN,8.70103990844525,2.7967628277145455,0.0
1112,25383,26.55955604716921,26414.50297609893,25383.0,352.19337301465237,JUNIN,25383.0,113.20501275470976,JUNIN,13.260514309394495,4.262308170876804,0.0
1114,25973,35.02659875054814,32029.484750475785,25383.0,427.0335149177123,JUNIN,25383.0,137.2607726521218,JUNIN,12.191692318142353,3.9187582451171847,1.0
1115,340,49.099267098232076,29993.208843961285,340.0,399.9094512528171,JUNIN,340.0,128.542323616977,JUNIN,8.144916918061629,2.6180090093769532,0.0
1118,37783,14.393060937519842,15104.345741967558,20274.0,198.06984994282615,LORETO,20274.0,63.66530891019412,LORETO,13.761482064353492,4.423333520685051,1.0
1119,27857,22.07902530239738,19484.374204866515,27857.0,259.7916560648869,JUNIN,27857.0,83.50446087799935,JUNIN,11.766445869178758,3.782071886521743,0.0
1121,27857,5.1675419547987,4209.14927716529,27857.0,56.12199036220389,JUNIN,27857.0,18.039211187851244,JUNIN,10.860480834623452,3.4908688397003944,0.0
1123,340,9.233139942854411,9850.902318175627,340.0,131.34536424234167,JUNIN,340.0,42.21815279218127,JUNIN,14.225427650318538,4.57245888760239,0.0
1126,8475,98.83261542464251,74095.39229367806,8475.0,974.0173090380579,JUNIN,8475.0,313.07699219080433,JUNIN,9.855221425165285,3.1677497438031272,0.0
1127,753,50.225651718767246,46275.580106040485,8652.0,590.2409785523497,JUNIN,8652.0,192.2331567626436,JUNIN,11.751783368732298,3.8273899926482,1.0
1128,27857,88.25526663406282,74718.194971661,27857.0,990.4513333963421,JUNIN,27857.0,320.22083559283305,JUNIN,11.222574823813058,3.6283481746260033,0.0
1130,25383,73.52199854799548,43596.28117953922,753.0,566.119320934036,JUNIN,753.0,179.5821050445672,JUNIN,7.699999076663712,2.4425628871790694,1.0
1132,519,122.2388080904141,87021.31825429571,519.0,1160.2842433906085,JUNIN,519.0,372.94850680412424,JUNIN,9.491946637211996,3.050982847675285,0.0
1133,25383,36.905237860970786,33176.68816483544,25383.0,401.77175339434245,JUNIN,25383.0,129.12538225552285,JUNIN,10.886578076204112,3.4988362015701755,0.0
1135,340,68.63473488652106,42262.82073489619,340.0,563.5042764652826,JUNIN,340.0,181.12637457812653,JUNIN,8.21019090985004,2.638989935308941,0.0
1136,308,9.006848792005819,6788.74590853941,308.0,90.5166121138588,JUNIN,308.0,29.094625322311757,JUNIN,10.04975371566117,3.2302779800339474,0.0
1137,442,14.96716238289949,14240.479708860275,442.0,189.87306278480355,JUNIN,442.0,61.030627323686865,JUNIN,12.68597600048358,4.0776351430125795,0.0
1140,520,21.9205807995269,15878.48228402069,520.0,211.7130971202759,JUNIN,520.0,68.05063836008868,JUNIN,9.658188305158648,3.10441766951528,0.0
1141,4370,24.870988421856655,26280.6099527283,4370.0,350.40813270304375,LAMBAYEQUE,4370.0,112.63118551169262,LAMBAYEQUE,14.089031234283581,4.5286171824482935,0.0
1143,519,36.53271932862835,32659.771734251244,519.0,435.46362312335,JUNIN,519.0,139.9704502896482,JUNIN,11.919825053431076,3.8313723386028458,0.0
1145,25383,31.40421607932314,28912.678972913116,25383.0,385.5023863055082,JUNIN,25383.0,123.91148131248485,JUNIN,12.275497829074196,3.9456957307738514,0.0
1146,365,17.078374991608943,12981.16087532161,365.0,173.08214500428815,JUNIN,365.0,55.63354660852117,JUNIN,10.134579261160853,3.2575433339445587,0.0
1147,4370,0.5175294423087021,414.6053069134057,4370.0,5.52807075884541,LAMBAYEQUE,4370.0,1.776879886771739,LAMBAYEQUE,10.681654620816646,3.4333889852624937,0.0
1148,25383,82.69600918356684,51641.6018722952,753.0,673.3902635041156,JUNIN,753.0,214.06205087066417,JUNIN,8.142959619844994,2.5885414905028097,1.0
1149,442,90.0236276912024,60740.3675671932,442.0,809.7583394869698,JUNIN,442.0,260.27946626366884,JUNIN,8.994953438941494,2.8912350339454798,0.0
1150,1,102.55435769200375,81529.43936306074,,,LORETO,1.0,353.0786172985992,LORETO,,3.4428436318521167,
1152,340,56.608628139705445,39382.241182458,340.0,525.09654909944,JUNIN,340.0,168.78103363910571,JUNIN,9.27591016343913,2.981542552534006,0.0
1153,4370,42.67515145592296,41123.01966815384,4370.0,548.3069289087172,LAMBAYEQUE,4370.0,176.24151286351622,LAMBAYEQUE,12.848388586858002,4.129839188632928,0.0
1154,519,63.56125222021018,46061.449392171526,519.0,565.0887304783888,JUNIN,519.0,180.88190131875245,JUNIN,8.890459371703678,2.8457888257468684,0.0
1157,520,18.95116706988879,16601.648583183553,520.0,218.47387591554815,JUNIN,520.0,70.22374582999763,JUNIN,11.52825443994306,3.7055103556959836,0.0
1158,520,29.473721512221147,27191.174557259546,520.0,362.54899409679405,JUNIN,520.0,116.53360524539814,JUNIN,12.300753874819124,3.9538137454775772,0.0
1159,10972,15.265594014742348,12121.504841078284,10972.0,161.43483562358506,LAMBAYEQUE,10972.0,51.94930646176409,LAMBAYEQUE,10.575077227108464,3.4030321002638617,0.0
1161,4370,35.666458116755265,37233.957183770595,4370.0,496.4527624502741,LAMBAYEQUE,4370.0,159.5741022161595,LAMBAYEQUE,13.919317719329474,4.474066409784473,0.0
1163,4370,29.065735919452955,24547.017669510253,4370.0,342.5413416117558,LAMBAYEQUE,4370.0,105.2015042979011,LAMBAYEQUE,11.785056554597732,3.6194337067341347,0.0
1164,4370,94.30358874517124,94161.07268009354,4370.0,1255.480969067913,LAMBAYEQUE,4370.0,403.54745434325764,LAMBAYEQUE,13.31318336633503,4.279237510607687,0.0
1166,4370,30.395016757894354,25171.35112666277,4370.0,347.964326012161,LAMBAYEQUE,4370.0,109.57918930172063,LAMBAYEQUE,11.448071530402624,3.605169563634478,0.0
1169,519,50.24326171255396,29637.00282636479,519.0,395.1600376848638,JUNIN,519.0,127.01572639870628,JUNIN,7.864935997698727,2.528015142117449,0.0
1170,340,41.166733011354054,31578.263517407362,340.0,421.0435135654315,JUNIN,340.0,135.33541507460296,JUNIN,10.227761174278877,3.2874946631610666,0.0
1171,27857,26.816163189691366,21852.94314851351,27857.0,291.37257531351344,JUNIN,27857.0,93.65547063648647,JUNIN,10.865557956684963,3.4925007717915957,0.0
1172,8653,84.76756806570658,73786.14400204006,519.0,981.0010003888029,JUNIN,519.0,313.8445194333575,JUNIN,11.572834077632043,3.7024126867729015,1.0
1173,4370,23.59655718150431,17511.354755404638,4370.0,233.48473007206184,LAMBAYEQUE,4370.0,75.04866323744837,LAMBAYEQUE,9.894864249733608,3.1804920802715135,0.0
1174,442,15.847066952311017,15267.035039840388,442.0,203.56046719787173,JUNIN,442.0,65.4301501707445,JUNIN,12.845308712990954,4.128849229175665,0.0
1175,365,28.447621513848848,22701.717336227608,34252.0,290.6790639267052,JUNIN,34252.0,93.43255626215529,JUNIN,10.218044548476472,3.284371462010296,1.0
1176,8653,39.78953768376691,29614.001214230302,8653.0,394.85334952307085,JUNIN,8653.0,126.91714806098697,JUNIN,9.9235470555407,3.1897115535666516,0.0
1177,519,93.3121105775599,54827.287190309675,519.0,731.0304958707953,JUNIN,519.0,234.97408795847,JUNIN,7.834251002855321,2.5181521080606397,0.0
1180,432,13.70609315779562,10188.116354631005,432.0,133.884623716035,JUNIN,432.0,43.66335580556144,JUNIN,9.768255780450858,3.1856894085625718,0.0
1181,519,73.29640150894937,43014.60522240911,519.0,573.5280696321217,JUNIN,519.0,184.34830809603903,JUNIN,7.824777994893718,2.515107212644408,0.0
1182,4370,96.16700677885756,75134.4413168889,4370.0,1001.7925508918516,LAMBAYEQUE,4370.0,322.00474850095236,LAMBAYEQUE,10.417216719613,3.3483910884470363,0.0
1183,520,36.945344896635376,30581.844660243707,520.0,411.23376105203425,JUNIN,520.0,131.06504854390164,JUNIN,11.130868102668204,3.5475389094510192,0.0
1186,753,12.233834589309442,7962.638423574184,753.0,106.16851231432247,JUNIN,753.0,34.12559324388937,JUNIN,8.678269396179184,2.789443734486167,0.0
1187,11129,45.952662406470054,39896.20800301651,30057.0,537.1156434163717,LAMBAYEQUE,30057.0,168.70938215405758,LAMBAYEQUE,11.688455364465383,3.6713733942498092,1.0
1188,520,69.58405145049323,40073.45711586022,520.0,556.4543056313669,JUNIN,520.0,171.74338763940096,JUNIN,7.996865575257081,2.4681429732729883,0.0
1189,753,42.436444284848285,43536.14675778216,8652.0,553.7152005755725,JUNIN,8652.0,180.4927281272508,JUNIN,13.048105464700152,4.253248149532048,1.0
1190,4370,13.964367278563977,10050.495813264084,4370.0,134.00661084352112,LAMBAYEQUE,4370.0,43.0735534854175,LAMBAYEQUE,9.596325287807932,3.0845331282239776,0.0
1193,519,25.53869951590858,19872.49344185926,519.0,264.9665792247901,JUNIN,519.0,85.16782903653967,JUNIN,10.375100700007728,3.334853796431055,0.0
1195,519,95.75284796165163,76965.33540605074,519.0,1043.324076234685,JUNIN,519.0,329.8514374545031,JUNIN,10.89601091188984,3.4448211669548088,0.0
1196,4370,29.440786758324315,21529.75611618196,4370.0,287.0634148824262,LAMBAYEQUE,4370.0,92.27038335506556,LAMBAYEQUE,9.750534767935834,3.134100461122233,0.0
1197,8653,39.65477958900503,30275.777170133042,8653.0,403.67702893510744,JUNIN,8653.0,129.75333072914157,JUNIN,10.179782440324894,3.272072927247285,0.0
1198,8653,61.48015800682219,36223.5421061449,8653.0,464.9028608199081,JUNIN,8653.0,146.66531858135968,JUNIN,7.561835816497411,2.385571594742565,0.0
1199,8656,55.094905759297724,41501.43634388043,8656.0,553.3524845850724,JUNIN,8656.0,177.8632986166305,JUNIN,10.04362339782548,3.22830752072962,0.0
1200,1,5.3354783423526415,3927.547527974899,1.0,52.367300372998656,LORETO,1.0,16.832346548463853,LORETO,9.814921364652688,3.1547961529240784,0.0
1203,8653,31.361308339554427,30159.3019631752,8653.0,402.12402617566937,JUNIN,8653.0,129.25415127075087,JUNIN,12.822297520938907,4.121452774587506,0.0
1205,4370,32.25736139200244,33523.33341173271,4370.0,440.7835135863534,LAMBAYEQUE,4370.0,141.68041508132785,LAMBAYEQUE,13.664586766096647,4.392188603388207,0.0
1206,34252,6.13338537312344,3934.2000725671523,365.0,45.091228538898655,JUNIN,365.0,14.493609173217422,JUNIN,7.351768362133072,2.363068402114201,1.0
1207,11129,3.107461830948015,2320.801211838606,30057.0,25.903245434929914,LAMBAYEQUE,30057.0,8.326043175513187,LAMBAYEQUE,8.335820951025948,2.679371019972626,1.0
1208,365,35.491724835422986,19940.35496924911,365.0,287.13553726352325,JUNIN,365.0,85.45866415392474,JUNIN,8.090210847598588,2.4078475912399613,0.0
1209,1,5.253702325090116,2860.5416235973157,1.0,38.14055498129753,LORETO,1.0,12.259464101131348,LORETO,7.25974800649622,2.3334904306594995,0.0
1210,27857,142.45536130377045,137544.0827768935,432.0,1415.462248952051,JUNIN,432.0,454.2538528403861,JUNIN,9.936180962215474,3.1887452229455904,1.0
1211,519,18.070638515604763,19155.60212215277,519.0,256.78901828557514,JUNIN,519.0,82.09543766636901,JUNIN,14.210290248672006,4.543029157241794,0.0
1212,4370,62.07160147679195,71825.55399389988,4370.0,957.6740532519981,LAMBAYEQUE,4370.0,307.8238028309991,LAMBAYEQUE,15.428537857365649,4.959172882724668,0.0
1213,519,100.24209499103819,63678.16955118895,519.0,864.595700597696,JUNIN,519.0,272.9064409336669,JUNIN,8.625076128696156,2.722473437512107,0.0
1215,442,200.02540988495338,132779.44494895093,442.0,1735.6934187984095,JUNIN,442.0,569.0183693283444,JUNIN,8.677364639806068,2.844730425277574,0.0
1216,442,248.81461674647414,170690.663805391,442.0,2274.4976614121388,JUNIN,442.0,731.4950215702305,JUNIN,9.141334585378091,2.939919813133712,0.0
1219,442,10.318714434130165,7463.402240714575,442.0,100.2447997400329,JUNIN,442.0,31.986009603062442,JUNIN,9.71485356823747,3.0998056790161344,0.0
1220,11020,3.3632729493780946,1741.626827041294,11020.0,14.976628078456246,LAMBAYEQUE,11020.0,7.464114973034118,LAMBAYEQUE,4.452992160872815,2.219300986086875,0.0
1221,27857,2.5510274390375547,1432.0004541753556,27857.0,19.09333938900474,JUNIN,27857.0,6.137144803608667,JUNIN,7.484568412250488,2.405754132509086,0.0
1222,25383,81.97423142374375,51661.45591656228,753.0,673.6549840943435,JUNIN,753.0,214.14713963180893,JUNIN,8.217887162760517,2.612371423463953,1.0
1226,11020,12.606588566922337,8006.650865329639,11020.0,106.8541640368877,LAMBAYEQUE,11020.0,34.31421799426988,LAMBAYEQUE,8.476057060928905,2.7219273328475935,0.0
1227,519,20.971481381660176,10354.489214256326,519.0,146.99654609536603,JUNIN,519.0,44.37638234681283,JUNIN,7.009354438066371,2.11603470156479,0.0
1228,8653,39.16465013878331,41900.43049015161,8653.0,558.5695561067256,JUNIN,8653.0,179.57327352922115,JUNIN,14.262084663781913,4.585085603800565,0.0
1230,8653,55.16376647416768,39322.68618647793,8653.0,524.3024824863725,JUNIN,8653.0,168.5257979420482,JUNIN,9.504472156227676,3.055008907358894,0.0
1231,4370,29.404835197543612,27896.828631664546,4370.0,371.9577150888605,LAMBAYEQUE,4370.0,119.55783699284801,LAMBAYEQUE,12.649542586789694,4.065924402896687,0.0
1233,27857,76.202555393776,66626.61080905024,27857.0,899.0182489332842,JUNIN,27857.0,285.5426177530725,JUNIN,11.79774410828634,3.7471527861176526,0.0
1234,36915,1.6629418743918125,692.8924476632554,36915.0,9.238565968843405,LORETO,36915.0,2.969539061413952,LORETO,5.555555555555557,1.7857142857142863,0.0
1235,27857,78.46307938116468,79755.27857577465,27857.0,1074.1560151429633,JUNIN,27857.0,341.80833675332,JUNIN,13.689954863036105,4.35629520851271,0.0
1236,442,19.23525966975156,9197.258466428762,442.0,124.85381371151674,JUNIN,442.0,39.41682199898041,JUNIN,6.490882673544346,2.049196250829169,0.0
1238,4370,22.53116647458745,19522.364280315353,4370.0,260.2981904042047,LAMBAYEQUE,4370.0,83.66727548706581,LAMBAYEQUE,11.552805785612163,3.7134018596610527,0.0
1239,8516,1.674958508098185,745.1273579300458,8516.0,9.935031439067277,JUNIN,8516.0,3.193402962557339,JUNIN,5.93150898427204,1.9065564592302986,0.0
1240,753,68.536567739601,37934.19376069325,753.0,507.60874242969487,JUNIN,753.0,160.7751333824575,JUNIN,7.406392808556042,2.345829951585981,0.0
1241,365,11.122816470974252,9198.272035745775,365.0,122.64362714327699,JUNIN,365.0,39.421165867481875,JUNIN,11.02631041906732,3.5441712061287802,0.0
1242,27857,19.941192505242444,14648.688252710985,27857.0,195.3158433694798,JUNIN,27857.0,62.780092511618506,JUNIN,9.794591939179776,3.148261694736356,0.0
1243,4370,18.34671694127568,16473.66583365012,4370.0,219.64887778200162,LAMBAYEQUE,4370.0,70.60142500135765,LAMBAYEQUE,11.972108060807583,3.8481775909738656,0.0
1244,27857,99.9549885338637,101179.87003509204,27857.0,1361.7050243387625,JUNIN,27857.0,433.62801443610863,JUNIN,13.623182237447121,4.338232846569734,0.0
1245,37783,277.89255799482396,261045.08852174232,20274.0,3477.288383118742,LORETO,20274.0,1117.6970636806575,LORETO,12.513067669784485,4.022047483910943,1.0
1246,442,80.89621313232811,43785.28713952764,442.0,576.3464795719432,JUNIN,442.0,185.25422557669597,JUNIN,7.124517418747021,2.2900234560258275,0.0
1250,442,452.941619196997,357520.456698967,442.0,4763.191304636926,JUNIN,442.0,1532.1941339712719,JUNIN,10.51612636763521,3.3827629633320973,0.0
1251,4370,23.478954228437047,25772.329784621423,4370.0,343.6310637949521,LAMBAYEQUE,4370.0,110.45284193409175,LAMBAYEQUE,14.635705681420678,4.704333969028075,0.0
1254,11129,10.14510327280874,10704.787772822006,10972.0,138.65119913771895,LAMBAYEQUE,10972.0,44.56722157414771,LAMBAYEQUE,13.666810027388951,4.392978600188165,1.0
1255,753,86.07829245960548,84053.18001886073,8652.0,891.4080034516397,JUNIN,8652.0,289.0440900829457,JUNIN,10.355781672480974,3.3579208163148366,1.0
1256,365,5.297505512267045,3341.342210024003,365.0,44.551229466986705,JUNIN,365.0,14.320038042960011,JUNIN,8.409850516214224,2.703166237354572,0.0
1257,442,69.86055398778691,68987.07626131576,442.0,914.1374275723983,JUNIN,442.0,293.5943542634655,JUNIN,13.085172896456113,4.202576955155436,0.0
1259,520,70.27462956831144,40607.06048964844,520.0,563.5690172818767,JUNIN,520.0,174.0302592413505,JUNIN,8.019523130094218,2.4764308301644187,0.0
1260,8653,66.06740537562614,45626.636764810944,8653.0,608.3551568641461,JUNIN,8653.0,195.54272899204682,JUNIN,9.20809820523969,2.959745851684184,0.0
1262,8656,4.990152766402443,3987.0405200879145,8656.0,53.160540267838854,JUNIN,8656.0,17.087316514662493,JUNIN,10.653088744247794,3.4242070963653632,0.0
1263,11470,1.800075157327107,1236.773796205458,11470.0,16.485285659074574,LAMBAYEQUE,11470.0,5.30045912659482,LAMBAYEQUE,9.158109644462414,2.944576566717002,0.0
1264,25383,96.705710188026,60436.25039174686,753.0,790.6295059614597,JUNIN,753.0,251.75340166831427,JUNIN,8.17562380157521,2.6032940679389798,1.0
1265,520,22.48611956433159,20305.47105761146,520.0,269.32615864609033,JUNIN,520.0,87.02344738976339,JUNIN,11.9774404772492,3.87009626720137,0.0
1266,519,56.8583002239197,40188.20950585944,519.0,541.4942671899018,JUNIN,519.0,172.23518359654045,JUNIN,9.523574659414471,3.0292003615697762,0.0
1269,4370,108.23684615040979,105433.10796476556,4370.0,1405.77477286354,LAMBAYEQUE,4370.0,451.85617699185195,LAMBAYEQUE,12.987950248569005,4.1746982941828925,0.0
1272,27857,11.336918305507627,11852.265753201002,27857.0,158.03021004268,JUNIN,27857.0,50.79542465657572,JUNIN,13.939432726255673,4.480531947725037,0.0
1273,8653,89.81410118239974,73094.79225228274,519.0,967.8485168783393,JUNIN,519.0,310.8815833629691,JUNIN,10.776130965367853,3.461389461902119,1.0
1275,37783,290.1018186922286,267116.72472923284,20274.0,3558.2435325519486,LORETO,20274.0,1143.7183617127594,LORETO,12.265498881021902,3.942472221886135,1.0
1276,8653,39.16465013878331,41900.43049015161,8653.0,558.5695561067256,JUNIN,8653.0,179.57327352922115,JUNIN,14.262084663781913,4.585085603800565,0.0
1278,4370,68.05587460367073,74928.58412248209,4370.0,999.0477882997603,LAMBAYEQUE,4370.0,321.1225033820658,LAMBAYEQUE,14.679817049120322,4.718512622931532,0.0
1279,8653,50.00927773212699,39694.074336079844,8653.0,529.2543244810646,JUNIN,8653.0,170.1174614403421,JUNIN,10.583122742063933,3.4017180242348344,0.0
1280,432,3.038380236104011,2372.6169637487155,432.0,31.634892849982876,JUNIN,432.0,10.16835841606592,JUNIN,10.411762317986568,3.346637887924253,0.0
1282,519,13.151877714538712,8008.608114119886,519.0,106.78144152159848,JUNIN,519.0,34.322606203370945,JUNIN,8.1191023699648,2.6097114760601143,0.0
1283,442,19.25427394765178,15939.939636854077,442.0,213.338774147721,JUNIN,442.0,68.31402701508887,JUNIN,11.080073687937709,3.5479928872322053,0.0
1285,8653,37.56118124257077,31169.61781070461,8653.0,415.59490414272835,JUNIN,8653.0,133.58407633159115,JUNIN,11.06447908170963,3.556439704835235,0.0
1287,25973,9.559734238954423,7097.607728559251,25383.0,88.01264197310462,JUNIN,25383.0,28.289777777069343,JUNIN,9.20659923938752,2.9592640412317026,1.0
1290,8656,36.721834209120864,31371.92980868692,8656.0,418.292397449159,JUNIN,8656.0,134.45112775151537,JUNIN,11.390836173027129,3.661340198473005,0.0
1291,340,95.32164966062528,62247.486751471886,340.0,829.9664900196253,JUNIN,340.0,266.77494322059374,JUNIN,8.707009299299415,2.7986815604890967,0.0
1292,442,50.92187903866675,51792.159952194175,442.0,691.2949025597609,JUNIN,442.0,221.96639979511784,JUNIN,13.575596887044107,4.358959331146658,0.0
1293,11129,51.11175024016977,41774.75093531101,30057.0,562.1628825136316,LAMBAYEQUE,30057.0,176.76028043531966,LAMBAYEQUE,10.9987014702505,3.4583100677385947,1.0
1294,365,1.4482123016643444,663.6840553709441,365.0,8.985847194695209,JUNIN,365.0,2.844360237304046,JUNIN,6.204785848296074,1.964049217117678,0.0
1296,25383,71.18809126586714,56073.76635480207,25383.0,707.0661292605639,JUNIN,25383.0,227.25571735537974,JUNIN,9.932365325260292,3.1923277238414034,0.0
1299,27857,7.996658767221774,6275.080443507431,27857.0,83.66773924676575,JUNIN,27857.0,26.893201900746135,JUNIN,10.462837252693461,3.3630548312228985,0.0
1300,442,428.1558780730184,340045.0550864156,442.0,4532.556211825801,JUNIN,442.0,1457.2995556317658,JUNIN,10.586229090735062,3.403665884935569,0.0
1301,25383,72.92506141913803,46923.97474824075,753.0,610.488568516723,JUNIN,753.0,193.84364891043091,JUNIN,8.37145086526468,2.6581211607942468,1.0
1302,8653,117.31275956427889,88508.59990638142,519.0,1172.7045836283307,JUNIN,519.0,376.94075902339205,JUNIN,9.996394151701576,3.2131266916183643,1.0
1303,340,26.214628300617793,23217.218436331445,340.0,309.56291248441937,JUNIN,340.0,99.50236472713476,JUNIN,11.808785115489277,3.795680929978695,0.0
1304,442,129.1171870975459,117019.49553590422,442.0,1560.1467124031165,JUNIN,442.0,501.47572898671604,JUNIN,12.083183869429028,3.883880529459331,0.0
1305,519,72.71834412472268,52461.079116491965,519.0,703.0845079684321,JUNIN,519.0,224.83319621353698,JUNIN,9.668598981881912,3.091836027342907,0.0
1306,4370,133.15606714787373,111652.02610625434,4370.0,1488.6936814167236,LAMBAYEQUE,4370.0,478.508683312518,LAMBAYEQUE,11.18006646864604,3.5935927934933676,0.0
1308,11129,88.63718952816346,68950.32585663212,30057.0,924.5038814645798,LAMBAYEQUE,30057.0,293.2270300981244,LAMBAYEQUE,10.43020301507675,3.308171566122985,1.0
1309,520,22.702132851489196,18363.60257754516,520.0,244.69839292241926,JUNIN,520.0,78.70115390376496,JUNIN,10.778652143530547,3.4666854616086167,0.0
1311,308,15.654056195833485,14659.870889410724,308.0,196.27762365672194,JUNIN,308.0,62.82801809747455,JUNIN,12.53845145317439,4.013529612484525,0.0
1312,308,44.30252546938983,22694.976329812944,308.0,302.5996843975058,JUNIN,308.0,97.26418427062687,JUNIN,6.830303265816812,2.195454621155404,0.0
1314,25383,41.372809095827265,36989.46085225871,25383.0,452.60872255998606,JUNIN,25383.0,145.46583663019402,JUNIN,10.939762913164985,3.5159767927110672,0.0
1315,30057,14.952978062760398,16547.007747814823,30057.0,220.6267699708644,LAMBAYEQUE,30057.0,70.91574749063493,LAMBAYEQUE,14.75470431674903,4.742583530383613,0.0
1316,519,11.001107499376191,6933.223006538626,519.0,92.44297342051502,JUNIN,519.0,29.71381288516554,JUNIN,8.40306063964532,2.7009837770288527,0.0
1317,308,29.00200603090692,23871.045195968272,308.0,321.6303909310358,JUNIN,308.0,102.30447941129259,JUNIN,11.089936006091442,3.527496660136838,0.0
1318,432,42.246494560471106,29102.797305651293,432.0,388.0372974086839,JUNIN,432.0,124.72627416707697,JUNIN,9.185076808047402,2.9523461168723792,0.0
1319,519,114.34749378379975,85634.9848767553,519.0,1141.7997983567361,JUNIN,519.0,367.0070780432368,JUNIN,9.985350448655844,3.209576929925094,0.0
1321,753,52.72908253559374,47703.12022006003,8652.0,609.7121071276669,JUNIN,8652.0,198.49173380470984,JUNIN,11.56310858843585,3.7643691917211317,1.0
1322,27857,50.866778836450216,31832.70082605502,27857.0,436.12486899028346,JUNIN,27857.0,136.42586068309294,JUNIN,8.573864494005747,2.6820228015958545,0.0
1323,519,72.71834412472268,52461.079116491965,519.0,703.0845079684321,JUNIN,519.0,224.83319621353698,JUNIN,9.668598981881912,3.091836027342907,0.0
1324,8653,52.05406385845568,41162.722300549816,8653.0,548.8362973406644,JUNIN,8653.0,176.41166700235638,JUNIN,10.543582127094794,3.389008540851898,0.0
1325,27857,52.93857559736872,36209.84941743709,27857.0,512.0422656898548,JUNIN,27857.0,155.18506893187327,JUNIN,9.672384644125287,2.9314175377923593,0.0
1326,365,9.625799546480541,8561.907427155293,365.0,114.15876569540386,JUNIN,365.0,36.6938889735227,JUNIN,11.85966580169888,3.812035436260357,0.0
1327,442,417.6340186460513,332977.9579376823,442.0,4438.328249842689,JUNIN,442.0,1427.0119964229082,JUNIN,10.627314949657425,3.4168959728166066,0.0
1329,27857,86.2243743506155,72080.77564856347,27857.0,971.8293094468138,JUNIN,27857.0,308.9176099224149,JUNIN,11.270934892435974,3.5827179060326775,0.0
1330,27857,15.12500752469019,11264.40300287273,27857.0,150.19204003830313,JUNIN,27857.0,48.276012869454576,JUNIN,9.930047293737102,3.1918009158440683,0.0
1331,340,69.11024403787152,48195.70470856125,340.0,642.6093961141505,JUNIN,340.0,206.55302017954827,JUNIN,9.298323353655196,2.988746792246311,0.0
1332,519,124.81800076741695,93116.579130756,519.0,1256.4792566133087,JUNIN,519.0,399.0710534175255,JUNIN,10.066490801712197,3.1972235652223393,0.0
1333,8653,36.1971544635332,29988.967354867225,8653.0,405.2322688857231,JUNIN,8653.0,128.52414580657384,JUNIN,11.195141576500829,3.550669872021443,0.0
1334,25383,42.873719829205626,34780.29492866346,25383.0,423.1531769120494,JUNIN,25383.0,135.99798267192867,JUNIN,9.869756545449013,3.1720593224403797,0.0
1335,340,19.794304710823596,18679.45921369052,340.0,249.05945618254032,JUNIN,340.0,80.0548252015308,JUNIN,12.582379619848618,4.044336306379913,0.0
1337,519,33.70680856546524,19990.73849056304,519.0,266.54317987417375,JUNIN,519.0,85.67459353098444,JUNIN,7.907695543364617,2.54175928179577,0.0
1338,4370,112.40417288874228,102016.9092886462,4370.0,1360.2254571819494,LAMBAYEQUE,4370.0,437.2153255227694,LAMBAYEQUE,12.10120071368081,3.8896716579688317,0.0
1339,519,10.263004047965332,9645.562097546157,519.0,128.60749463394876,JUNIN,519.0,41.338123275197816,JUNIN,12.53117450143124,4.027877518317184,0.0
1340,8653,37.56118124257077,31169.61781070461,8653.0,415.59490414272835,JUNIN,8653.0,133.58407633159115,JUNIN,11.06447908170963,3.556439704835235,0.0
1341,20274,31.450212210382713,22063.76519793686,20274.0,294.77334441836393,LORETO,20274.0,94.55899370544371,LORETO,9.372698106025812,3.006624981507336,0.0
1343,8653,49.19603086952533,39785.70195049578,8653.0,530.4760260066105,JUNIN,8653.0,170.5101512164105,JUNIN,10.782902942180563,3.4659330885580375,0.0
1345,8653,88.09174395454706,80352.07006298144,8653.0,1062.0737194292337,JUNIN,8653.0,333.08395986087544,JUNIN,12.056450147896207,3.7811030285963882,0.0
1346,8656,40.99085604717134,33580.771106855515,8656.0,447.91580668957715,JUNIN,8656.0,143.91759045795226,JUNIN,10.927212795315274,3.510968160614533,0.0
1350,442,50.95770004381229,36636.46561023268,442.0,494.9522260591151,JUNIN,442.0,158.85625377705315,JUNIN,9.713001678520936,3.1174141227031855,0.0
1351,1,110.3781800068347,100193.84690290208,1.0,1335.917958705361,LORETO,1.0,429.40220101243744,LORETO,12.103098262923341,3.890281584511074,0.0
1352,519,105.45765127378182,72962.59487641408,519.0,1011.3455742046682,JUNIN,519.0,312.69683518463165,JUNIN,9.59006351828454,2.96514128095675,0.0
1354,4370,107.10760763384705,102229.74820893031,4370.0,1363.0633094524032,LAMBAYEQUE,4370.0,438.12749232398664,LAMBAYEQUE,12.72611105377413,4.090535695855969,0.0
1355,442,124.89761562117022,89981.81222867762,442.0,1199.6442683067612,JUNIN,442.0,385.59994338431613,JUNIN,9.605021379634895,3.0873283005969308,0.0
1357,8653,82.49127716976338,55154.33929327143,8653.0,735.3911905769527,JUNIN,8653.0,236.37573982830605,JUNIN,8.91477518360578,2.8654634518732847,0.0
1358,20274,63.73414639695757,41049.27829859116,20274.0,547.9135190937544,LORETO,20274.0,175.9254784225335,LORETO,8.596859769348221,2.7603017906101828,0.0
1359,519,25.407870950194713,18228.31971697679,519.0,243.04426289302393,JUNIN,519.0,78.12137021561482,JUNIN,9.565707546667202,3.0746917114287426,0.0
1360,10972,5.527153436399834,3909.4552841917052,10972.0,51.94084153176399,LAMBAYEQUE,10972.0,16.754808360821592,LAMBAYEQUE,9.39739454122992,3.03136298885435,0.0
1361,27857,185.35073091240017,179347.61516958047,432.0,1968.6577130602043,JUNIN,432.0,633.4118488090443,JUNIN,10.62125681063877,3.417369037019904,1.0
1362,34252,30.18857344916745,17487.50789919019,34252.0,233.16677198920252,JUNIN,34252.0,74.94646242510082,JUNIN,7.723676389737881,2.4826102681300335,0.0
1363,4370,21.37441193337535,16601.925233740207,4370.0,221.3590031165361,LAMBAYEQUE,4370.0,71.15110814460087,LAMBAYEQUE,10.35626167431031,3.3287983953140277,0.0
1366,4370,24.129449406181465,28082.787353399683,4370.0,374.4371647119954,LAMBAYEQUE,4370.0,120.35480294314137,LAMBAYEQUE,15.517849512806222,4.987880200544856,0.0
1367,442,19.25427394765178,15939.939636854077,442.0,213.338774147721,JUNIN,442.0,68.31402701508887,JUNIN,11.080073687937709,3.5479928872322053,0.0
1368,519,45.286969184655675,34848.334198258075,519.0,464.6444559767744,JUNIN,519.0,149.35000370682033,JUNIN,10.260003359514004,3.2978582227009294,0.0
1369,340,33.8538927619768,31997.696424752427,340.0,426.6359523300323,JUNIN,340.0,137.13298467751042,JUNIN,12.60227163031635,4.0507301668874,0.0
1371,30057,46.296084155936434,37366.932623009394,30057.0,510.46777835498443,LAMBAYEQUE,30057.0,160.14399695575452,LAMBAYEQUE,11.026154536863316,3.459126184762208,0.0
1372,519,43.36514707115405,33205.67790447894,519.0,452.92889307448127,JUNIN,519.0,142.31004816205257,JUNIN,10.444537230124233,3.2816687541390914,0.0
1373,25383,8.332862628346755,9312.639212822982,25383.0,124.1685228376397,JUNIN,25383.0,39.91131091209849,JUNIN,14.901064421156168,4.789627849657342,0.0
1374,340,41.09696217820659,31553.12121486136,340.0,420.70828286481805,JUNIN,340.0,135.2276623494058,JUNIN,10.236967906302246,3.290453969882864,0.0
1375,365,44.87606869262569,33839.39813899269,365.0,448.72575029819734,JUNIN,365.0,145.02599202425432,JUNIN,9.9992214864386,3.2317000185019746,0.0
1376,442,60.18527028146412,33257.356372293405,442.0,407.74120051613846,JUNIN,442.0,130.9034598883279,JUNIN,6.774767291220668,2.1750082582688606,0.0
1377,519,29.867193244181845,13450.560748236929,519.0,200.72549273433506,JUNIN,519.0,57.64526034958685,JUNIN,6.720601132261953,1.9300528134097834,0.0
1378,520,93.31265419787348,67198.30940145876,520.0,883.5013468472491,JUNIN,520.0,283.03500779272713,JUNIN,9.46818365035193,3.0331899807773044,0.0
1380,30057,48.55923324963869,55416.09619385186,30057.0,738.8812825846917,LAMBAYEQUE,30057.0,237.4975551165081,LAMBAYEQUE,15.216082156531774,4.890883550313786,0.0
1382,37783,19.760609855641558,21366.48614644289,20274.0,281.5650553358306,LORETO,20274.0,90.50305350080271,LORETO,14.248803928257566,4.579972691225647,1.0
1383,4370,101.04122781109633,108163.88403186598,4370.0,1442.185120424879,LAMBAYEQUE,4370.0,463.559502993711,LAMBAYEQUE,14.273234318976659,4.587825316813925,0.0
1386,4370,152.08629299141722,140582.63746430055,4370.0,1874.4351661906746,LAMBAYEQUE,4370.0,602.497017704145,LAMBAYEQUE,12.32481329725392,3.961547131260186,0.0
1387,4370,31.618207906262054,24541.277258492497,4370.0,327.21703011323336,LAMBAYEQUE,4370.0,105.17690253639644,LAMBAYEQUE,10.349006214499187,3.326466283231882,0.0
1388,27857,9.404994999719486,9152.844496239539,27857.0,122.0379266165272,JUNIN,27857.0,39.22647641245517,JUNIN,12.975862998350037,4.170813106612512,0.0
1393,442,155.45940469132256,110764.79261670352,442.0,1475.9513967963985,JUNIN,442.0,474.4129489702711,JUNIN,9.494127420126311,3.0516838136120295,0.0
1396,34252,47.48706507697051,31103.00313365693,34252.0,422.3408933070581,JUNIN,34252.0,133.29858485852975,JUNIN,8.893809137761979,2.8070503966178926,0.0
1397,8653,42.17555648616002,36325.1042975796,8653.0,484.23187353909873,JUNIN,8653.0,155.67901841819827,JUNIN,11.481339284711044,3.691214328595394,0.0
1399,8653,117.31275956427889,88508.59990638142,519.0,1172.7045836283307,JUNIN,519.0,376.94075902339205,JUNIN,9.996394151701576,3.2131266916183643,1.0
1401,4370,124.18263339449827,91863.17150234526,4370.0,1229.689870796335,LAMBAYEQUE,4370.0,393.6993064386225,LAMBAYEQUE,9.902269239933952,3.170324993736723,0.0
1402,519,88.44826587239284,70282.17338010784,519.0,937.0956450681041,JUNIN,519.0,301.2093144861764,JUNIN,10.594844747098628,3.4054858115674174,0.0
1403,519,113.39635196238123,88243.52821828115,519.0,1176.5803762437486,JUNIN,519.0,378.186549506919,JUNIN,10.375822113167047,3.335085679232263,0.0
1404,4370,86.7419326612557,100607.6070424409,4370.0,1341.4347605658788,LAMBAYEQUE,4370.0,431.1754587533179,LAMBAYEQUE,15.4646630460085,4.970784550502729,0.0
1405,442,226.12310625680982,161090.2031129036,442.0,2146.4915188456384,JUNIN,442.0,690.3501900309983,JUNIN,9.492579305043913,3.0529838434421737,0.0
1406,27857,11.727028408693759,9282.248518541479,27857.0,123.7633135805531,JUNIN,27857.0,39.781065079463495,JUNIN,10.55368071665981,3.3922545160692246,0.0
1407,442,108.21203756343766,81299.18990085101,442.0,1083.8759706024066,JUNIN,442.0,348.3887048364879,JUNIN,10.016223656882913,3.219500461140936,0.0
1408,519,10.8670715420783,11526.281961231258,519.0,153.6837594830834,JUNIN,519.0,49.39835126241967,JUNIN,14.142150338111401,4.545691180107236,0.0
1409,442,52.0278069566178,33576.684881986526,442.0,449.36657936541656,JUNIN,442.0,143.90007806565654,JUNIN,8.637046334474766,2.7658301681953334,0.0
1410,37783,292.7496459371679,268440.6383517025,20274.0,3575.895714184877,LORETO,20274.0,1149.392277237629,LORETO,12.214859228053045,3.9261952770536235,1.0
1411,25973,20.735427499869584,19258.732861307613,25383.0,256.7568230621367,JUNIN,25383.0,82.52897884140107,JUNIN,12.382518907013205,3.9800953629685303,1.0
1414,8656,64.24596672231375,52921.40241750748,8656.0,705.6186989000996,JUNIN,8656.0,226.80601036074634,JUNIN,10.983081660985045,3.530276248173765,0.0
1415,753,26.67323807189145,19138.697591875156,8652.0,222.79051125561523,JUNIN,8652.0,73.57585766147902,JUNIN,8.352585863596152,2.758414912474165,1.0
1416,8653,98.26991638270778,76087.52660687112,519.0,1007.0902729681934,JUNIN,519.0,323.70758773977633,JUNIN,10.248205249774768,3.2940659731418886,1.0
1417,4370,25.98689691729573,27309.727779218883,4370.0,370.4813673317872,LAMBAYEQUE,4370.0,117.0416904823666,LAMBAYEQUE,14.25646811586847,4.503873273321403,0.0
1418,519,5.0482755808331365,4737.6866731119035,519.0,63.169155641492054,JUNIN,519.0,20.30437145619387,JUNIN,12.5130165003922,4.022041017983206,0.0
1421,442,14.919512148038464,9665.927674861849,442.0,129.6118055286632,JUNIN,442.0,41.42540432083648,JUNIN,8.68740239242366,2.776592418692649,0.0
1422,8656,59.201362792974955,42700.93206627742,8656.0,572.5503325752054,JUNIN,8656.0,183.00399456976052,JUNIN,9.6712356872154,3.091212531875642,0.0
1423,4370,37.849285096049954,29014.009895223506,4370.0,391.701049368045,LAMBAYEQUE,4370.0,124.34575669381509,LAMBAYEQUE,10.34896824006126,3.285286799427346,0.0
1425,340,58.40993040047622,44668.810904588354,340.0,595.5841453945117,JUNIN,340.0,191.43776101966435,JUNIN,10.196624808675612,3.2774865456457305,0.0
1426,519,67.06581002860801,48914.39469061304,519.0,654.6453512716504,JUNIN,519.0,209.63312010262726,JUNIN,9.761238267194578,3.1257822728631,0.0
1428,519,34.9184705655587,31344.135187485976,519.0,417.921802499813,JUNIN,519.0,134.33200794636852,JUNIN,11.968502506865915,3.847018662921189,0.0
1429,365,29.429111363401464,17630.478366148196,365.0,239.5216469622838,JUNIN,365.0,75.55919299777798,JUNIN,8.138935763454853,2.567498286466939,0.0
1430,4370,16.417470738762766,9282.935422906052,4370.0,123.77247230541398,LAMBAYEQUE,4370.0,39.78400895531164,LAMBAYEQUE,7.53907068116033,2.423272718944392,0.0
1431,10972,16.298391375664387,13021.78087722346,11020.0,172.18258402310877,LAMBAYEQUE,11020.0,55.40631464477099,LAMBAYEQUE,10.564391298162082,3.399495899178112,1.0
1433,27857,25.15870875884973,26054.14513381143,27857.0,347.2867560837371,JUNIN,27857.0,111.660622002049,JUNIN,13.803838639436407,4.438249318450085,0.0
1435,520,64.27771126023981,37227.088026427584,520.0,518.5027177722652,JUNIN,520.0,159.54466297040395,JUNIN,8.06660205546234,2.4821148706502454,0.0
1436,8475,111.56887088435076,83774.53717148221,8475.0,1103.0725740754472,JUNIN,8475.0,354.5590416671079,JUNIN,9.886920655662653,3.177938782177281,0.0
1437,8652,12.500619514929383,12400.944186658544,8652.0,157.52819111290597,JUNIN,27857.0,50.753634548163774,JUNIN,12.601630737162377,4.060089540966281,0.0
1438,519,11.155595831069489,7837.081524303223,519.0,104.49442032404296,JUNIN,519.0,33.58749224701382,JUNIN,9.36699589214367,3.010820108189038,0.0
1439,37783,104.33630632074653,54931.17925892932,,,LORETO,37783.0,235.41933968112565,LORETO,,2.25635110138372,
1440,442,20.457904723924802,18685.515209623027,442.0,249.02697471936742,JUNIN,442.0,80.04438473122524,JUNIN,12.172652971061064,3.912638454983913,0.0
1441,519,56.16905726685027,41079.73924168249,519.0,498.02393655946344,JUNIN,519.0,160.0791224655418,JUNIN,8.86651763075586,2.849952095600097,0.0
1442,34252,52.76155992032299,39073.21445448154,34252.0,520.9761927264208,JUNIN,34252.0,167.4566333763494,JUNIN,9.874162051182044,3.1738378021656546,0.0
1444,432,38.79544799956507,26637.61366870733,432.0,355.1681822494311,JUNIN,432.0,114.16120143731713,JUNIN,9.15489317853509,2.9426442359577076,0.0
1445,27857,121.71352027629037,118969.42995870665,432.0,1566.8154029650668,JUNIN,432.0,504.2482491356071,JUNIN,12.872977458941186,4.142910729974458,1.0
1446,8653,14.179902834337357,14820.413357973972,8653.0,197.60551143965307,JUNIN,8653.0,63.51605724845988,JUNIN,13.9356040551379,4.47930130343718,0.0
1447,442,13.993060798273799,12685.619740849945,442.0,168.1473022225114,JUNIN,442.0,54.047347142950095,JUNIN,12.016477641779007,3.862439242000395,0.0
1448,1,69.78211303764138,63363.25571719009,1.0,844.8434095625344,LORETO,1.0,271.5568102165288,LORETO,12.106876286575256,3.8914959492563304,0.0
1451,519,41.64597512495694,28646.21577026051,519.0,381.94954360347333,JUNIN,519.0,122.76949615825927,JUNIN,9.171343508164963,2.947931841910166,0.0
1452,27857,39.19624793496734,21456.0116523408,27857.0,301.47045318765566,JUNIN,27857.0,91.95433565288914,JUNIN,7.6913089663031515,2.345998418151035,0.0
1453,1,43.31876901055198,31374.055976606465,1.0,418.32074635475294,LORETO,1.0,134.460239899742,LORETO,9.656801333686435,3.103971857256353,0.0
1454,8653,10.924621138049822,12373.837192182149,8653.0,164.98449589576202,JUNIN,8653.0,53.03073082363778,JUNIN,15.102079404944359,4.854239808732114,0.0
1456,442,226.12310625680982,161090.2031129036,442.0,2146.4915188456384,JUNIN,442.0,690.3501900309983,JUNIN,9.492579305043913,3.0529838434421737,0.0
1458,25383,63.26683158154266,56258.278787008545,25383.0,713.7221092427168,JUNIN,25383.0,228.046484921979,JUNIN,11.281141972833307,3.6045188169105153,0.0
1459,11129,11.730360869820402,11817.67710428313,10972.0,153.48972355720062,LAMBAYEQUE,10972.0,49.33674728040967,LAMBAYEQUE,13.084825374136221,4.205901917931792,1.0
1460,520,35.342656183938544,25479.55863868817,520.0,334.70440242452605,JUNIN,520.0,107.21414102925186,JUNIN,9.470267335951743,3.0335620636791663,0.0
1462,4370,114.78428132045958,102910.83118540782,4370.0,1374.1989617311183,LAMBAYEQUE,4370.0,441.04641936603343,LAMBAYEQUE,11.97201346667469,3.842393873902486,0.0
1464,519,95.09067080796704,74959.43950642375,519.0,999.4591934189829,JUNIN,519.0,321.254740741816,JUNIN,10.510591469455115,3.378404400896288,0.0
1465,365,2.591832837428861,1790.7276905754675,365.0,23.876369207672894,JUNIN,365.0,7.6745472453234305,JUNIN,9.212156302240011,2.961050240005718,0.0
1466,519,24.37745081296585,8850.991849353148,519.0,141.28760746728022,JUNIN,519.0,37.932822211513496,JUNIN,5.795831916605994,1.5560618910709823,0.0
1467,8656,64.02745156063713,48721.77102097265,8656.0,651.130683756057,JUNIN,8656.0,208.80759008988286,JUNIN,10.1695549000479,3.2612197580928526,0.0
1468,365,45.13542513499765,29182.003312948887,365.0,389.09337750598513,JUNIN,365.0,125.06572848406664,JUNIN,8.620576328731316,2.7708995342350655,0.0
1469,520,81.73651493529168,51100.61010362463,520.0,693.6350117091104,JUNIN,520.0,215.83718602153274,JUNIN,8.486231793198428,2.6406458140820477,0.0
1470,4370,62.45451331349878,63468.23000442158,4370.0,846.243066725621,LAMBAYEQUE,4370.0,272.0067000189496,LAMBAYEQUE,13.54975039958747,4.355276914153115,0.0
1471,25383,88.42214353884061,70457.22808455849,25383.0,892.0135523724598,JUNIN,25383.0,286.70310335563187,JUNIN,10.088124045314858,3.2424355696567533,0.0
1472,308,29.837484404997415,24316.100759729765,308.0,324.2146767963969,JUNIN,308.0,104.21186039884188,JUNIN,10.866019145437571,3.492649011033506,0.0
1473,8653,100.03625774690627,63600.16211995962,8653.0,848.0021615994617,JUNIN,8653.0,272.57212337125543,JUNIN,8.47694806561961,2.7247333068063018,0.0
1474,8653,37.100708714374456,35582.51626049982,8653.0,474.43355013999775,JUNIN,8653.0,152.4964982592849,JUNIN,12.787722029584335,4.110339223794962,0.0
1475,210,40.65765506139566,28729.85112300978,210.0,383.2029273714533,LORETO,210.0,123.12793338432758,LORETO,9.42511137921733,3.0284071523160034,0.0
1476,432,16.1254923980974,9131.224866785826,432.0,119.79273721143258,JUNIN,432.0,39.13382085765353,JUNIN,7.428780111270685,2.4268295126461266,0.0
1477,10972,13.701127194939478,11615.228202872244,10972.0,154.68448044750446,LAMBAYEQUE,10972.0,49.779549440881034,LAMBAYEQUE,11.289909088986292,3.63324482231412,0.0
1478,27857,9.885829225779345,10159.328493518007,27857.0,135.45771324690676,JUNIN,27857.0,43.53997925793432,JUNIN,13.702210523086192,4.404281953849133,0.0
1479,8653,79.87821702481806,53739.44900769065,8653.0,716.5259867692091,JUNIN,8653.0,230.31192431867416,JUNIN,8.970230100987175,2.883288246745875,0.0
1480,365,23.248327916869417,16544.29694887093,365.0,220.59062598494586,JUNIN,365.0,70.90412978087544,JUNIN,9.488451245772442,3.0498593289982843,0.0
1484,4370,55.3964986847918,64561.01151177839,4370.0,860.8134868237117,LAMBAYEQUE,4370.0,276.69004933619306,LAMBAYEQUE,15.53913166465219,4.9947208922096324,0.0
1485,8653,41.011377766920674,28201.1363525431,8653.0,385.2103719344815,JUNIN,8653.0,120.86201293947043,JUNIN,9.392768370858976,2.9470361524151576,0.0
1486,753,4.880881455728973,3805.456171454093,753.0,50.73941561938791,JUNIN,753.0,16.3090978776604,JUNIN,10.39554352622765,3.3414247048588868,0.0
1487,519,42.97834355275424,29423.430686475604,519.0,392.3124091530079,JUNIN,519.0,126.10041722775252,JUNIN,9.128141680738805,2.9340455402374728,0.0
1488,365,11.396147966368066,9822.08978733027,365.0,130.9611971644036,JUNIN,365.0,42.09467051712974,JUNIN,11.491707333994954,3.693763071641237,0.0
1489,520,1.2646575728644718,1424.3815568132331,520.0,18.99175409084311,JUNIN,520.0,6.104492386342428,JUNIN,15.0173094269514,4.826992315805807,0.0
1492,8656,25.53811501021475,11800.94805400221,8656.0,162.7982625330856,JUNIN,8656.0,50.57549166000949,JUNIN,6.374717259592944,1.9803925089921586,0.0
1493,4370,116.96113284967173,120321.45437164608,4370.0,1604.286058288614,LAMBAYEQUE,4370.0,515.6633758784828,LAMBAYEQUE,13.716403211916365,4.408843889544544,0.0
1494,8475,111.91084340040163,77149.86763180998,8475.0,1025.4329073045897,JUNIN,8475.0,326.1676007827984,JUNIN,9.162945038629827,2.914530807491241,0.0
1495,4370,111.48355436750661,129472.8323664003,4370.0,1726.3044315520035,LAMBAYEQUE,4370.0,554.8835672845722,LAMBAYEQUE,15.484834883010855,4.977268355253486,0.0
1496,37783,39.486149776712914,24521.055251185266,37783.0,326.9474033491369,LORETO,37783.0,105.09023679079401,LORETO,8.280052757687589,2.6614455292567247,0.0
1498,520,14.01718090803423,13558.51418933174,520.0,177.89875066419066,JUNIN,520.0,57.18174128491843,JUNIN,12.691478538471626,4.079403815937309,0.0
1499,432,20.746125995082256,23217.91537363602,432.0,307.6152773027685,JUNIN,432.0,99.5053516012972,JUNIN,14.827600939842304,4.796334102322735,0.0
1500,4370,62.457586733537354,72275.87012676953,4370.0,963.6782683569267,LAMBAYEQUE,4370.0,309.7537291147261,LAMBAYEQUE,15.429322821393418,4.959425192590737,0.0
1501,30057,50.062373350117475,53076.94185947829,30057.0,714.1139628980075,LAMBAYEQUE,30057.0,227.47260796919284,LAMBAYEQUE,14.264484783886735,4.543783938854331,0.0
1502,4370,102.98347046952614,112817.40937398473,4370.0,1504.2321249864626,LAMBAYEQUE,4370.0,483.5031830313628,LAMBAYEQUE,14.606539458500578,4.694959111660898,0.0
1504,8653,46.92692466545157,34456.541061231546,8653.0,459.42054748308743,JUNIN,8653.0,147.67089026242087,JUNIN,9.790126899607401,3.146826503445234,0.0
1506,519,26.23755106293287,14312.3808534331,519.0,194.81846283531988,JUNIN,519.0,61.33877508614186,JUNIN,7.425177081810424,2.337823943210854,0.0
1507,8653,34.82639453296512,34470.44154667913,8653.0,459.6058872890553,JUNIN,8653.0,147.730463771482,JUNIN,13.197056240031186,4.241910934295737,0.0
1508,8516,3.3467095364407187,1769.2273086997116,8516.0,23.589697449329485,JUNIN,8516.0,7.582402751570193,JUNIN,7.048624086575951,2.2656291706851275,0.0
1511,210,18.876305340918893,13668.658615753628,,,LORETO,210.0,58.579965496086984,LORETO,,3.103359711452693,
1512,432,69.34163788181334,41581.95971929098,432.0,554.4261295905462,JUNIN,432.0,178.20839879696126,JUNIN,7.995573028365962,2.5700056162604876,0.0
1513,753,21.20225991293251,16125.813939139303,8652.0,180.91315486780437,JUNIN,8652.0,60.663499149753946,JUNIN,8.5327297944053,2.8611808080303596,1.0
1514,4370,153.6372092322231,117193.60768779532,4370.0,1562.581435837271,LAMBAYEQUE,4370.0,502.25831866198,LAMBAYEQUE,10.170592421237126,3.269118992540505,0.0
1515,27857,68.40888772549535,74915.69569304227,27857.0,1000.3334583735503,JUNIN,27857.0,321.06726725589544,JUNIN,14.622858105625001,4.693356052567958,0.0
1516,11470,5.087088088820351,3314.396171981841,29146.0,41.85632033496635,LAMBAYEQUE,29146.0,13.453817250524894,LAMBAYEQUE,8.227952731337988,2.644699092215781,1.0
1517,432,8.049755337559537,8940.198899864148,432.0,119.20265199818866,JUNIN,432.0,38.315138142274925,JUNIN,14.80823292131604,4.759789153280156,0.0
1519,27857,46.24522216016112,30446.23382316829,27857.0,412.356863226511,JUNIN,27857.0,130.4838592421498,JUNIN,8.916745210962445,2.821564112942196,0.0
1520,519,79.39579152942575,53573.022656210494,519.0,714.3069687494733,JUNIN,519.0,229.59866852661642,JUNIN,8.996786290426188,2.8918241647798464,0.0
1521,8653,32.893540622067015,30925.418104431494,8653.0,412.3389080590865,JUNIN,8653.0,132.53750616184925,JUNIN,12.535558661704668,4.029286712690786,0.0
1522,8653,60.984891518931995,42661.83701507269,8653.0,568.8244935343027,JUNIN,8653.0,182.83644435031147,JUNIN,9.327301883577482,2.998061319721331,0.0
1523,442,16.36961355646603,9717.538062460282,442.0,102.77020376603785,JUNIN,442.0,32.8770680757956,JUNIN,6.278108118529372,2.008420538602702,0.0
1524,519,74.09206570409204,56659.778979189694,519.0,756.3777968234459,JUNIN,519.0,242.8276241965272,JUNIN,10.208620715803201,3.277376894394187,0.0
1525,27857,39.19624793496734,21456.0116523408,27857.0,301.47045318765566,JUNIN,27857.0,91.95433565288914,JUNIN,7.6913089663031515,2.345998418151035,0.0
1526,4370,19.898475787298946,10625.367523542865,4370.0,141.6715669805715,LAMBAYEQUE,4370.0,45.537289386612265,LAMBAYEQUE,7.119719545102014,2.2884812823542187,0.0
1527,8653,58.210468348424705,61874.75224297427,8653.0,814.9537264482428,JUNIN,8653.0,257.04683939863077,JUNIN,14.000123166339327,4.4158180940935,0.0
1528,519,22.250210214103195,15370.198371122064,519.0,204.93597828162757,JUNIN,519.0,65.87227873338028,JUNIN,9.2105187460984,2.9605238826744853,0.0
1529,8653,38.1661222655489,24400.32351316469,8653.0,334.05335910217093,JUNIN,8653.0,104.57281505642011,JUNIN,8.752614603546144,2.7399381663359077,0.0
1530,340,2.9574703582769155,1661.1313743729233,340.0,21.916148492744185,JUNIN,340.0,7.119134461598243,JUNIN,7.410437244589323,2.4071701823398834,0.0
1532,442,516.3014912418844,401228.3172430259,442.0,5348.3330405806055,JUNIN,442.0,1719.5135363029526,JUNIN,10.358933939384926,3.330444644207642,0.0
1533,11129,53.928965392701755,39368.68843307874,10972.0,495.6412906125107,LAMBAYEQUE,10972.0,159.37280985106156,LAMBAYEQUE,9.190632288295044,2.955235812341944,1.0
1534,11409,39.28009942853282,16679.219639836516,11409.0,330.3839381906101,LORETO,11409.0,96.78473920200673,LORETO,8.410975099279439,2.463963701978384,0.0
1535,519,164.46764503835192,104275.26852825283,519.0,1388.8067974009173,JUNIN,519.0,446.40218487886625,JUNIN,8.444255385775506,2.714224945427841,0.0
1536,520,23.92583507255829,24807.767504867486,520.0,330.77023339823313,JUNIN,520.0,106.31900359228923,JUNIN,13.824814573666007,4.44369039867836,0.0
1538,8653,78.4552638504998,52852.88754182059,8653.0,704.7051672242746,JUNIN,8653.0,226.512375179231,JUNIN,8.982254760714635,2.887153315943988,0.0
1539,340,84.77974344939422,83664.34130098834,340.0,1115.5245506798444,JUNIN,340.0,358.5614627185215,JUNIN,13.157913733788437,4.229329414431999,0.0
1540,340,70.28492607067994,50442.69453277177,432.0,618.8681470209867,JUNIN,432.0,198.92190439960282,JUNIN,8.805133356740539,2.8302214360951727,1.0
1541,8653,35.02857128488764,32350.81583326349,8653.0,431.34421111017997,JUNIN,8653.0,138.64635357112923,JUNIN,12.31406806752277,3.9580933074180322,0.0
1542,25383,18.890582980501964,20350.29963166166,25383.0,271.33732842215534,JUNIN,25383.0,87.21556984997856,JUNIN,14.363629153330942,4.616880799284949,0.0
1544,37650,25.955655652628096,10976.768528890165,37650.0,155.09098878148416,JUNIN,37650.0,47.04329369524355,JUNIN,5.975229092923364,1.812448674956907,0.0
1545,432,31.783360633032924,22999.302514645686,432.0,306.6573668619425,JUNIN,432.0,98.56843934848152,JUNIN,9.648361933861358,3.101259193026865,0.0
1546,520,57.293261137550516,48137.20593411413,520.0,587.7939012659202,JUNIN,520.0,188.93375397833148,JUNIN,10.259389840887847,3.297661020285379,0.0
1547,519,43.36514707115405,33205.67790447894,519.0,452.92889307448127,JUNIN,519.0,142.31004816205257,JUNIN,10.444537230124233,3.2816687541390914,0.0
1548,753,18.80484989612638,11624.857372636572,753.0,157.6372434419375,JUNIN,753.0,49.82081731129959,JUNIN,8.382797220540924,2.6493600101302697,0.0
1549,25383,79.06514141681838,67668.4483716834,25383.0,861.6618894856483,JUNIN,25383.0,276.9472117134427,JUNIN,10.898126203848912,3.5027726094034626,0.0
1550,519,63.60928245362478,37355.036833785576,519.0,498.0671577838079,JUNIN,519.0,160.09301500193817,JUNIN,7.8301018117431305,2.516818439488862,0.0
1551,8656,21.412300610103078,21806.83095786746,8656.0,290.7577461048994,JUNIN,8656.0,93.45784696228911,JUNIN,13.579005423065547,4.364680314556784,0.0
1552,8653,37.100708714374456,35582.51626049982,8653.0,474.43355013999775,JUNIN,8653.0,152.4964982592849,JUNIN,12.787722029584335,4.110339223794962,0.0
1553,442,481.0798546511609,378236.2248056538,442.0,5041.7718080823115,JUNIN,442.0,1620.9759972856439,JUNIN,10.480114183409707,3.369453078556035,0.0
1555,442,530.0040439837343,408128.4747871851,442.0,5440.3823342818905,JUNIN,442.0,1749.085640063635,JUNIN,10.264794006833757,3.300136404463575,0.0
1556,8475,193.03423992061468,156911.19211205252,8475.0,2151.311488804337,JUNIN,8475.0,691.4929785442512,JUNIN,11.1447144801309,3.5822296543277896,0.0
1557,11020,6.245359895403597,4846.81684865923,11020.0,64.72304381461562,LAMBAYEQUE,11020.0,20.77207220853956,LAMBAYEQUE,10.363380957797148,3.326000832046076,0.0
1558,340,75.31028482145705,52241.80433188776,340.0,696.5573910918368,JUNIN,340.0,223.89344713666176,JUNIN,9.249166866693047,2.9729464928656215,0.0
1559,519,91.62169711004776,62757.50748108047,519.0,846.6826845995242,JUNIN,519.0,268.96074634748766,JUNIN,9.24107183457391,2.935557349744746,0.0
1563,11129,9.718933888344932,10525.748829580452,10972.0,136.2640132278316,LAMBAYEQUE,10972.0,43.807543801892926,LAMBAYEQUE,14.02046919891503,4.5074433374248475,1.0
1564,25973,11.961797804451699,8310.04055714655,25383.0,104.1784130209353,JUNIN,25383.0,33.48591847101493,JUNIN,8.709260491108141,2.799405157856189,1.0
1565,519,60.27653031535923,35489.74284466787,519.0,473.19657126223825,JUNIN,519.0,152.0988979057194,JUNIN,7.850428164768829,2.523351910104266,0.0
1567,8653,2.513442728037319,2110.427435546932,8653.0,28.13903247395909,JUNIN,8653.0,9.044689009486852,JUNIN,11.195414226100993,3.5985260012467486,0.0
1570,4370,26.633424134418156,25801.73556352718,4370.0,342.5473984112294,LAMBAYEQUE,4370.0,109.66824178615761,LAMBAYEQUE,12.861560597030337,4.117692161273181,0.0
1571,520,37.60233126596851,29672.97197904548,520.0,399.11545863605784,JUNIN,520.0,127.16987991019494,JUNIN,10.614114742329074,3.381967969238342,0.0
1572,8653,30.87234070422402,30568.0311323562,8653.0,407.4708980027867,JUNIN,8653.0,131.00584771009798,JUNIN,13.198574798931125,4.243469873736315,0.0
1573,308,27.76869133020692,14428.05926022149,308.0,192.37412346961978,JUNIN,308.0,61.834539686663504,JUNIN,6.927734590803501,2.2267718327582684,0.0
1575,27857,2.030488837173844,1130.2273477147987,27857.0,15.069697969530647,JUNIN,27857.0,4.843831490206281,JUNIN,7.4217093409415416,2.3855494310169245,0.0
1576,519,116.0162968070476,71539.97289027828,519.0,969.5643026555465,JUNIN,519.0,306.59988381547834,JUNIN,8.357138861862454,2.642731170133793,0.0
1577,4370,166.1332867226218,138611.30117568362,4370.0,1865.3625435711322,LAMBAYEQUE,4370.0,594.0484336100727,LAMBAYEQUE,11.228108348241884,3.5757339503064394,0.0
1578,25383,71.18809126586714,56073.76635480207,25383.0,707.0661292605639,JUNIN,25383.0,227.25571735537974,JUNIN,9.932365325260292,3.1923277238414034,0.0
1580,365,4.746498907245258,2374.5553952561904,365.0,31.660738603415876,JUNIN,365.0,10.176665979669387,JUNIN,6.6703351716962525,2.144036305188081,0.0
1581,753,90.2473550311576,66716.9919054524,753.0,891.8778527752374,JUNIN,753.0,284.1299825742827,JUNIN,9.882592708310616,3.1483469235878188,0.0
1584,8653,47.32880737673358,27149.129046520095,8653.0,381.1757396739779,JUNIN,8653.0,116.35341019937184,JUNIN,8.053778677325397,2.4584057078220427,0.0
1586,210,2.706225204800764,1068.3890110315738,,,LORETO,210.0,4.578810047278173,LORETO,,1.691954549516241,
1588,442,47.01830230762476,40798.17238558716,442.0,527.8019857637476,JUNIN,442.0,169.41510511068498,JUNIN,11.225458169682918,3.6031735897706296,0.0
1589,27857,9.612471788081917,5654.068803477449,27857.0,75.387584046366,JUNIN,27857.0,24.23172344347478,JUNIN,7.842684556935269,2.5208628933006216,0.0
1591,4370,1.0509140968707635,497.20964894433894,4370.0,6.629461985924518,LAMBAYEQUE,4370.0,2.1308984954757384,LAMBAYEQUE,6.3082815290656225,2.027661920056808,0.0
1592,4370,43.996191845055414,35903.70151811949,4370.0,478.7160202415929,LAMBAYEQUE,4370.0,153.87300650622632,LAMBAYEQUE,10.880851277481513,3.4974164820476297,0.0
1593,11409,30.879425429639983,12638.44981326158,11409.0,197.78852485007695,LORETO,11409.0,54.1647849139782,LORETO,6.405187988382299,1.7540735995038137,0.0
1594,30057,34.58608531102605,32625.83827580569,30057.0,435.01117701074264,LAMBAYEQUE,30057.0,139.82502118202441,LAMBAYEQUE,12.577635575080853,4.042811434847417,0.0
1595,4370,144.68295114508499,123180.92032859298,4370.0,1644.4668169735874,LAMBAYEQUE,4370.0,527.9182299796842,LAMBAYEQUE,11.366002724982787,3.6487936263499283,0.0
1596,8653,42.8467689385483,32416.463197779914,8653.0,432.2195093037323,JUNIN,8653.0,138.92769941905672,JUNIN,10.087563660252428,3.2424311765097067,0.0
1598,8653,8.49490142791725,9539.164197027483,8653.0,127.1888559603665,JUNIN,8653.0,40.88213227297493,JUNIN,14.972375729090738,4.812549341493449,0.0
1600,27857,9.61198920592994,8777.227421219484,27857.0,117.02969894959313,JUNIN,27857.0,37.61668894808351,JUNIN,12.175388095254394,3.913517602046056,0.0
1601,4370,68.40804289542565,68486.88323697525,4370.0,913.1584431596698,LAMBAYEQUE,4370.0,293.5152138727509,LAMBAYEQUE,13.348700014055385,4.290653575946372,0.0
1604,4370,33.36488910437983,23194.228174799795,4370.0,309.25637566399735,LAMBAYEQUE,4370.0,99.4038350348563,LAMBAYEQUE,9.268916635583874,2.9792946328662455,0.0
1605,8653,25.62710528188445,28104.616550370698,8653.0,374.6253702429799,JUNIN,8653.0,120.44835664444581,JUNIN,14.618325640851793,4.700037531339506,0.0
1606,340,32.569489852740396,21573.802289723677,340.0,287.6506971963158,JUNIN,340.0,92.45915267024435,JUNIN,8.83190674760025,2.8388271688715085,0.0
1607,210,2.706225204800764,1068.3890110315738,,,LORETO,210.0,4.578810047278173,LORETO,,1.691954549516241,
1609,519,31.80707515320087,25069.49247959138,519.0,349.7359352011457,JUNIN,519.0,107.4406820553916,JUNIN,10.995538996170492,3.377886257629678,0.0
1611,8653,72.34839891171958,49144.65567156662,8653.0,655.2620756208887,JUNIN,8653.0,210.61995287814258,JUNIN,9.057036305951257,2.9111902411986152,0.0
1612,34252,52.76155992032299,39073.21445448154,34252.0,520.9761927264208,JUNIN,34252.0,167.4566333763494,JUNIN,9.874162051182044,3.1738378021656546,0.0
1613,8656,58.647686989965145,44250.42775406605,8656.0,590.0057033875472,JUNIN,8656.0,189.64469037456877,JUNIN,10.060170036859247,3.233626083276187,0.0
1614,519,103.24356913911691,83703.18747827921,519.0,1134.1371606622426,JUNIN,519.0,358.72794633548233,JUNIN,10.98506347774586,3.474579088331493,0.0
1615,519,55.909555592740084,38876.78339966224,519.0,525.6994473380986,JUNIN,519.0,166.61478599855243,JUNIN,9.402676193089992,2.980077094731684,0.0
1616,753,90.2473550311576,66716.9919054524,753.0,891.8778527752374,JUNIN,753.0,284.1299825742827,JUNIN,9.882592708310616,3.1483469235878188,0.0
1617,29146,0.3546075682053421,263.9857324124474,,,LAMBAYEQUE,29146.0,1.131367424624775,LAMBAYEQUE,,3.190477378558473,
1618,8653,48.11680212868452,34232.13413576918,8653.0,461.11043032689685,JUNIN,8653.0,146.7091462961536,JUNIN,9.583147880312039,3.0490211278752852,0.0
1619,432,20.746125995082256,23217.91537363602,432.0,363.87229052269925,JUNIN,432.0,117.5879629934178,JUNIN,17.53928856929496,5.667947983218232,0.0
1620,442,139.13859447259557,102594.23363495327,442.0,1367.8098870571039,JUNIN,442.0,439.65317798264067,JUNIN,9.830557022958175,3.1598219002365573,0.0
1621,27857,19.547533277346396,14420.489468294112,27857.0,192.27319291058816,JUNIN,27857.0,61.80209772126047,JUNIN,9.83618701053259,3.1616315390997607,0.0
1622,519,23.123552634142136,17622.549603350384,519.0,234.96732804467177,JUNIN,519.0,75.52521258578736,JUNIN,10.161385309701087,3.2661595638324923,0.0
1623,519,97.50904937875752,77114.14241921259,519.0,1046.2832265413545,JUNIN,519.0,330.48918179662536,JUNIN,10.730114109483758,3.389318057167142,0.0
1624,27857,8.109344927917741,5749.141794956669,27857.0,76.65522393275556,JUNIN,27857.0,24.639179121242865,JUNIN,9.452702359330834,3.0383686154991976,0.0
1625,519,96.96861892431066,75546.93594961519,519.0,1032.9019014658184,JUNIN,519.0,323.77258264120786,JUNIN,10.651919279906988,3.3389418786497327,0.0
1626,519,8.779012357042266,7282.19958573925,519.0,99.48018787381999,JUNIN,519.0,31.209426796025358,JUNIN,11.331592191463303,3.555004313325755,0.0
1629,8653,40.06730404776284,29475.118032232338,8653.0,393.001573763098,JUNIN,8653.0,126.32193442385284,JUNIN,9.808535490548964,3.1527435505335935,0.0
1631,4370,148.25239895752318,112451.38182823775,4370.0,1499.3517577098369,LAMBAYEQUE,4370.0,481.9344935495904,LAMBAYEQUE,10.113507560437025,3.2507702872833293,0.0
1633,4317,5.631908220526077,3536.5589981088538,4317.0,46.68043462079827,LAMBAYEQUE,4317.0,15.15668142046651,LAMBAYEQUE,8.288564513652151,2.691215983461237,0.0
1634,11129,11.953296527837136,8623.217396202599,30057.0,109.93546122644979,LAMBAYEQUE,30057.0,35.33639825135888,LAMBAYEQUE,9.197083078331517,2.956205275177989,1.0
1638,519,58.0848377076247,38006.112466905295,519.0,507.6736377275673,JUNIN,519.0,162.88333914387977,JUNIN,8.740209282893904,2.8042316303570964,0.0
1639,25383,64.19800085832048,41790.14830072595,25383.0,560.8132931122846,JUNIN,25383.0,179.0500347116741,JUNIN,8.735681572856944,2.7890281989749535,0.0
1640,753,117.13076949671563,81553.04161162715,753.0,1089.6918488575675,JUNIN,753.0,347.713052743603,JUNIN,9.303207462392047,2.968588477969087,0.0
1641,37650,13.345315147582197,11206.858405249792,27857.0,148.18657475218427,JUNIN,27857.0,47.63139902748781,JUNIN,11.104014638352815,3.569147562327691,1.0
1642,8656,18.208952496674016,12568.310872768907,8656.0,167.57747830358542,JUNIN,8656.0,53.8641894547239,JUNIN,9.20302682618314,2.9581157655588672,0.0
1643,8653,107.98748465143919,83240.45641815924,519.0,1103.2682351519143,JUNIN,519.0,354.3630012167254,JUNIN,10.216630554114964,3.2815191719719596,1.0
1645,30057,30.810142486337757,27804.907988094506,30057.0,370.7321065079267,LAMBAYEQUE,30057.0,119.16389137754786,LAMBAYEQUE,12.032794287540918,3.867683878138152,0.0
1646,34252,5.4688941000465885,3989.116819587977,365.0,51.191050379612,JUNIN,365.0,16.454266193446713,JUNIN,9.360402568258895,3.008700825511787,1.0
1647,8653,56.96436572679025,40349.85894269141,8653.0,537.9981192358856,JUNIN,8653.0,172.9279668972489,JUNIN,9.44446782425712,3.035721800654074,0.0
1648,365,11.893371672628838,10074.946775575776,365.0,134.33262367434367,JUNIN,365.0,43.17834332389619,JUNIN,11.294746970995114,3.630454383534145,0.0
1649,8653,30.87234070422402,30568.0311323562,8653.0,407.4708980027867,JUNIN,8653.0,131.00584771009798,JUNIN,13.198574798931125,4.243469873736315,0.0
1650,20274,22.543096274504954,15523.465371950115,20274.0,206.97953829266822,LORETO,20274.0,66.52913730835763,LORETO,9.181504429218585,2.9511978522488307,0.0
1651,442,68.74674920471028,45282.759448462326,442.0,596.3127770244059,JUNIN,442.0,191.671964043559,JUNIN,8.674050539447888,2.7880876733939632,0.0
1652,30057,25.165329391605706,23468.79811067005,30057.0,312.91730814226736,LAMBAYEQUE,30057.0,100.58056333144307,LAMBAYEQUE,12.434461050473907,3.996791051938041,0.0
1653,432,24.478557498888726,24773.095166888717,432.0,328.3510078794711,JUNIN,432.0,106.17040785809448,JUNIN,13.413821786450347,4.337282042167493,0.0
1654,365,69.43837634141265,60051.171861866525,365.0,798.216066603182,JUNIN,365.0,257.3621651222851,JUNIN,11.495315827641702,3.7063390402001057,0.0
1655,27857,128.4209625989637,122345.89048033877,432.0,1562.3180072195287,JUNIN,432.0,502.80265764596993,JUNIN,12.16559956880541,3.915269341315678,1.0
1656,27694,0.8358937985668398,583.8037230991739,27694.0,7.78404964132232,JUNIN,27694.0,2.5020159561393167,JUNIN,9.312247147506373,2.9932222974127622,0.0
1657,8475,205.80572192242116,150569.58571421838,8475.0,1897.66732593333,JUNIN,8475.0,609.9644976214274,JUNIN,9.220673303965082,2.963787847703062,0.0
1658,442,176.0949327149837,120402.22172837674,442.0,1603.9851003852814,JUNIN,442.0,515.973126954455,JUNIN,9.108638594282503,2.9300850342444376,0.0
1659,34252,37.12768557567564,32762.11689432477,34252.0,436.8282252576638,JUNIN,34252.0,140.40907240424892,JUNIN,11.765565735771412,3.7817889864979493,0.0
1660,27857,41.648710332187,43422.25311053891,27857.0,579.8023484629628,JUNIN,27857.0,186.09537047373823,JUNIN,13.921255756504884,4.468214477458137,0.0
1661,308,53.62628913429722,49906.25883784822,308.0,661.8641662572576,JUNIN,308.0,212.74205343983277,JUNIN,12.342158611790945,3.9671224109328036,0.0
1662,30057,23.125067466671297,26519.650280610407,30057.0,353.5953370748056,LAMBAYEQUE,30057.0,113.65564405975891,LAMBAYEQUE,15.29056456092162,4.914824323153376,0.0
1664,365,0.9560930377226537,529.511815106466,365.0,7.06015753475288,JUNIN,365.0,2.2693363504562827,JUNIN,7.384383377134173,2.373551799793127,0.0
1665,30057,30.389112377901387,28816.76607843495,30057.0,384.7943464403197,LAMBAYEQUE,30057.0,123.5004260504355,LAMBAYEQUE,12.662243689622791,4.063969507060811,0.0
1666,519,182.70989071359344,84798.90306875708,8656.0,541.0320672796744,JUNIN,8656.0,153.4242292279032,JUNIN,2.961153691059715,0.8397149635889338,1.0
1668,11409,23.319445761277596,9543.900737406613,11409.0,148.74068138746125,LORETO,11409.0,40.902431731742624,LORETO,6.3783969357645764,1.754005311724086,0.0
1670,365,28.517878029098654,27129.549576632493,365.0,359.26110280006156,JUNIN,365.0,116.26949818556781,JUNIN,12.597750170383785,4.07707396977189,0.0
1672,520,27.150695933547436,26750.181947723097,520.0,356.6690926363081,JUNIN,520.0,114.64363691881331,JUNIN,13.13664642369654,4.22249349333103,0.0
1673,432,53.60814229425448,34794.277451688555,432.0,463.92369935584736,JUNIN,432.0,149.11833193580807,JUNIN,8.653978285786803,2.7816358775743293,0.0
1674,4370,21.279660901019167,21564.43138855076,4370.0,286.0500094115438,LAMBAYEQUE,4370.0,91.50836675054441,LAMBAYEQUE,13.442413896635154,4.300273729745464,0.0
1677,4370,14.95466151975275,7562.809607435094,4370.0,100.83746143246793,LAMBAYEQUE,4370.0,32.412041174721836,LAMBAYEQUE,6.742878218893656,2.1673537132158183,0.0
1678,432,28.613618494473553,32396.656622925868,432.0,429.9984939599663,JUNIN,432.0,138.84281409825368,JUNIN,15.027756592302943,4.85233330852824,0.0
1679,519,25.76766313383462,21224.88542701222,519.0,284.12413669792124,JUNIN,519.0,90.96379468719522,JUNIN,11.02638354212446,3.5301530532566545,0.0
1680,4370,206.7975938711475,158107.38163610635,4370.0,2080.062477482763,LAMBAYEQUE,4370.0,668.5915106194597,LAMBAYEQUE,10.058446225340605,3.2330720010023377,0.0
1682,1,27.21067925639641,19221.621642977872,1.0,256.2882885730383,LORETO,1.0,82.37837846990517,LORETO,9.41866559662573,3.0274282274868423,0.0
1684,25383,75.15442235362823,48303.08183812951,25383.0,637.4012105396989,JUNIN,25383.0,206.99328805488065,JUNIN,8.481220273911493,2.754239625193362,0.0
1686,8653,23.904883324686264,18794.953688229012,8653.0,250.5993825097201,JUNIN,8653.0,80.54980152098149,JUNIN,10.48318785354327,3.3695960957817666,0.0
1687,520,70.71570784754591,54413.321926923454,520.0,725.5109590256462,JUNIN,520.0,233.1999511153863,JUNIN,10.25954460626705,3.2977107663001237,0.0
1688,25383,117.0583311168851,91948.13495256867,25383.0,1199.8999986067772,JUNIN,25383.0,381.0030113458083,JUNIN,10.250445117047269,3.2548132859110144,0.0
1689,25383,61.600600349953076,51727.74721187368,25383.0,649.1192073548522,JUNIN,25383.0,208.62992102854383,JUNIN,10.537546771739322,3.3868163596347607,0.0
1690,365,71.01727247724199,39540.914394743115,27857.0,531.2392625056825,JUNIN,27857.0,164.917848190027,JUNIN,7.480423338926768,2.322221657314087,1.0
1691,753,39.189479171910705,27201.060593068756,27857.0,318.36733181298405,JUNIN,27857.0,102.63650122724822,JUNIN,8.123795940650718,2.6189809968389053,1.0
1693,365,92.11505796875934,52317.879686833076,27857.0,688.8669566116554,JUNIN,27857.0,219.6762708704125,JUNIN,7.478331684329866,2.3848030464781917,1.0
1694,8653,30.87234070422402,30568.0311323562,8653.0,407.4708980027867,JUNIN,8653.0,131.00584771009798,JUNIN,13.198574798931125,4.243469873736315,0.0
1696,8653,84.76756806570658,73786.14400204006,519.0,981.0010003888029,JUNIN,519.0,313.8445194333575,JUNIN,11.572834077632043,3.7024126867729015,1.0
1697,8653,39.16465013878331,41900.43049015161,8653.0,558.5695561067256,JUNIN,8653.0,179.57327352922115,JUNIN,14.262084663781913,4.585085603800565,0.0
1699,520,17.020091533345518,12098.305443825766,520.0,161.31073925101023,JUNIN,520.0,51.84988047353899,JUNIN,9.477665788986656,3.046392575031424,0.0
1701,37650,3.587882948006823,2328.5463175862587,37650.0,31.047284234483453,JUNIN,37650.0,9.979484218226824,JUNIN,8.653371552082309,2.7814408560264567,0.0
1702,520,19.00349769291322,20223.592288973516,520.0,269.6478971863136,JUNIN,520.0,86.6725383813151,JUNIN,14.189382478093528,4.560872939387206,0.0
1703,519,105.29127855912425,82798.70976275807,519.0,1126.4204978398755,JUNIN,519.0,354.85161326896315,JUNIN,10.698136761701075,3.3701899922290637,0.0
1705,365,23.248327916869417,16544.29694887093,365.0,220.59062598494586,JUNIN,365.0,70.90412978087544,JUNIN,9.488451245772442,3.0498593289982843,0.0
1706,27694,2.7706136079886767,2551.1512679353914,8652.0,28.3560828225071,JUNIN,8652.0,8.587602672249732,JUNIN,10.234585847967505,3.0995309658079284,1.0
1708,442,54.41798878944277,49601.83150415991,442.0,661.2445253131924,JUNIN,442.0,212.54288313638332,JUNIN,12.151212127146374,3.9057467551541927,0.0
1709,519,59.66860904760985,36942.16952416188,519.0,499.28924800744846,JUNIN,519.0,158.32358367497943,JUNIN,8.367703822441435,2.653381504982835,0.0
1711,4370,7.136489513426299,5513.648266485799,4370.0,73.51531021981063,LAMBAYEQUE,4370.0,23.629921142081997,LAMBAYEQUE,10.30132673515486,3.3111407362997776,0.0
1712,4370,142.11561709342348,100729.31150017503,4370.0,1357.0238515292097,LAMBAYEQUE,4370.0,431.6970492864645,LAMBAYEQUE,9.548731372971726,3.0376467985406346,0.0
1713,519,36.53271932862835,32659.771734251244,519.0,435.46362312335,JUNIN,519.0,139.9704502896482,JUNIN,11.919825053431076,3.8313723386028458,0.0
1714,11129,4.343299479294485,2781.356230166048,,,LAMBAYEQUE,30057.0,10.29985039691651,LAMBAYEQUE,,2.371434538653916,
1715,4370,113.83084295570806,109038.0860109441,4370.0,1453.841146812587,LAMBAYEQUE,4370.0,467.3060829040456,LAMBAYEQUE,12.771943957037033,4.105267700476187,0.0
1716,30057,23.593639788368847,19105.394107688997,30057.0,254.73858810252,LAMBAYEQUE,30057.0,81.88026046152429,LAMBAYEQUE,10.796917745099279,3.470437846639054,0.0
1717,20274,31.450212210382713,22063.76519793686,20274.0,294.77334441836393,LORETO,20274.0,94.55899370544371,LORETO,9.372698106025812,3.006624981507336,0.0
1718,308,93.11226579161473,70165.23268957542,308.0,931.9838176136201,JUNIN,308.0,299.56622709009207,JUNIN,10.009248617141377,3.217258484081156,0.0
1720,30057,37.92513281640958,31309.637546813243,30057.0,424.9597983611475,LAMBAYEQUE,30057.0,134.1841609149139,LAMBAYEQUE,11.205229007853978,3.538132920047537,0.0
1723,753,14.636917066451403,13248.004567403863,8652.0,151.45650419363318,JUNIN,8652.0,52.20920893720227,JUNIN,10.34756865165135,3.566953935734771,1.0
1725,432,64.95176548310278,39387.0235199357,432.0,525.1603135991425,JUNIN,432.0,168.80152937115292,JUNIN,8.085389360752066,2.5988751516703066,0.0
1726,4370,83.11320145180613,86660.61308746827,4370.0,1155.4748411662426,LAMBAYEQUE,4370.0,371.40262751772065,LAMBAYEQUE,13.902422491043787,4.468635800692643,0.0
1727,8653,91.54319615456744,73963.06128891582,519.0,978.7640687287899,JUNIN,519.0,314.6027363771109,JUNIN,10.691827572594052,3.436658862619515,1.0
1728,432,71.45864546625658,82088.90312614579,432.0,1092.5617806695657,JUNIN,432.0,351.8095848263392,JUNIN,15.289427521901226,4.92326131472037,0.0
1729,519,52.94555712090725,34757.86640573637,519.0,463.4382187431514,JUNIN,519.0,148.96228459601295,JUNIN,8.753108739319469,2.8134992376384007,0.0
1731,4370,126.45649195956507,96233.92149996152,4370.0,1283.1189533328204,LAMBAYEQUE,4370.0,412.43109214269225,LAMBAYEQUE,10.146722666821269,3.2614465714782646,0.0
1735,8475,189.50840863846324,155148.2764709768,8475.0,2122.360082509109,JUNIN,8475.0,682.187169377928,JUNIN,11.199292410069596,3.5997725603795137,0.0
1736,4370,31.61080939208893,23768.158867002214,4370.0,316.90878489336285,LAMBAYEQUE,4370.0,101.86353800143804,LAMBAYEQUE,10.025329657413767,3.2224273898829963,0.0
1737,1,2.322267381724931,1725.1902064747405,1.0,23.00253608632987,LORETO,1.0,7.393672313463173,LORETO,9.905205691363616,3.183816115081163,0.0
1738,8653,30.87234070422402,30568.0311323562,8653.0,407.4708980027867,JUNIN,8653.0,131.00584771009798,JUNIN,13.198574798931125,4.243469873736315,0.0
1740,4370,154.38911485209292,118797.86410757301,4370.0,1583.9715214343073,LAMBAYEQUE,4370.0,509.1337033181701,LAMBAYEQUE,10.259606209620255,3.2977305673779385,0.0
1741,442,61.09400118474347,33608.77533901519,442.0,425.71422970086064,JUNIN,442.0,136.47437914697565,JUNIN,6.968183806025967,2.2338425459201443,0.0
1742,442,42.91360081880215,24596.441534258247,442.0,304.9084985907279,JUNIN,442.0,97.85009141230307,JUNIN,7.105171618624354,2.28016501867238,0.0
1743,34252,91.59770632388901,61496.403627115535,34252.0,819.9520483615404,JUNIN,34252.0,263.5560155447807,JUNIN,8.951665726892704,2.8773211265012244,0.0
1744,519,112.85416537373406,90617.36806416915,519.0,1210.8936520358359,JUNIN,519.0,388.360148846439,JUNIN,10.72972050279025,3.4412566657183117,0.0
1745,4370,128.88043292920878,109544.22882616961,4370.0,1460.5897176822598,LAMBAYEQUE,4370.0,469.4752663978691,LAMBAYEQUE,11.332905115895521,3.6427195015378455,0.0
1747,442,12.717605738597483,11384.478804069056,442.0,151.79305072092063,JUNIN,442.0,48.790623446010216,JUNIN,11.935662564238338,3.8364629670766095,0.0
1748,519,24.815255432242978,16866.47474837027,519.0,224.8863299782703,JUNIN,519.0,72.28489177872974,JUNIN,9.062422532474553,2.912921528295392,0.0
1750,4370,154.71024533126936,112890.42274733371,4370.0,1519.1720014913265,LAMBAYEQUE,4370.0,483.8160974885733,LAMBAYEQUE,9.819466049183998,3.127240193127575,0.0
1751,519,73.05159280254078,42799.27610697249,519.0,570.6570147596328,JUNIN,519.0,183.42546902988204,JUNIN,7.81169845676226,2.51090307538787,0.0
1752,519,24.815255432242978,16866.47474837027,519.0,224.8863299782703,JUNIN,519.0,72.28489177872974,JUNIN,9.062422532474553,2.912921528295392,0.0
1755,27857,72.27515044218337,64435.36421093953,27857.0,853.3469232533891,JUNIN,27857.0,276.1515609040267,JUNIN,11.806920055268863,3.8208368881215216,0.0
1756,4370,161.1791940944475,145129.08801581568,4370.0,1935.054506877543,LAMBAYEQUE,4370.0,621.981805782067,LAMBAYEQUE,12.00560976712443,3.858945996575707,0.0
1757,8475,1.9760040167578452,1440.6183696069495,8475.0,19.208244928092668,JUNIN,8475.0,6.174078726886926,JUNIN,9.720751964669004,3.124527417215036,0.0
1758,308,62.03637722285459,55549.33878217351,308.0,738.6909823484044,JUNIN,308.0,236.92668177265548,JUNIN,11.907384270599639,3.819157281243854,0.0
1760,753,32.11626522655979,21768.030693671804,8652.0,256.5644323408716,JUNIN,8652.0,84.84442809775037,JUNIN,7.988613574180341,2.6417899933017424,1.0
1761,8656,108.87136198855251,77390.83095189922,8656.0,1033.1133927942724,JUNIN,8656.0,331.67498979385385,JUNIN,9.489303467177173,3.046485170532986,0.0
1762,340,17.996991391400837,11703.824897768056,340.0,156.05099863690737,JUNIN,340.0,50.15924956186307,JUNIN,8.670949229406771,2.78709082373789,0.0
1763,520,44.058977075384504,38528.63892674634,519.0,457.6696222922404,JUNIN,519.0,147.1080928796487,JUNIN,10.387658830779749,3.3388903384649193,1.0
1766,4370,30.81583330770779,30266.63786355668,4370.0,408.46078421963125,LAMBAYEQUE,4370.0,129.71416227238572,LAMBAYEQUE,13.25489984778264,4.209334888891064,0.0
1768,4370,3.939855701994425,4528.261365181442,4370.0,60.37681820241924,LAMBAYEQUE,4370.0,19.40683442220618,LAMBAYEQUE,15.32462678058372,4.925772893759052,0.0
1769,8653,30.200057047375616,28771.50047749045,8653.0,383.6200063665395,JUNIN,8653.0,123.3064306178162,JUNIN,12.702625222354541,4.082986678613958,0.0
1770,753,53.21374034651743,47754.79360430727,8652.0,612.6972081433125,JUNIN,8652.0,199.4512305597388,JUNIN,11.513891039298283,3.7481152285284125,1.0
1772,4370,124.93253845052075,95344.94861968567,4370.0,1271.265981595809,LAMBAYEQUE,4370.0,408.62120837008143,LAMBAYEQUE,10.175619557264428,3.270734857692137,0.0
1774,10972,15.23399187785518,12149.270630857627,10972.0,161.80504615397632,LAMBAYEQUE,10972.0,52.06830270367556,LAMBAYEQUE,10.621316293937603,3.417902748088267,0.0
1775,25383,97.5131462346652,69080.9697117656,25383.0,880.495507353411,JUNIN,25383.0,283.0008745995092,JUNIN,9.029505675414269,2.902181762430966,0.0
1776,8475,107.98344386671496,80062.82946953614,8475.0,1053.5831380494994,JUNIN,8475.0,338.651722944482,JUNIN,9.756895134312883,3.1361448646005696,0.0
1777,442,29.362757684984718,25828.373739744144,442.0,345.1110863937607,JUNIN,442.0,110.69303031318918,JUNIN,11.753360842201845,3.7698444914727633,0.0
1778,8653,40.492492371863484,38741.36799884853,8653.0,518.809513180268,JUNIN,8653.0,166.0344342807794,JUNIN,12.812486532460689,4.10037576240058,0.0
1779,519,41.69742876594989,31042.82371264386,519.0,413.90431616858484,JUNIN,519.0,133.04067305418795,JUNIN,9.926375040817362,3.190620548834151,0.0
1780,8653,72.01510030274632,49096.125472297725,8653.0,654.6150062973031,JUNIN,8653.0,210.4119663098473,JUNIN,9.089968680809283,2.9217756474029817,0.0
1781,432,47.22981443877053,32009.73390132596,432.0,427.0471912892811,JUNIN,432.0,137.18457386282552,JUNIN,9.041898562674044,2.9046180996682454,0.0
1783,4370,153.6372092322231,117193.60768779532,4370.0,1562.581435837271,LAMBAYEQUE,4370.0,502.25831866198,LAMBAYEQUE,10.170592421237126,3.269118992540505,0.0
1784,11470,5.149312959797798,4545.628074871098,11020.0,53.65460056216207,LAMBAYEQUE,11020.0,17.427761170443045,LAMBAYEQUE,10.419759098166946,3.384482805086175,1.0
1785,519,113.39635196238123,88243.52821828115,519.0,1176.5803762437486,JUNIN,519.0,378.186549506919,JUNIN,10.375822113167047,3.335085679232263,0.0
1786,520,33.54515142708087,26990.218668877176,520.0,346.75932012285324,JUNIN,520.0,110.75872121343134,JUNIN,10.337092109320926,3.301780331926487,0.0
1787,8653,84.76756806570658,73786.14400204006,519.0,981.0010003888029,JUNIN,519.0,313.8445194333575,JUNIN,11.572834077632043,3.7024126867729015,1.0
1788,519,20.34806614362173,13469.7639959991,519.0,186.55873413356088,JUNIN,519.0,57.727559982853286,JUNIN,9.168376631802884,2.837004734277831,0.0
1789,432,17.638334756713373,18416.640240609853,442.0,220.56936608209352,JUNIN,442.0,70.89729624067293,JUNIN,12.505112819572837,4.019500549148412,1.0
1790,25973,11.708154995911366,11505.491300576834,25383.0,149.93810391770722,JUNIN,25383.0,48.19439054497733,JUNIN,12.806296463453677,4.116309577538683,1.0
1791,519,127.56059599174823,93939.35769805538,519.0,1270.5840320527266,JUNIN,519.0,402.59724727737995,JUNIN,9.96063104106945,3.156125480186872,0.0
1793,8653,12.741159303846555,14237.164664519341,8653.0,189.82886219359122,JUNIN,8653.0,61.0164199907972,JUNIN,14.89886890718664,4.788922148738565,0.0
1794,519,110.4076877701097,63375.07578658457,519.0,815.358411970918,JUNIN,519.0,262.0794895620809,JUNIN,7.384978604648011,2.373743122922576,0.0
1795,8653,38.61849345091542,34444.93709677969,8653.0,459.2658279570627,JUNIN,8653.0,147.62115898619868,JUNIN,11.892380746048397,3.8225509540869838,0.0
1796,25973,26.675306832532677,21489.58843078427,25383.0,286.5015639884921,JUNIN,25383.0,92.08978842487245,JUNIN,10.740328716259805,3.4522485159406515,1.0
1798,8653,71.28393975246146,48726.12059881597,8653.0,649.6816079842133,JUNIN,8653.0,208.82623113778266,JUNIN,9.113996928905427,2.9294990128624563,0.0
1799,340,15.045018258362738,15149.112691349306,340.0,201.9881692179908,JUNIN,340.0,64.9247686772113,JUNIN,13.42558485136541,4.315366559367452,0.0
1800,519,55.1598206756408,41139.61764491204,519.0,548.9053265381488,JUNIN,519.0,175.68009290938957,JUNIN,9.951180402958625,3.1849286447548564,0.0
1803,519,77.68708645249527,52661.44818937151,519.0,702.1526425249536,JUNIN,519.0,225.69192081159224,JUNIN,9.03821567506347,2.9051407526989723,0.0
1804,8653,79.87821702481806,53739.44900769065,8653.0,716.5259867692091,JUNIN,8653.0,230.31192431867416,JUNIN,8.970230100987175,2.883288246745875,0.0
1805,27857,31.25707775422116,33168.90896174477,27857.0,442.15027378951487,JUNIN,27857.0,142.15246697890615,JUNIN,14.145604949579907,4.54784890950687,0.0
1806,8653,24.94380582914688,27911.153326506595,8653.0,372.0458605914587,JUNIN,8653.0,119.6192285421711,JUNIN,14.915360676706458,4.7955484163685975,0.0
1807,519,23.564353829147407,14074.306561044295,519.0,187.65742081392392,JUNIN,519.0,60.31845669018985,JUNIN,7.963614117090926,2.559733109064941,0.0
1808,27857,26.27672708383648,17769.572745708072,27857.0,236.9276366094411,JUNIN,27857.0,76.15531176732033,JUNIN,9.01663421983713,2.898203856376219,0.0
1809,8652,12.543250952170428,8493.374027360376,8652.0,107.48683091246711,JUNIN,8652.0,36.400174402973036,JUNIN,8.569296055889568,2.9019729049329523,0.0
1810,519,93.59687351456903,71326.97285405743,519.0,976.445771351252,JUNIN,519.0,305.687026517389,JUNIN,10.432461413353312,3.265996128276727,0.0
1811,27857,59.545256575687546,57735.99617949474,27857.0,767.3346153947999,JUNIN,27857.0,246.37359913040027,JUNIN,12.886578369503647,4.137585649954108,0.0
1812,4370,118.1422628804103,129780.52871475404,4370.0,1740.6505456854857,LAMBAYEQUE,4370.0,556.2022659203744,LAMBAYEQUE,14.73351282806782,4.707902594378027,0.0
1815,8653,55.16376647416768,39322.68618647793,8653.0,524.3024824863725,JUNIN,8653.0,168.5257979420482,JUNIN,9.504472156227676,3.055008907358894,0.0
1818,30057,52.50047287449476,60790.95658973777,30057.0,810.5460878631709,LAMBAYEQUE,30057.0,260.5326710988763,LAMBAYEQUE,15.438834042520444,4.962482370810141,0.0
1820,442,31.991148573997158,17410.661915965804,442.0,231.37387223573955,JUNIN,442.0,74.21396151248543,JUNIN,7.232434049704717,2.3198279780678943,0.0
1822,432,62.658819788699944,40264.82472307812,432.0,536.8643296410415,JUNIN,432.0,172.56353452747766,JUNIN,8.568056842619642,2.7540182708420278,0.0
1823,308,26.398252658450676,22449.064167564604,308.0,299.32085556752804,JUNIN,308.0,96.21027500384832,JUNIN,11.338661669779446,3.6445698224291085,0.0
1824,4370,46.279333688136845,37718.68649884838,4370.0,502.9158199846449,LAMBAYEQUE,4370.0,161.65151356649298,LAMBAYEQUE,10.866963283733735,3.492952484057272,0.0
1825,8653,30.501702797789196,30573.53644991977,8653.0,407.64715266559716,JUNIN,8653.0,131.02944192822758,JUNIN,13.364734269692772,4.295807443829817,0.0
1826,8475,111.50276072663206,83713.9361935734,8475.0,1102.264561036663,JUNIN,8475.0,354.2993231903559,JUNIN,9.885536051784866,3.1774937309308493,0.0
1828,519,44.43747792125462,25917.37872208443,519.0,345.56504962779263,JUNIN,519.0,111.07448023750469,JUNIN,7.776432547323022,2.4995676044966837,0.0
1829,27857,78.46307938116468,79755.27857577465,27857.0,1074.1560151429633,JUNIN,27857.0,341.80833675332,JUNIN,13.689954863036105,4.35629520851271,0.0
1831,25383,14.96974924615159,11607.476678748642,753.0,147.65412415327796,JUNIN,753.0,47.4602541921251,JUNIN,9.86350016458938,3.1704107671894466,1.0
1832,520,1.4393814227945145,1079.1580386028616,520.0,14.388773848038152,JUNIN,520.0,4.6249630225836915,JUNIN,9.99649823192993,3.2131601459774775,0.0
1833,365,18.401255063904085,13435.872646794494,365.0,179.14496862392667,JUNIN,365.0,57.58231134340497,JUNIN,9.735475542390452,3.129259995768358,0.0
1834,520,6.694591471447495,4867.115739519988,520.0,63.966018700471125,JUNIN,520.0,20.85906745508566,JUNIN,9.554880080926056,3.115808865118926,0.0
1835,8653,37.100708714374456,35582.51626049982,8653.0,474.43355013999775,JUNIN,8653.0,152.4964982592849,JUNIN,12.787722029584335,4.110339223794962,0.0
1836,340,38.48287634210472,22626.638550032723,340.0,305.1640534507976,JUNIN,340.0,96.9713080715688,JUNIN,7.9298660198357585,2.5198560317974716,0.0
1837,4370,107.17307665834157,102259.59513987081,4370.0,1363.4612685316106,LAMBAYEQUE,4370.0,438.2554077423032,LAMBAYEQUE,12.722050267141311,4.089230443009705,0.0
1839,4370,198.58630549763663,151948.91535597318,4370.0,2017.5087819925384,LAMBAYEQUE,4370.0,648.4849656404589,LAMBAYEQUE,10.15935503174235,3.265506974488613,0.0
1840,442,232.16781121183698,162341.45949995713,442.0,2163.174937339686,JUNIN,442.0,695.712717404085,JUNIN,9.317290480746012,2.996594203876503,0.0
1841,519,98.19044227897511,77482.11132919756,519.0,1051.1894786744874,JUNIN,519.0,332.0661914108467,JUNIN,10.705619144558757,3.381858597473187,0.0
1842,162,39.730193219949825,19689.47135148155,162.0,257.59738586706607,LORETO,162.0,84.38344864920663,LORETO,6.483668086912751,2.123912365138837,0.0
1844,27857,80.69898083370178,82363.83027040129,27857.0,1108.936704404652,JUNIN,27857.0,352.98784401600557,JUNIN,13.741644478631803,4.374130136084563,0.0
1845,520,28.28764896978293,22153.87660695699,520.0,294.24219078320994,JUNIN,520.0,94.01900878902664,JUNIN,10.40179023352282,3.3236770185270057,0.0
1846,20274,31.450212210382713,22063.76519793686,20274.0,294.77334441836393,LORETO,20274.0,94.55899370544371,LORETO,9.372698106025812,3.006624981507336,0.0
1847,519,113.39635196238123,88243.52821828115,519.0,1176.5803762437486,JUNIN,519.0,378.186549506919,JUNIN,10.375822113167047,3.335085679232263,0.0
1848,4370,10.901397561796497,6250.0596682380765,4370.0,83.334128909841,LAMBAYEQUE,4370.0,26.785970006734615,LAMBAYEQUE,7.644352793983228,2.4571133980660385,0.0
1849,753,121.92010644541632,84754.46673295522,753.0,1132.3775171419418,JUNIN,753.0,361.4334461207233,JUNIN,9.287865227126485,2.9645105853195526,0.0
1853,520,39.04020943569888,33602.95397430006,520.0,448.0393863240008,JUNIN,520.0,144.01265988985745,JUNIN,11.476357140500065,3.688829080875022,0.0
1854,30057,12.064124308189292,6622.91440580501,30057.0,90.02466825837517,LAMBAYEQUE,30057.0,28.383918882021476,LAMBAYEQUE,7.4621800935245,2.3527541789961566,0.0
1856,4370,88.21944188914898,97472.91138321701,4370.0,1299.6388184428931,LAMBAYEQUE,4370.0,417.74104878521587,LAMBAYEQUE,14.731886652331555,4.735249281106574,0.0
1857,4370,132.03687593350983,135231.94829296885,4370.0,1803.09264390625,LAMBAYEQUE,4370.0,579.5654926841518,LAMBAYEQUE,13.65597778013347,4.389421429328615,0.0
1859,27857,24.246041351977023,24989.36649245994,27857.0,333.0897075323839,JUNIN,27857.0,107.09728496768547,JUNIN,13.737900661677447,4.417103947525551,0.0
1860,4370,92.81623717623191,103256.89297834161,4370.0,1376.7585730445542,LAMBAYEQUE,4370.0,442.52954133574946,LAMBAYEQUE,14.833165132847146,4.767803078415153,0.0
1862,432,4.164291641443874,3552.6274145372654,432.0,47.36836552716353,JUNIN,432.0,15.225546062302566,JUNIN,11.374891483522422,3.656215119703636,0.0
1865,519,50.389790309669166,42138.527155684234,519.0,561.8470287424565,JUNIN,519.0,180.59368781007527,JUNIN,11.150017201691849,3.583934100543808,0.0
1867,442,41.546204194660255,32643.410270021646,442.0,435.94182459773543,JUNIN,442.0,139.8886247358954,JUNIN,10.492939921904227,3.3670615029104067,0.0
1870,25383,63.63296564341521,45287.77186863229,25383.0,563.2528694449674,JUNIN,25383.0,181.0300267003666,JUNIN,8.851589168439979,2.8449094721565866,0.0
1871,520,48.924421311885,40676.66867321225,520.0,513.3593059756364,JUNIN,520.0,165.00834834931175,JUNIN,10.492905019827557,3.3727194706588586,0.0
1872,8653,39.60710688222548,29661.626768765887,8653.0,395.48835691687833,JUNIN,8653.0,127.12125758042524,JUNIN,9.98528769326401,3.209556758549147,0.0
1873,519,15.72694164828248,11564.958374393314,519.0,194.85742008076417,JUNIN,519.0,62.63274216881705,JUNIN,12.390038981421688,3.982512529742685,0.0
1874,4370,30.6617280761593,22819.307901129512,4370.0,304.25743868172674,LAMBAYEQUE,4370.0,97.79703386198362,LAMBAYEQUE,9.92303623350893,3.189547360770728,0.0
1876,519,58.248963251138214,42630.58028364418,519.0,568.4077371152556,JUNIN,519.0,182.70248692990359,JUNIN,9.758246420019306,3.136579206434777,0.0
1877,4370,32.85282090860692,22989.625325399244,4370.0,306.52833767199,LAMBAYEQUE,4370.0,98.52696568028249,LAMBAYEQUE,9.330350612043924,2.999041268156975,0.0
1878,10972,11.31222987114003,7838.555274866607,11020.0,98.56798559254555,LAMBAYEQUE,11020.0,31.74447943494708,LAMBAYEQUE,8.713400162068314,2.806208837387064,1.0
1882,432,16.4014839502719,17118.861481423115,432.0,228.2514864189749,JUNIN,432.0,73.36654920609905,JUNIN,13.916514329497058,4.4731653201954815,0.0
1885,442,67.05947390528199,36848.92947551186,442.0,483.8617107183995,JUNIN,442.0,155.52697844519983,JUNIN,7.215411671762127,2.3192394659235407,0.0
1887,1,88.07476940172549,72885.6810775527,,,LORETO,,,LORETO,,,
1888,432,20.794714445824383,13067.590478325894,432.0,174.23453971101185,JUNIN,432.0,56.003959192825235,JUNIN,8.378789723943454,2.693182411267539,0.0
1890,1,68.78151772895922,54936.09235738266,1.0,741.6029661003062,LORETO,1.0,235.4403958173541,LORETO,10.782009333127402,3.4230183280504463,0.0
1892,8653,1.4849199393923582,1212.0974253345225,8653.0,16.161299004460307,JUNIN,8653.0,5.194703251433668,JUNIN,10.88361639959771,3.4983052712992624,0.0
1893,519,60.09355081345114,41874.1446637321,519.0,558.321928849761,JUNIN,519.0,179.46061998742314,JUNIN,9.290879325519704,2.986354068917047,0.0
1894,27857,66.3174275151427,71213.71868547617,27857.0,950.355222795459,JUNIN,27857.0,305.2016515091834,JUNIN,14.330399389790234,4.602133450358802,0.0
1895,4370,108.54956212172571,105589.46595042352,4370.0,1407.859546005646,LAMBAYEQUE,4370.0,452.5262826446718,LAMBAYEQUE,12.969739522550034,4.168844846533938,0.0
1896,34252,9.763788033242957,7338.370121794722,34252.0,97.84493495726292,JUNIN,34252.0,31.450157664834524,JUNIN,10.021206382617933,3.221102051555766,0.0
1899,27857,12.87424387224505,7551.334529279437,27857.0,106.1141298496536,JUNIN,27857.0,32.36286226834044,JUNIN,8.24235822333767,2.5137679998520106,0.0
1900,520,17.672225426152536,14539.51268257616,520.0,193.8601691010155,JUNIN,520.0,62.31219721104069,JUNIN,10.969765517710536,3.525996059264101,0.0
1901,753,20.07455707167662,14401.096747094281,8652.0,173.70823328577208,JUNIN,8652.0,58.46665068595349,JUNIN,8.653153973238028,2.912475252988004,1.0
1902,442,68.65347917798215,46532.92407352424,442.0,612.9816386918977,JUNIN,442.0,197.02981243668148,JUNIN,8.928631819266736,2.8699173704785945,0.0
1903,4370,3.9572187047711034,3447.094585705598,4370.0,45.96126114274131,LAMBAYEQUE,4370.0,14.773262510166848,LAMBAYEQUE,11.614536514579584,3.733243879686295,0.0
1904,365,46.35635894237775,29438.53017364227,27857.0,383.8089631024449,JUNIN,27857.0,121.62191581388052,JUNIN,8.279532125884394,2.623629607430125,1.0
1905,442,101.21740934825517,91495.76302667406,442.0,1219.830278946714,JUNIN,442.0,392.0883039471581,JUNIN,12.051585659040995,3.873723961834606,0.0
1906,4370,221.69539694254374,184737.23347902604,4370.0,2435.1271687216918,LAMBAYEQUE,4370.0,782.7194470891154,LAMBAYEQUE,10.984112445748243,3.530607571847651,0.0
1907,520,24.237472271584704,19206.798432558007,520.0,253.209207240541,JUNIN,520.0,81.38867375588818,JUNIN,10.447013797614366,3.3579687206617606,0.0
1909,27857,111.56406784462787,86057.50879523707,27857.0,1149.0343646164836,JUNIN,27857.0,365.8265197582035,JUNIN,10.299322952410728,3.279071181481835,0.0
1910,11129,41.87464134813491,41785.129847694676,,,LAMBAYEQUE,30057.0,176.8047614883926,LAMBAYEQUE,,4.22223942214773,
1912,8653,39.60710688222548,29661.626768765887,8653.0,395.48835691687833,JUNIN,8653.0,127.12125758042524,JUNIN,9.98528769326401,3.209556758549147,0.0
1914,8653,13.925021167987214,15874.303893775772,8653.0,211.6573852503436,JUNIN,8653.0,68.03273097332475,JUNIN,15.199789120387923,4.8856465029818335,0.0
1915,520,20.575205788924674,15749.087833731217,520.0,209.9878377830829,JUNIN,520.0,67.49609071599093,JUNIN,10.205868166631715,3.2804576249887654,0.0
1916,11129,14.627323016843851,14394.043036696057,10972.0,187.84126932270618,LAMBAYEQUE,10972.0,60.37831556217934,LAMBAYEQUE,12.841807698264452,4.127776182466996,1.0
1917,8653,77.93659540972926,52550.330951371114,8653.0,700.6710793516149,JUNIN,8653.0,225.21570407730465,JUNIN,8.990270561191927,2.8897298232402604,0.0
1919,34252,7.26090905461178,4301.539887663506,34252.0,57.35386516884675,JUNIN,34252.0,18.43517094712932,JUNIN,7.898992362728788,2.538961830877111,0.0
1921,4370,22.822023986466625,26369.89934775638,4370.0,351.5986579700849,LAMBAYEQUE,4370.0,113.01385434752724,LAMBAYEQUE,15.406112016120112,4.951964576610034,0.0
1922,340,47.625952152243805,44384.706208319876,340.0,591.7960827775985,JUNIN,340.0,190.22016946422806,JUNIN,12.425916040183926,3.99404444148769,0.0
1923,519,23.564353829147407,14074.306561044295,519.0,187.65742081392392,JUNIN,519.0,60.31845669018985,JUNIN,7.963614117090926,2.559733109064941,0.0
1924,519,49.354880327145864,33143.077138204055,519.0,441.9076951760539,JUNIN,519.0,142.0417591637316,JUNIN,8.953677777089018,2.8779678569214697,0.0
1925,8653,42.17555648616002,36325.1042975796,8653.0,484.23187353909873,JUNIN,8653.0,155.67901841819827,JUNIN,11.481339284711044,3.691214328595394,0.0
1927,25973,6.006937765349042,3772.8590089742465,8516.0,38.448017532647434,JUNIN,8516.0,12.35829134977953,JUNIN,6.40060194304566,2.057336338836105,1.0
1928,519,92.63456962178645,68085.91921953176,519.0,933.4216783980396,JUNIN,519.0,291.7967966551361,JUNIN,10.076385977816546,3.1499773556081734,0.0
1929,8656,31.420843265534142,27591.702529313203,8656.0,373.3583404324645,JUNIN,8656.0,118.2501536970566,JUNIN,11.882505420916099,3.7634303031824246,0.0
1930,340,29.209894678080033,18942.63389699965,340.0,252.56845195999534,JUNIN,340.0,81.1827167014271,JUNIN,8.646674517095406,2.77928823763781,0.0
1931,4370,70.56208106966224,76478.38374858169,4370.0,1019.7117833144216,LAMBAYEQUE,4370.0,327.76450177963545,LAMBAYEQUE,14.451271389058292,4.645051517911592,0.0
1932,4370,58.83083776638909,45213.54513226318,4370.0,602.8472684301753,LAMBAYEQUE,4370.0,193.77233628112782,LAMBAYEQUE,10.247130439039756,3.2937204982627795,0.0
1933,66,0.0,0.0,66.0,37.59516399503174,LORETO,66.0,12.084159855545913,LORETO,inf,inf,0.0
1934,308,25.471536862244722,22623.4911040505,308.0,300.38829268516184,JUNIN,308.0,96.55337979165915,JUNIN,11.793096518271478,3.7906381665872604,0.0
1935,442,60.94669848528215,60417.01907448936,442.0,806.2930241903638,JUNIN,442.0,258.9300817478116,JUNIN,13.229478285605138,4.248467729721896,0.0
1937,365,88.28895810359958,69964.9823127807,8653.0,883.7916553398393,JUNIN,8653.0,284.0758892163768,JUNIN,10.01021729470162,3.21756984472552,1.0
1938,4370,109.25874167183748,124370.371741454,4370.0,1658.2716232193864,LAMBAYEQUE,4370.0,533.0158788919452,LAMBAYEQUE,15.177473196607592,4.878473527481009,0.0
1939,34252,5.421863372360285,3515.550602721581,365.0,39.50923560762437,JUNIN,365.0,12.699397159593547,JUNIN,7.287021618625724,2.3422569488439824,1.0
1940,308,38.296648314292305,27890.220971823495,308.0,368.31699471026116,JUNIN,308.0,118.38760544258392,JUNIN,9.617473354001199,3.0913307209289558,0.0
1941,432,28.739704685537703,23308.273741370183,432.0,310.77698321826915,JUNIN,432.0,99.89260174872936,JUNIN,10.813506492801832,3.475769944114874,0.0
1942,25383,26.13021309804175,20147.236015148417,25383.0,268.6298135353123,JUNIN,25383.0,86.34529720777894,JUNIN,10.280429498504317,3.304423767376387,0.0
1943,11470,2.1033471568039652,1665.2658147251586,11470.0,22.198512572670584,LAMBAYEQUE,11470.0,7.1368534916792505,LAMBAYEQUE,10.553898580584868,3.393093464667856,0.0
1944,4370,92.81623717623191,103256.89297834161,4370.0,1376.7585730445542,LAMBAYEQUE,4370.0,442.52954133574946,LAMBAYEQUE,14.833165132847146,4.767803078415153,0.0
1947,442,27.288267846116568,24866.49037122658,442.0,332.2859748135264,JUNIN,442.0,106.57067301954248,JUNIN,12.176880434014594,3.9053659844044923,0.0
1949,1,33.34344895360246,28569.285489832662,1.0,380.9238065311022,LORETO,1.0,122.43979495642564,LORETO,11.424247295508007,3.6720794878418572,0.0
1950,308,8.72521629219262,8476.353238255882,308.0,113.01804317674508,JUNIN,308.0,36.327228163953784,JUNIN,12.953036279212283,4.163475946889663,0.0
1951,4370,78.54041110338687,83120.67963583113,4370.0,1108.2757284777476,LAMBAYEQUE,4370.0,356.2314841535615,LAMBAYEQUE,14.110897981153498,4.535645779656479,0.0
1952,30057,30.121796200851165,27546.299121204866,30057.0,367.2839882827316,LAMBAYEQUE,30057.0,118.0555676623066,LAMBAYEQUE,12.19329637029923,3.919273833310467,0.0
1954,520,26.70045383839885,27738.00361321967,520.0,369.8400481762624,JUNIN,520.0,118.8771583423701,JUNIN,13.851451754890496,4.452252349786232,0.0
1955,442,76.82436030754927,72307.37323174094,442.0,966.1908669139406,JUNIN,442.0,309.88874242174717,JUNIN,12.576621048922632,4.033730201998122,0.0
1956,8653,67.59609942241019,46518.374958768305,8653.0,620.2449994502442,JUNIN,8653.0,199.36446410900695,JUNIN,9.175751334027623,2.949348643080306,0.0
1957,37783,124.2970193365656,60919.393163675035,,,LORETO,37783.0,261.08311355860724,LORETO,,2.1004776699564993,
1959,520,53.493363132290625,41217.85740739405,520.0,544.7382623645208,JUNIN,519.0,175.14707667234146,JUNIN,10.183286869015271,3.274183308295605,0.0
1960,519,18.745944629574257,11263.56786129329,519.0,150.18090481724386,JUNIN,519.0,48.272433691256964,JUNIN,8.011381009859232,2.5750867531690393,0.0
1961,4370,108.88466767838248,99825.4995486725,4370.0,1335.8542447473646,LAMBAYEQUE,4370.0,427.8235694943107,LAMBAYEQUE,12.268524790773455,3.9291442828111696,0.0
1965,27857,126.48916279702372,122995.4633311062,432.0,1499.8706061897615,JUNIN,432.0,482.7302787435448,JUNIN,11.857700478234593,3.8163765817485777,1.0
1966,519,43.36514707115405,33205.67790447894,519.0,452.92889307448127,JUNIN,519.0,142.31004816205257,JUNIN,10.444537230124233,3.2816687541390914,0.0
1968,432,40.1146450126762,27187.279090836968,432.0,362.4970545444929,JUNIN,432.0,116.51691038930129,JUNIN,9.036526546101657,2.904597818389818,0.0
1970,340,44.981171899727826,34164.36886914563,340.0,455.52491825527517,JUNIN,340.0,146.41872372490985,JUNIN,10.127013126086016,3.255111361956219,0.0
1972,25383,63.37539411992444,51813.261241562235,25383.0,649.0895646112664,JUNIN,25383.0,208.6203930038198,JUNIN,10.2419807186209,3.2918200494193397,0.0
1973,432,5.060399485207803,3691.9822704734606,432.0,47.26950259393441,JUNIN,432.0,15.822781159171974,JUNIN,9.341061458113975,3.1267849910711583,0.0
1976,11129,28.630567885879575,36102.63237462036,10972.0,477.28912716169714,LAMBAYEQUE,30057.0,191.98617036773595,LAMBAYEQUE,16.67061334808847,6.705636127546823,1.0
1978,520,20.836535604488216,22374.158695083897,520.0,278.82105679696593,JUNIN,520.0,89.50810890725059,JUNIN,13.38135389152252,4.295728935282813,0.0
1979,27694,3.668845956017209,2608.2137345676783,8652.0,30.66065836654533,JUNIN,8652.0,9.328359097119163,JUNIN,8.357030721406913,2.5425867449735486,1.0
1980,8475,86.05081902296882,67411.19539898264,8475.0,884.8946837754526,JUNIN,8475.0,284.4304340706812,JUNIN,10.283396414149818,3.3053774188338703,0.0
1981,30057,26.366792759312883,27134.666664882647,30057.0,361.7955555317688,LAMBAYEQUE,30057.0,116.2914285637828,LAMBAYEQUE,13.72163686476357,4.410526135102574,0.0
1983,30057,42.003277855789136,48544.22906791455,30057.0,647.2563875721943,LAMBAYEQUE,30057.0,208.04669600534822,LAMBAYEQUE,15.409663736112101,4.953106200893177,0.0
1984,8653,40.13336988531614,35263.90152489618,,,JUNIN,8653.0,151.13100653526934,JUNIN,,3.765719324520631,
1985,520,11.571752265318445,10355.14049238353,520.0,133.52669107738302,JUNIN,520.0,42.39520611651771,JUNIN,11.539020886022096,3.6636807584949653,0.0
1986,8653,37.100708714374456,35582.51626049982,8653.0,474.43355013999775,JUNIN,8653.0,152.4964982592849,JUNIN,12.787722029584335,4.110339223794962,0.0
1987,4370,108.34184817796226,105485.6089785418,4370.0,1406.4747863805565,LAMBAYEQUE,4370.0,452.08118133660724,LAMBAYEQUE,12.981823829239849,4.17272908796995,0.0
1988,8653,35.02857128488764,32350.81583326349,8653.0,431.34421111017997,JUNIN,8653.0,138.64635357112923,JUNIN,12.31406806752277,3.9580933074180322,0.0
1989,8656,34.61412825835505,30664.876868980857,8656.0,408.86502491974466,JUNIN,8656.0,131.42090086706085,JUNIN,11.812084992233022,3.7967416046463303,0.0
1990,753,86.07829245960548,84053.18001886073,8652.0,899.7156643139584,JUNIN,8652.0,291.7144096458338,JUNIN,10.452294517066237,3.3889428020743853,1.0
1991,25383,98.44879669139253,73229.46001502813,25383.0,935.8087113969119,JUNIN,25383.0,300.7801187563487,JUNIN,9.505537323431101,3.0551934494354893,0.0
1992,340,34.00478303984876,23506.389267466882,340.0,313.418523566225,JUNIN,340.0,100.74166828914376,JUNIN,9.216895258497699,2.962573475945689,0.0
1993,365,88.28895810359958,69964.9823127807,8653.0,883.7916553398393,JUNIN,8653.0,284.0758892163768,JUNIN,10.01021729470162,3.21756984472552,1.0
1994,4370,89.3630537501157,101687.06998780368,4370.0,1355.8275998373817,LAMBAYEQUE,4370.0,435.80172851915825,LAMBAYEQUE,15.172126991414798,4.876755104383326,0.0
1995,8653,90.5863163813719,72245.72660620318,519.0,955.8662729592877,JUNIN,519.0,307.24273059405664,JUNIN,10.551994066466436,3.3917123785070675,1.0
1996,27857,15.12500752469019,11264.40300287273,27857.0,150.19204003830313,JUNIN,27857.0,48.276012869454576,JUNIN,9.930047293737102,3.1918009158440683,0.0
1997,442,165.4751153080668,136281.6256160694,442.0,1805.53077541585,JUNIN,442.0,581.0376186666902,JUNIN,10.911192127314576,3.5113292870953208,0.0
1998,753,25.87040893670068,18322.98988591072,8652.0,210.20883415808987,JUNIN,8652.0,70.07996749305998,JUNIN,8.125454633223063,2.7088851847889446,1.0
1999,27857,5.033063272606959,3035.753312633941,27857.0,40.476710835119206,JUNIN,27857.0,13.010371339859743,JUNIN,8.042162127271176,2.584980683765735,0.0
2000,4370,32.71280512226282,24235.137382626457,4370.0,323.1351651016861,LAMBAYEQUE,4370.0,103.86487449697053,LAMBAYEQUE,9.877941188289451,3.175052524807324,0.0
2001,442,52.83687585706166,28132.721752297366,442.0,376.78040430289434,JUNIN,442.0,120.56880750984584,JUNIN,7.131012161320616,2.281906444204191,0.0
2002,432,129.8293138238884,97652.36665196122,432.0,1300.0746276804382,JUNIN,432.0,418.5101427941195,JUNIN,10.013721781230167,3.2235412055078903,0.0
2003,4370,103.03677916267867,110277.25367123235,4370.0,1470.3633822830973,LAMBAYEQUE,4370.0,472.6168014481383,LAMBAYEQUE,14.270277023718178,4.586874757623699,0.0
2005,519,23.116645333894308,18869.480755003893,519.0,251.59307673338517,JUNIN,519.0,80.86920323573096,JUNIN,10.883632685426548,3.4983105060299624,0.0
2006,753,80.81392309499955,78244.636541502,8652.0,1016.4725189279645,JUNIN,8652.0,329.2433986289073,JUNIN,12.577938058186657,4.074092508067828,1.0
2007,308,7.801963139144128,8708.237885996454,308.0,116.10983847995273,JUNIN,308.0,37.3210195114134,JUNIN,14.882131126383396,4.783542147766093,0.0
2009,520,44.27900061252001,29980.335883797172,520.0,400.5562028297963,JUNIN,520.0,128.31434384554692,JUNIN,9.046188877093535,2.897859980364274,0.0
2011,4370,202.85809658635208,153230.4526825878,4370.0,1969.7648924291734,LAMBAYEQUE,4370.0,633.138715423663,LAMBAYEQUE,9.710062972964401,3.121091669881415,0.0
2012,520,32.95466886066759,28325.213508395045,520.0,377.66951344526746,JUNIN,520.0,121.39377217883599,JUNIN,11.460273354347907,3.683659292468971,0.0
2013,432,27.67339363919001,14884.59997237387,432.0,196.50440528593984,JUNIN,432.0,63.79114273874516,JUNIN,7.100842341492146,2.3051434735639567,0.0
2014,519,41.64597512495694,28646.21577026051,519.0,381.94954360347333,JUNIN,519.0,122.76949615825927,JUNIN,9.171343508164963,2.947931841910166,0.0
2015,8653,39.65477958900503,30275.777170133042,8653.0,403.67702893510744,JUNIN,8653.0,129.75333072914157,JUNIN,10.179782440324894,3.272072927247285,0.0
2016,520,24.156995766482165,23646.530859563274,520.0,310.4539083934437,JUNIN,520.0,101.34227511241403,JUNIN,12.851511479097022,4.195152248733945,0.0
2018,4370,26.98459755494916,27459.277646062543,4370.0,370.6138645887736,LAMBAYEQUE,4370.0,117.68261848312508,LAMBAYEQUE,13.734274296071556,4.3611033384317155,0.0
2019,520,41.999835245079055,26246.256311764806,520.0,361.39662450434287,JUNIN,520.0,112.48395562184916,JUNIN,8.604715289845958,2.6781999254396704,0.0
2020,519,44.43747792125462,25917.37872208443,519.0,345.56504962779263,JUNIN,519.0,111.07448023750469,JUNIN,7.776432547323022,2.4995676044966837,0.0
2023,340,69.35909601752306,38047.39486725092,340.0,507.0663283977842,JUNIN,340.0,163.0602637167898,JUNIN,7.310740155403376,2.350957164660765,0.0
2025,30057,3.0612560278569516,2989.975743254884,30057.0,39.86634324339847,LAMBAYEQUE,30057.0,12.814181756806645,LAMBAYEQUE,13.022871292247682,4.185922915365325,0.0
2026,11129,12.56691394155649,11247.562625446833,10972.0,145.8881971727167,LAMBAYEQUE,10972.0,46.89339951396839,LAMBAYEQUE,11.608911929466714,3.7314968282627037,1.0
2031,27857,9.612053994229163,8409.244782563705,27857.0,112.12326376751605,JUNIN,27857.0,36.03962049670158,JUNIN,11.664859959674807,3.7494192727526157,0.0
2032,30057,57.83430434686265,64501.83041146125,30057.0,860.0244054861506,LAMBAYEQUE,30057.0,276.43641604911977,LAMBAYEQUE,14.870489326337069,4.779800140608343,0.0
2033,519,80.3518452115697,60167.13579810624,519.0,802.2284773080829,JUNIN,519.0,257.85915342045524,JUNIN,9.983945921786644,3.209125474859993,0.0
2034,8653,35.02857128488764,32350.81583326349,8653.0,431.34421111017997,JUNIN,8653.0,138.64635357112923,JUNIN,12.31406806752277,3.9580933074180322,0.0
2038,4370,50.92861420550668,42640.56422166186,4370.0,579.0621085258023,LAMBAYEQUE,4370.0,182.7452752356938,LAMBAYEQUE,11.370073927187104,3.588263259987435,0.0
2039,519,59.59596687452616,42254.1558609164,519.0,571.4405524860446,JUNIN,519.0,181.08923940392737,JUNIN,9.588577590982963,3.038615679903208,0.0
2043,442,26.567263101330862,15947.297904802761,442.0,213.58018271481262,JUNIN,442.0,68.04021585372301,JUNIN,8.039224134612253,2.5610547685777463,0.0
2045,11129,11.772510235220977,11654.854169658325,10972.0,151.3187510955365,LAMBAYEQUE,10972.0,48.63893470344621,LAMBAYEQUE,12.853567172345393,4.1315686910960014,1.0
2046,520,51.690390648434885,44273.51253531194,520.0,590.3135004708257,JUNIN,520.0,189.74362515133677,JUNIN,11.42017874242356,3.6707717386361436,0.0
2047,37783,0.6870219755602188,359.6555635961096,37783.0,5.909131207472739,LORETO,37783.0,1.5413809868404698,LORETO,8.601080340485836,2.2435686800026744,0.0
2048,4370,119.27277994578422,86687.32790035225,4370.0,1155.8310386713629,LAMBAYEQUE,4370.0,371.5171195729381,LAMBAYEQUE,9.690652294653894,3.114852523281609,0.0
2049,11020,7.1871074309707215,6018.1892388718425,11020.0,80.34134235078378,LAMBAYEQUE,11020.0,25.79223959516505,LAMBAYEQUE,11.178536444937004,3.588681516575221,0.0
2050,25383,104.79350912150122,95941.25567121751,25383.0,1238.6326534794364,JUNIN,25383.0,398.1163858543033,JUNIN,11.819745935249891,3.7990557735089623,0.0
2051,753,4.633116132561546,3279.5815606620217,753.0,43.72775414216029,JUNIN,753.0,14.05534954569438,JUNIN,9.438087216256372,3.0336708909395482,0.0
2052,4370,128.88043292920878,109544.22882616961,4370.0,1460.5897176822598,LAMBAYEQUE,4370.0,469.4752663978691,LAMBAYEQUE,11.332905115895521,3.6427195015378455,0.0
2054,27857,50.866778836450216,31832.70082605502,27857.0,436.12486899028346,JUNIN,27857.0,136.42586068309294,JUNIN,8.573864494005747,2.6820228015958545,0.0
2055,519,42.97834355275424,29423.430686475604,519.0,392.3124091530079,JUNIN,519.0,126.10041722775252,JUNIN,9.128141680738805,2.9340455402374728,0.0
2056,4370,86.42150367050694,88702.80592260924,4370.0,1182.7040789681225,LAMBAYEQUE,4370.0,380.1548825254678,LAMBAYEQUE,13.685298551126042,4.398845962861941,0.0
2058,11129,6.7882158058122775,7178.771399617572,10972.0,91.63764749499317,LAMBAYEQUE,10972.0,29.45572283184299,LAMBAYEQUE,13.499518889268403,4.339243723899011,1.0
2061,4370,89.5410066959388,101830.48729595791,4370.0,1357.7398306127718,LAMBAYEQUE,4370.0,436.4163741255336,LAMBAYEQUE,15.163329972638705,4.873927491205295,0.0
2062,519,24.78270683829608,20929.39853835066,519.0,279.05864717800875,JUNIN,519.0,89.6974223072171,JUNIN,11.260216609865498,3.619355338885338,0.0
2063,27857,65.90837828602714,71043.28150667802,27857.0,948.0827270781505,JUNIN,27857.0,304.4712064571914,JUNIN,14.384858977468545,4.619613080689934,0.0
2064,4370,27.908360549402044,29646.05007696732,4370.0,396.3501287845915,LAMBAYEQUE,4370.0,127.05450032985986,LAMBAYEQUE,14.201842063885891,4.552560516944522,0.0
2067,432,9.604829446276211,8753.025112500272,432.0,114.75007382095856,JUNIN,432.0,37.51296476785831,JUNIN,11.947122482788814,3.9056356989662184,0.0
2068,340,40.79361119160535,34444.92193545602,340.0,459.26562580608027,JUNIN,340.0,147.62109400909722,JUNIN,11.258273351896571,3.6187307202524694,0.0
2069,34252,30.18857344916745,17487.50789919019,34252.0,233.16677198920252,JUNIN,34252.0,74.94646242510082,JUNIN,7.723676389737881,2.4826102681300335,0.0
2070,519,49.84125044876513,34294.87413224956,519.0,455.80671456100356,JUNIN,519.0,146.50930110889402,JUNIN,9.145170124284004,2.9395189685198586,0.0
2071,8653,117.31275956427889,88508.59990638142,519.0,1172.7045836283307,JUNIN,519.0,376.94075902339205,JUNIN,9.996394151701576,3.2131266916183643,1.0
2072,25383,88.42214353884061,70457.22808455849,25383.0,892.0135523724598,JUNIN,25383.0,286.70310335563187,JUNIN,10.088124045314858,3.2424355696567533,0.0
2073,8653,100.14430625855371,76649.84356962489,519.0,1016.7299923296868,JUNIN,519.0,326.1175175801497,JUNIN,10.152649015358714,3.256475877302258,1.0
2074,8653,60.984891518931995,42661.83701507269,8653.0,568.8244935343027,JUNIN,8653.0,182.83644435031147,JUNIN,9.327301883577482,2.998061319721331,0.0
2078,27857,58.310363686902356,56189.49898004059,27857.0,759.9456205331755,JUNIN,27857.0,240.81213848588828,JUNIN,13.032771063025871,4.129834274039683,0.0
2080,520,51.44314053055919,29585.563576320674,520.0,384.22261800397433,JUNIN,520.0,121.52029985897953,JUNIN,7.468879505436326,2.3622255291119294,0.0
2082,4370,127.54667947803807,128646.17063892668,4370.0,1725.5257713411208,LAMBAYEQUE,4370.0,551.3407313096858,LAMBAYEQUE,13.528582464102756,4.322658446036768,0.0
2083,4370,59.656425695558845,44956.333919575656,4370.0,599.4177855943419,LAMBAYEQUE,4370.0,192.67000251246702,LAMBAYEQUE,10.047832712159385,3.2296605146226596,0.0
2084,442,170.92126745088015,118540.09199367363,442.0,1578.2795158484103,JUNIN,442.0,507.99257094858467,JUNIN,9.233956308579216,2.9720852093176355,0.0
2086,365,65.73321712137627,60268.118166242464,,,JUNIN,,,JUNIN,,,
2087,8656,27.13629031178236,17031.97978032308,8656.0,227.09306373764105,JUNIN,8656.0,72.99419905852751,JUNIN,8.368611226090806,2.689910751243475,0.0
2088,25970,2.020833099365965,968.9990422446806,25970.0,12.703148135224762,JUNIN,25970.0,4.1528530381914885,JUNIN,6.286094650374821,2.0550202980614496,0.0
2089,432,13.093223158332595,11237.686288087221,432.0,125.62869941325297,JUNIN,432.0,48.16151266323095,JUNIN,9.594940672289864,3.678354220410634,0.0
2091,4370,1.9106126000584795,1099.0126481803416,4370.0,14.653501975737889,LAMBAYEQUE,4370.0,4.71005420648718,LAMBAYEQUE,7.669530691511915,2.465206293700259,0.0
2092,519,36.150907139018095,15335.674916687805,519.0,233.04173562206438,JUNIN,519.0,65.72432107151917,JUNIN,6.446359277400807,1.8180545461494697,0.0
2094,520,25.73484362628754,14800.947764721184,520.0,196.80833926513273,JUNIN,520.0,63.25982333522126,JUNIN,7.647543623078309,2.4581390217037433,0.0
2095,25383,42.873719829205626,34780.29492866346,25383.0,423.1531769120494,JUNIN,25383.0,135.99798267192867,JUNIN,9.869756545449013,3.1720593224403797,0.0
2096,340,1.304646721873508,888.490629990853,340.0,11.846541733211373,JUNIN,340.0,3.8078169856750836,JUNIN,9.080267887539256,2.9186575352804742,0.0
2097,4370,61.80628023270265,48706.40098691665,4370.0,649.418679825555,LAMBAYEQUE,4370.0,208.74171851535687,LAMBAYEQUE,10.507325103217225,3.3773544974626772,0.0
2098,8653,34.724275734433654,34427.89204729102,8653.0,459.0385606305471,JUNIN,8653.0,147.54810877410435,JUNIN,13.219528728005994,4.249134234001924,0.0
2099,365,9.411221211528531,6914.3038649558075,365.0,92.19071819941077,JUNIN,365.0,29.632730849810596,JUNIN,9.795829481351394,3.1486594761486617,0.0
2101,8656,42.0004416845363,29044.687839390943,8656.0,389.11906070588213,JUNIN,8656.0,124.47723359738977,JUNIN,9.264642110874462,2.9637124897955474,0.0
2102,520,19.306813620893156,17328.616380336374,520.0,226.21504867041835,JUNIN,520.0,74.26549877287016,JUNIN,11.716850491870723,3.846595312470549,0.0
2106,442,20.012918707629506,10957.966561806672,442.0,146.10622082408895,JUNIN,442.0,46.962713836314286,JUNIN,7.3005953283760165,2.346619926978004,0.0
2107,340,43.83519855124293,29753.19435164667,340.0,396.7092580219556,JUNIN,340.0,127.51369007848574,JUNIN,9.05001622288094,2.9089337859260165,0.0
2109,365,21.78983029259433,14815.348771659124,365.0,197.5379836221217,JUNIN,365.0,63.494351878539106,JUNIN,9.065604503090533,2.913944304564814,0.0
2111,753,68.38778883548883,76810.19599830579,8652.0,997.3466450186817,JUNIN,8652.0,323.09579630092344,JUNIN,14.58369486719131,4.724466192029558,1.0
2114,30057,46.83596495702185,37723.74840410619,30057.0,515.549362456324,LAMBAYEQUE,30057.0,161.67320744616936,LAMBAYEQUE,11.007552912156466,3.4519029893912885,0.0
2115,25383,5.547605875807495,3651.944514830954,25383.0,48.69259353107937,JUNIN,25383.0,15.651190777846946,JUNIN,8.777226540807895,2.821251388116824,0.0
2117,11020,10.971372856458517,6019.603977191244,11020.0,80.36020552837574,LAMBAYEQUE,11020.0,25.798302759391042,LAMBAYEQUE,7.324535095083394,2.351419744540389,0.0
2118,519,18.045037493519626,13536.578820323306,519.0,180.48771760431072,JUNIN,519.0,58.013909229957015,JUNIN,10.002069414880843,3.2149508833545566,0.0
2119,11129,2.6072502556365666,2191.444455181225,30057.0,24.028939641331636,LAMBAYEQUE,30057.0,7.723587741856597,LAMBAYEQUE,9.216199936843006,2.962349979699537,1.0
2121,25973,20.430756343483512,13181.990033912087,25383.0,179.47322793863196,JUNIN,25383.0,56.48579529542021,JUNIN,8.78446323382814,2.7647432305381403,1.0
2122,34252,21.06047179246648,13100.812154723993,34252.0,174.6774953963199,JUNIN,34252.0,56.14633780595996,JUNIN,8.294092227259771,2.665958215904926,0.0
2124,11409,2.8923337648108327,1097.991841857317,,,LORETO,,,LORETO,,,
2127,4370,123.03125186345817,116599.15089620731,4370.0,1554.6553452827632,LAMBAYEQUE,4370.0,499.7106466980307,LAMBAYEQUE,12.636263727594528,4.061656198155381,0.0
2128,308,45.48458213035607,38779.1633701183,308.0,513.502893354192,JUNIN,308.0,165.05450143527597,JUNIN,11.289603406326208,3.628801094890566,0.0
2131,442,65.38877381083888,63878.30883896538,442.0,852.18154609697,JUNIN,442.0,273.67996378922084,JUNIN,13.032535960411478,4.185427372914821,0.0
2134,8653,44.209169144425125,35303.08745547266,8653.0,470.7078327396355,JUNIN,8653.0,151.29894623773995,JUNIN,10.64728973308454,3.422343128491459,0.0
2136,34252,41.498112610047244,23513.602807001553,34252.0,314.4938243884102,JUNIN,34252.0,100.77258345857811,JUNIN,7.578509108201395,2.428365463401334,0.0
2137,11129,8.32800037155822,8307.414080172028,10972.0,106.8578451882121,LAMBAYEQUE,10972.0,34.2927628913621,LAMBAYEQUE,12.831152788267508,4.117766734074451,1.0
2138,8653,108.42106709342467,83676.659519364,519.0,1108.8104488792883,JUNIN,519.0,356.23244307903155,JUNIN,10.226891125539693,3.285638599849528,1.0
2139,8653,91.54319615456744,73963.06128891582,519.0,978.7640687287899,JUNIN,519.0,314.6027363771109,JUNIN,10.691827572594052,3.436658862619515,1.0
2141,34252,28.703552509947123,26105.197371037535,34252.0,344.8276123060531,JUNIN,34252.0,110.08546626388411,JUNIN,12.013412353281156,3.8352558006795276,0.0
2142,8653,24.187765195492563,24838.819988956016,8653.0,331.1842665194136,JUNIN,8653.0,106.45208566695435,JUNIN,13.692222652348653,4.401071566826351,0.0
2144,4370,65.49295373645637,73006.39347207132,4370.0,973.4185796276167,LAMBAYEQUE,4370.0,312.8845434517339,LAMBAYEQUE,14.862951265637719,4.777377192526409,0.0
2145,30057,20.701636772201617,20197.73801154981,30057.0,269.3031734873308,LAMBAYEQUE,30057.0,86.56173433521347,LAMBAYEQUE,13.008786524984055,4.181395668744875,0.0
2148,442,47.47419684451286,31260.951176284165,442.0,418.49012995605165,JUNIN,442.0,133.97550504121782,JUNIN,8.815107106007236,2.822069965291112,0.0
2149,432,12.732717076970744,13997.760552734988,432.0,162.42968960855652,JUNIN,432.0,59.99040236886422,JUNIN,12.756875741968528,4.711516167854458,0.0
2150,37650,25.955655652628096,10976.768528890165,37650.0,155.09098878148416,JUNIN,37650.0,47.04329369524355,JUNIN,5.975229092923364,1.812448674956907,0.0
2151,519,87.63731036523802,61562.19145763755,,,JUNIN,,,JUNIN,,,
2152,34252,22.627353680264253,18808.888913683306,34252.0,250.78518551577736,JUNIN,34252.0,80.60952391578563,JUNIN,11.083275095245188,3.562481280614527,0.0
2153,4370,30.6617280761593,22819.307901129512,4370.0,304.25743868172674,LAMBAYEQUE,4370.0,97.79703386198362,LAMBAYEQUE,9.92303623350893,3.189547360770728,0.0
2154,11129,91.60124908623172,77909.46256130276,30057.0,1043.959037526855,LAMBAYEQUE,30057.0,331.62333026099867,LAMBAYEQUE,11.39677731407452,3.620292665974616,1.0
2155,27857,14.908403539562116,12139.980272124705,27857.0,161.86640362832938,JUNIN,27857.0,52.028486880534444,JUNIN,10.85739349614383,3.489876480903374,0.0
2156,210,58.49090379261604,43609.945018032886,210.0,581.6041793050947,LORETO,210.0,186.899764362998,LORETO,9.943497904686456,3.195364616448147,0.0
2159,11129,86.60384981148974,72132.75388205431,30057.0,977.9719131363339,LAMBAYEQUE,30057.0,306.86600734993397,LAMBAYEQUE,11.29247620359928,3.543329863717237,1.0
2160,34252,22.627353680264253,18808.888913683306,34252.0,250.78518551577736,JUNIN,34252.0,80.60952391578563,JUNIN,11.083275095245188,3.562481280614527,0.0
2161,519,67.6036980924142,51205.32943752147,519.0,682.7377258336194,JUNIN,519.0,219.451411875092,JUNIN,10.099118023104555,3.2461450788550366,0.0
2162,27857,8.406110010156649,7015.338322094932,27857.0,93.53784429459905,JUNIN,27857.0,30.065735666121125,JUNIN,11.127363808180279,3.5766526526293756,0.0
2163,340,18.55446538604901,13677.170174407878,340.0,182.36226899210507,JUNIN,340.0,58.6164436046052,JUNIN,9.828484151810818,3.1591556202249054,0.0
2164,4370,146.8053221018099,112953.06465218427,4370.0,1506.0408620291237,LAMBAYEQUE,4370.0,484.08456279507544,LAMBAYEQUE,10.258762015349008,3.297459219219324,0.0
2165,8653,38.41574159259159,34375.002471517815,520.0,349.86595959437324,JUNIN,520.0,106.30715249153954,JUNIN,9.107359251444057,2.7672810177388505,1.0
2166,4370,226.37314437792827,167936.5901356415,4370.0,2211.1185908098983,LAMBAYEQUE,4370.0,710.7166899031818,LAMBAYEQUE,9.767583504156537,3.139580412050316,0.0
2167,519,24.41777866377111,19496.288106717508,519.0,259.95050808956665,JUNIN,519.0,83.55552045736074,JUNIN,10.645952347633395,3.4219132545964497,0.0
2169,4370,119.80928244594743,124444.13219156567,4370.0,1659.2550958875427,LAMBAYEQUE,4370.0,533.3319951067098,LAMBAYEQUE,13.849136410913102,4.4515081320792085,0.0
2171,1,47.74453725121325,39163.850061730824,,,LORETO,,,LORETO,,,
2172,1,71.61537239062763,57481.659987695624,1.0,848.0511745840049,LORETO,1.0,272.58787754485866,LORETO,11.841747745976814,3.8062760612068325,0.0
2174,520,23.641469748849296,27254.872671488312,520.0,363.398302286511,JUNIN,520.0,116.80659716352143,JUNIN,15.371222946246764,4.940750232722175,0.0
2175,340,75.41844472474652,55595.3936802004,340.0,741.2719157360053,JUNIN,340.0,238.26597291514463,JUNIN,9.828788149124707,3.1592533336472277,0.0
2176,519,107.31171818109628,82314.34911266904,519.0,1097.524654835586,JUNIN,519.0,352.7757819114385,JUNIN,10.227444620571948,3.28739291375527,0.0
2178,520,65.2225679097809,37491.069764159096,520.0,522.022474275352,JUNIN,520.0,160.67601327496754,JUNIN,8.00370931419688,2.4635033305837113,0.0
2179,432,15.364156871061171,10352.311690944287,432.0,138.03082254592377,JUNIN,432.0,44.367050104046925,JUNIN,8.983950353039468,2.8876983277626858,0.0
2181,27857,14.339148459026845,11924.33857826195,27857.0,158.99118104349265,JUNIN,27857.0,51.104308192551215,JUNIN,11.087909543429255,3.5639709246736895,0.0
2182,365,33.84898684463664,33690.54658119292,365.0,450.1450532300473,JUNIN,365.0,144.38805677654105,JUNIN,13.298627084354598,4.265653723677679,0.0
2184,519,29.94514452209522,21621.174086810366,519.0,288.2823211574714,JUNIN,519.0,92.66217465775871,JUNIN,9.627013853439927,3.0943973100342634,0.0
2185,519,27.98422212021312,15194.633031712634,519.0,202.59510708950177,JUNIN,519.0,65.119855850197,JUNIN,7.239619033153917,2.3270204035137594,0.0
2186,519,55.78380987286302,32868.98925321174,519.0,438.2531900428231,JUNIN,519.0,140.8670967994789,JUNIN,7.856279286797491,2.5252326278991943,0.0
2187,340,4.539304459033484,4802.558224857018,340.0,64.03410966476025,JUNIN,340.0,20.582392392244373,JUNIN,14.106590611548118,4.534261267997611,0.0
2188,20274,17.761747761081665,12589.186854066114,20274.0,167.85582472088154,LORETO,20274.0,53.953657945997634,LORETO,9.450411467314936,3.037632257351229,0.0
2189,753,49.52831278150001,46934.58821204686,8652.0,602.4457979008897,JUNIN,8652.0,195.05747721695664,JUNIN,12.163664862937091,3.938302483217542,1.0
2190,519,66.1974118931175,42615.54216441752,519.0,532.8231404188869,JUNIN,519.0,171.26458084892786,JUNIN,8.049002599666348,2.5871794070356113,0.0
2192,753,2.4495158495556666,1179.004709524771,753.0,15.720062793663615,JUNIN,753.0,5.052877326534734,JUNIN,6.417620362209609,2.062806544995946,0.0
2193,4370,60.211480648077114,69240.62770224399,4370.0,923.2083693632528,LAMBAYEQUE,4370.0,296.74554729533105,LAMBAYEQUE,15.332763111394039,4.92838814294808,0.0
2194,4370,38.956016372038754,38716.678634979646,4370.0,519.5898721735227,LAMBAYEQUE,4370.0,165.92862272134118,LAMBAYEQUE,13.337859477502066,4.259383740285078,0.0
2195,442,28.890844856084854,27388.838254947965,442.0,365.9172799298115,JUNIN,442.0,117.38073537834839,JUNIN,12.665509844124331,4.0629042163031865,0.0
2197,520,15.37255892054714,14160.444912147512,520.0,169.84133266759025,JUNIN,520.0,56.90681460883502,JUNIN,11.048344881643509,3.701843974250293,0.0
2198,34252,9.545626996220578,8199.23709133256,34252.0,111.00347095780839,JUNIN,34252.0,33.987386135037106,JUNIN,11.628724965029352,3.560518984084944,0.0
2199,34252,37.79800918160875,31591.43908512442,34252.0,421.2191878016592,JUNIN,34252.0,135.3918817933903,JUNIN,11.143951676867955,3.5819844675646957,0.0
2200,4370,20.830235908162535,23922.760591712144,4370.0,318.9701412228286,LAMBAYEQUE,4370.0,102.52611682162343,LAMBAYEQUE,15.312843437257326,4.921985390546996,0.0
2201,8653,77.93659540972926,52550.330951371114,8653.0,700.6710793516149,JUNIN,8653.0,225.21570407730465,JUNIN,8.990270561191927,2.8897298232402604,0.0
2202,519,38.614178651134665,18427.205309258785,519.0,281.301638262563,JUNIN,519.0,78.9737370396805,JUNIN,7.284931289203974,2.0452004884832604,0.0
2203,519,47.09973834232328,34194.17096552834,519.0,455.9222795403779,JUNIN,519.0,146.5464469951214,JUNIN,9.679932322059026,3.111406817804686,0.0
2204,520,16.48277539901344,10320.677806027243,520.0,132.9411282402991,JUNIN,520.0,44.23147631154533,JUNIN,8.065457729179283,2.6834968772426975,0.0
2206,308,93.11226579161473,70165.23268957542,308.0,931.9838176136201,JUNIN,308.0,299.56622709009207,JUNIN,10.009248617141377,3.217258484081156,0.0
2207,365,31.046447849227143,20447.162542459162,34252.0,260.618333343126,JUNIN,34252.0,83.77017857457624,JUNIN,8.394465434782862,2.698221032608778,1.0
2209,27857,19.90031996453157,18395.02153593361,27857.0,245.26695381244818,JUNIN,27857.0,78.83580658257262,JUNIN,12.324774388029368,3.9615346247237246,0.0
2210,442,220.35402119339227,205815.53913243473,442.0,2745.473357809822,JUNIN,442.0,882.066596281863,JUNIN,12.459374886561635,4.002952119978437,0.0
2213,34252,12.056763895046407,9144.733354090104,34252.0,121.92977805453471,JUNIN,34252.0,39.19171437467188,JUNIN,10.11297717330521,3.2505998057052468,0.0
2214,519,115.74015588319884,78259.05372543886,519.0,1088.2730516552888,JUNIN,519.0,335.3959445375951,JUNIN,9.402726679870193,2.8978356040583324,0.0
2215,519,25.76766313383462,21224.88542701222,519.0,284.12413669792124,JUNIN,519.0,90.96379468719522,JUNIN,11.02638354212446,3.5301530532566545,0.0
2217,8656,5.131207318779809,3825.0520598424364,8656.0,51.00069413123248,JUNIN,8656.0,16.393080256467588,JUNIN,9.93931660967469,3.194780338824008,0.0
2221,442,66.54156369278347,64288.33511355032,442.0,857.9105713778431,JUNIN,442.0,275.52143620092994,JUNIN,12.892852583668466,4.140591547757851,0.0
2222,340,12.644017600269631,7116.420521611907,340.0,94.97438011933116,JUNIN,340.0,30.498945092622463,JUNIN,7.511408408456015,2.4121245364267825,0.0
2223,340,58.8595089304504,34614.20207214132,340.0,461.5226942952177,JUNIN,340.0,148.34658030917706,JUNIN,7.8410897861985625,2.5203502884209654,0.0
2224,11129,40.80640156045085,44605.531333456005,10972.0,594.369165676545,LAMBAYEQUE,30057.0,230.73645124172793,LAMBAYEQUE,14.565586352818757,5.654417993704089,1.0
2226,27857,121.71352027629037,118969.42995870665,432.0,1566.8154029650668,JUNIN,432.0,504.2482491356071,JUNIN,12.872977458941186,4.142910729974458,1.0
2227,4370,116.57476804525938,117156.92888372934,4370.0,1562.092385116391,LAMBAYEQUE,4370.0,502.10112378741127,LAMBAYEQUE,13.399918449847732,4.307116644593913,0.0
2228,4370,5.32496343957947,6144.220392363996,4370.0,81.92293856485328,LAMBAYEQUE,4370.0,26.33237311013141,LAMBAYEQUE,15.384695030192171,4.945080545418912,0.0
2229,27857,14.158449523915303,13802.341280246881,27857.0,184.0312170699584,JUNIN,27857.0,59.152891201058054,JUNIN,12.997978116114183,4.177921537322416,0.0
2230,520,33.99552921206103,21979.444495152602,520.0,271.22217111957696,JUNIN,520.0,85.19872764613754,JUNIN,7.978171759813405,2.5061744770812537,0.0
2232,519,67.06581002860801,48914.39469061304,519.0,654.6453512716504,JUNIN,519.0,209.63312010262726,JUNIN,9.761238267194578,3.1257822728631,0.0
2233,8653,24.263308205857044,27338.641742977714,8653.0,364.41237281107357,JUNIN,8653.0,117.16560746990447,JUNIN,15.019071996254254,4.828921368670628,0.0
2234,442,17.713824646883516,13656.113912484128,442.0,182.08151883312163,JUNIN,442.0,58.526202482074815,JUNIN,10.279062961434258,3.303984523318155,0.0
2235,4370,34.12327680958543,32333.443060597663,4370.0,431.1125741413021,LAMBAYEQUE,4370.0,138.57189883113273,LAMBAYEQUE,12.633973476433543,4.060920045996493,0.0
2236,8653,3.971639631027844,4112.072759573568,8653.0,54.82763679431423,JUNIN,8653.0,17.623168969601004,JUNIN,13.80478640760392,4.4372527738726895,0.0
2237,432,43.74738514127852,29328.519436372233,432.0,391.0469258182964,JUNIN,432.0,125.69365472730958,JUNIN,8.938749700249353,2.8731695465087213,0.0
2238,34252,3.8428427262676252,2166.8199814209133,34252.0,28.89093308561218,JUNIN,34252.0,9.286371348946771,JUNIN,7.518114880978385,2.4165369260287664,0.0
2240,8656,22.041461327304635,23880.23384114047,8656.0,318.4031178818729,JUNIN,8656.0,102.34385931917345,JUNIN,14.445644649134032,4.64324292293594,0.0
2241,27857,11.340218243253698,8913.946461891614,27857.0,118.85261949188822,JUNIN,27857.0,38.20262769382121,JUNIN,10.48062893874143,3.3687735874526026,0.0
2245,8656,31.26328885287795,28887.575704364455,8656.0,385.16767605819257,JUNIN,8656.0,123.80389587584772,JUNIN,12.320126582675126,3.9600406872884366,0.0
2246,8653,32.379872192003276,25243.016274709917,8653.0,336.57355032946555,JUNIN,8653.0,108.18435546304248,JUNIN,10.394529920738469,3.3410989030945073,0.0
2248,8653,58.49653956289433,41210.29837405072,8653.0,549.4706449873431,JUNIN,8653.0,176.61556446021729,JUNIN,9.393216232843365,3.019248074842508,0.0
2249,4370,14.867571999560063,16044.884786228034,4370.0,213.93179714970714,LAMBAYEQUE,4370.0,68.76379194097728,LAMBAYEQUE,14.389154944468233,4.625085517864789,0.0
2250,753,28.551040814264372,15481.417874425706,753.0,206.4189049923428,JUNIN,753.0,66.34893374753875,JUNIN,7.229820668716705,2.3238709292303694,0.0
2251,519,60.09355081345114,41874.1446637321,519.0,558.321928849761,JUNIN,519.0,179.46061998742314,JUNIN,9.290879325519704,2.986354068917047,0.0
2253,11129,31.87560733488999,38853.721720187845,10972.0,510.6342771478051,LAMBAYEQUE,30057.0,199.60677531100646,LAMBAYEQUE,16.01959365928321,6.262054028144695,1.0
2254,27857,44.62740184350799,47170.62883072369,27857.0,629.7806913987598,JUNIN,27857.0,202.15983784595872,JUNIN,14.11197303412757,4.52994863010084,0.0
2255,27857,19.331003908449794,13611.176759692138,27857.0,183.79971268734408,JUNIN,27857.0,58.33361468439491,JUNIN,9.508027289105415,3.0176195173648814,0.0
2256,520,75.42929078446994,56575.17656910729,520.0,707.426177037493,JUNIN,520.0,226.43941749673405,JUNIN,9.3786666914167,3.0020091020576776,0.0
2257,27857,131.2473318685025,95884.42807978606,,,JUNIN,27857.0,385.60881578098974,JUNIN,,2.9380316558917445,
2258,4370,31.530081883769345,22363.42617116635,4370.0,298.1790156155514,LAMBAYEQUE,4370.0,95.84325501928438,LAMBAYEQUE,9.456969275079626,3.0397401241327366,0.0
2260,519,21.10604888612873,16639.96426082208,519.0,221.86619014429436,JUNIN,519.0,71.31413254638034,JUNIN,10.511971773651522,3.3788480701022756,0.0
2261,753,12.02781193153855,8995.080011835618,753.0,121.64013573561293,JUNIN,753.0,38.55034290786695,JUNIN,10.113238918930554,3.2051002399516024,0.0
2262,20274,107.6024094835139,66639.09843241569,,,LORETO,20274.0,293.718657672353,LORETO,,2.729666176456342,
2263,519,48.92254319368912,28659.405135360583,519.0,382.1254018048081,JUNIN,519.0,122.82602200868827,JUNIN,7.8108245577491004,2.5106221792764956,0.0
2264,519,124.81800076741695,93116.579130756,519.0,1256.4792566133087,JUNIN,519.0,399.0710534175255,JUNIN,10.066490801712197,3.1972235652223393,0.0
2268,4370,60.33085704322063,45529.54114122769,4370.0,607.0605485497024,LAMBAYEQUE,4370.0,195.12660489097576,LAMBAYEQUE,10.06219003510605,3.2342753684269447,0.0
2270,519,1.5273599130929794,889.5457517516901,519.0,11.860610023355868,JUNIN,519.0,3.812338936078672,JUNIN,7.76543231342084,2.496031815028127,0.0
2271,753,7.832957152281895,6799.962613690841,753.0,90.66616818254454,JUNIN,753.0,29.142696915817893,JUNIN,11.574960314462041,3.7205229582199424,0.0
2272,30057,51.70203617652886,54957.98466957436,30057.0,732.7731289276584,LAMBAYEQUE,30057.0,235.53422001246165,LAMBAYEQUE,14.173003291895784,4.555608200966502,0.0
2273,432,11.507828416631016,6404.224219065751,432.0,83.43272857516496,JUNIN,432.0,27.4466752245675,JUNIN,7.250084512434047,2.3850438354556798,0.0
2274,519,55.553779036958176,37712.68720194688,519.0,502.8358293592914,JUNIN,519.0,161.62580229405793,JUNIN,9.051334366016226,2.9093574747909297,0.0
2275,29146,1.0726570087914975,861.1561811891842,,,LAMBAYEQUE,29146.0,3.690669347953647,LAMBAYEQUE,,3.440679842395956,
2277,442,20.10609889852261,14716.249657490349,442.0,198.71170845659765,JUNIN,442.0,63.06964138924434,JUNIN,9.88315582547935,3.1368412991283297,0.0
2278,365,32.1281172240394,20732.744679801548,34252.0,264.42609517435784,JUNIN,34252.0,84.99410202032932,JUNIN,8.230363868832775,2.6454741006962497,1.0
2281,519,70.5596181939915,48391.3710574173,519.0,632.1616262642415,JUNIN,519.0,198.93239763664772,JUNIN,8.95925520070449,2.8193519569467824,0.0
2282,519,78.07422529705633,54823.9993335144,519.0,733.7985855278465,JUNIN,519.0,234.95999714363307,JUNIN,9.398730281804196,3.0094438497424565,0.0
2283,365,93.81648842381898,78403.2619036313,365.0,1042.9106004933788,JUNIN,365.0,336.01397958699124,JUNIN,11.116495810224711,3.5816090031960837,0.0
2285,8656,38.3836650475694,32549.645263588027,8656.0,433.9952701811736,JUNIN,8656.0,139.49847970109158,JUNIN,11.306769940893277,3.6343189095728405,0.0
2286,8475,90.58871147715654,81160.84284599971,8475.0,1082.1445712799962,JUNIN,8475.0,347.832183625713,JUNIN,11.945688967580438,3.839685739579426,0.0
2287,432,55.38934738001032,36769.4614503825,432.0,490.2594860051,JUNIN,432.0,157.583406215925,JUNIN,8.851151154419119,2.8450128710632887,0.0
2288,8653,5.89629106120054,6507.452102524657,8653.0,86.76602803366211,JUNIN,8653.0,27.889080439391382,JUNIN,14.715357015634796,4.729936183596897,0.0
2289,34252,14.284033124641335,10051.88104644122,34252.0,134.02508061921628,JUNIN,34252.0,43.07949019903381,JUNIN,9.38285983025411,3.0159192311531076,0.0
2290,340,36.05810392753391,23275.790788874692,340.0,310.343877184996,JUNIN,340.0,99.75338909517728,JUNIN,8.60677194254848,2.7664624101048685,0.0
2291,4370,51.45609948179374,41463.65850549926,4370.0,552.8487800733234,LAMBAYEQUE,4370.0,177.70139359499677,LAMBAYEQUE,10.744086427867176,3.4534563518144488,0.0
2292,519,35.81406042208007,28264.35047563952,519.0,399.8151580428968,JUNIN,519.0,121.13293060988363,JUNIN,11.163636664788864,3.3822730285897102,0.0
2293,25383,86.04152151481199,69183.91527517539,25383.0,875.0360482473518,JUNIN,25383.0,281.2460484582757,JUNIN,10.169927644721101,3.268724721585257,0.0
2295,11129,44.533839868065336,43139.921818830524,30057.0,591.4418097060849,LAMBAYEQUE,30057.0,182.6110127932605,LAMBAYEQUE,13.28072790170965,4.100500054211777,1.0
2297,340,39.77768356373105,25099.489374440647,340.0,334.65985832587523,JUNIN,340.0,107.56924017617418,JUNIN,8.413256588702295,2.7042610463685945,0.0
2299,442,29.001890384761428,19620.71757047161,442.0,261.609567606288,JUNIN,442.0,84.08878958773542,JUNIN,9.020431569651974,2.89942443310242,0.0
2300,340,41.21950868952364,30473.426133324403,340.0,406.3123484443254,JUNIN,340.0,130.60039771424746,JUNIN,9.857282664497014,3.168412285016897,0.0
2301,4370,133.5033612676624,94689.02853168633,4370.0,1276.4867452826938,LAMBAYEQUE,4370.0,405.8101222786558,LAMBAYEQUE,9.561457727820434,3.0396996631795847,0.0
2304,30057,39.46100725708175,35428.71488813585,30057.0,472.38286517514496,LAMBAYEQUE,30057.0,151.83734952058222,LAMBAYEQUE,11.970877025455811,3.847781901039366,0.0
2305,11129,73.36022565563573,58912.085639909186,30057.0,792.6102313547892,LAMBAYEQUE,30057.0,250.20600059788336,LAMBAYEQUE,10.80435923241873,3.410649277067237,1.0
2306,8653,78.4552638504998,52852.88754182059,8653.0,704.7051672242746,JUNIN,8653.0,226.512375179231,JUNIN,8.982254760714635,2.887153315943988,0.0
2308,520,56.555489072371714,43500.44950560161,520.0,580.0059934080215,JUNIN,520.0,186.43049788114968,JUNIN,10.255520780057473,3.2964173935899006,0.0
2309,340,27.34295112396154,15811.143875952243,340.0,210.5829818471351,JUNIN,340.0,67.76204518265253,JUNIN,7.7015454876263965,2.478227199231263,0.0
2310,4370,206.35039498181848,149245.63390753095,4370.0,1998.2270171113873,LAMBAYEQUE,4370.0,642.2872555000889,LAMBAYEQUE,9.683659763711384,3.1126049240500886,0.0
2311,340,18.980336626053653,21161.01396068689,340.0,282.1468528091585,JUNIN,340.0,90.69005983151521,JUNIN,14.865218587423009,4.778105974528824,0.0
2313,20274,38.38294445166074,26261.077163834663,20274.0,350.73750396366785,LORETO,20274.0,112.5474735592914,LORETO,9.137847785632617,2.9322261532341023,0.0
2314,4370,164.92296964614098,143558.13117860572,4370.0,1914.1084157147434,LAMBAYEQUE,4370.0,615.2491336225961,LAMBAYEQUE,11.606075368529064,3.7305242255986277,0.0
2315,8653,39.16465013878331,41900.43049015161,8653.0,558.5695561067256,JUNIN,8653.0,179.57327352922115,JUNIN,14.262084663781913,4.585085603800565,0.0
2317,4370,30.27731457738538,24040.95067361414,4370.0,320.546008981522,LAMBAYEQUE,4370.0,103.03264574406063,LAMBAYEQUE,10.587002627404184,3.4029651302370585,0.0
2319,4370,138.36743279572062,125472.82512847825,4370.0,1686.9373665732517,LAMBAYEQUE,4370.0,537.7406791220496,LAMBAYEQUE,12.191722665432184,3.8863240305682734,0.0
2321,340,23.236489760999874,26323.769540434376,340.0,350.9835938724583,JUNIN,340.0,112.81615517329018,JUNIN,15.104845761236673,4.855128994683217,0.0
2323,519,48.2667951661099,28484.06400760576,519.0,379.78752010141005,JUNIN,519.0,122.07456003259611,JUNIN,7.868505020778228,2.529162328107288,0.0
2324,8653,42.17555648616002,36325.1042975796,8653.0,484.23187353909873,JUNIN,8653.0,155.67901841819827,JUNIN,11.481339284711044,3.691214328595394,0.0
2325,8653,50.934121356121395,37608.29762232887,8653.0,508.86288214941726,JUNIN,8653.0,161.17841838140959,JUNIN,9.990608821766997,3.164448783841419,0.0
2326,520,52.5995667212121,40812.38977747556,520.0,544.1651970330073,JUNIN,520.0,174.9102419034666,JUNIN,10.3454311689902,3.325317161461135,0.0
2327,340,39.65271449380896,40180.07869328786,340.0,535.7343825771716,JUNIN,340.0,172.200337256948,JUNIN,13.51066098288975,4.342712458785991,0.0
2330,8653,30.87234070422402,30568.0311323562,8653.0,407.4708980027867,JUNIN,8653.0,131.00584771009798,JUNIN,13.198574798931125,4.243469873736315,0.0
2335,365,86.79085997534763,70173.45398166194,8653.0,872.7924026224096,JUNIN,8653.0,280.5404151286314,JUNIN,10.056270935330293,3.232372800641877,1.0
2336,340,40.41515108386003,36787.02348381109,340.0,490.49364645081454,JUNIN,340.0,157.6586720734761,JUNIN,12.136380374604002,3.900979406122715,0.0
2338,1,23.12157809106114,20358.72134015311,1.0,271.4496178687082,LORETO,1.0,87.25166288637045,LORETO,11.740099088377159,3.773603278406943,0.0
2339,8653,55.16376647416768,39322.68618647793,8653.0,524.3024824863725,JUNIN,8653.0,168.5257979420482,JUNIN,9.504472156227676,3.055008907358894,0.0
2341,442,20.353112560999662,12828.84251009602,442.0,172.26335349749942,JUNIN,442.0,54.67540701926556,JUNIN,8.463735115757574,2.6863413080136835,0.0
2343,8653,28.32189421970714,24278.66935682991,8653.0,323.71559142439884,JUNIN,8653.0,104.05144010069961,JUNIN,11.42987078876768,3.6738870392467535,0.0
2344,11129,2.4761834361235566,1918.9215123809804,,,LAMBAYEQUE,11129.0,8.223949338775627,LAMBAYEQUE,,3.3212197524631484,
2345,365,1.4730619530380968,660.6981608305019,365.0,8.809308811073358,JUNIN,365.0,2.8315635464164357,JUNIN,5.980270410830119,1.9222297749096808,0.0
2346,8653,22.695935319630873,23807.845229378723,8653.0,320.3000656149756,JUNIN,8653.0,102.03362241162311,JUNIN,14.112662073808949,4.495678233774707,0.0
2348,519,47.09973834232328,34194.17096552834,519.0,455.9222795403779,JUNIN,519.0,146.5464469951214,JUNIN,9.679932322059026,3.111406817804686,0.0
2349,4370,33.36488910437983,23194.228174799795,4370.0,309.25637566399735,LAMBAYEQUE,4370.0,99.4038350348563,LAMBAYEQUE,9.268916635583874,2.9792946328662455,0.0
2351,520,6.950258821486937,7481.563040600306,520.0,103.50562495830954,JUNIN,520.0,32.063841602572744,JUNIN,14.892341079201072,4.613330586113772,0.0
2353,34252,52.76155992032299,39073.21445448154,34252.0,520.9761927264208,JUNIN,34252.0,167.4566333763494,JUNIN,9.874162051182044,3.1738378021656546,0.0
2354,4370,13.41427761912338,14007.446172573971,4370.0,186.76594896765292,LAMBAYEQUE,4370.0,60.03191216817416,LAMBAYEQUE,13.922922595652826,4.475225120031267,0.0
2355,519,114.54368397674496,77600.01853979104,519.0,1034.6669138638806,JUNIN,519.0,332.5715080276759,JUNIN,9.032946016246013,2.9034469337933615,0.0
2358,340,60.013580206858066,41368.46322163036,340.0,551.5795096217382,JUNIN,340.0,177.29341380698725,JUNIN,9.190911585686507,2.9542215811135195,0.0
2359,20274,109.49085988281008,67740.6944986718,20274.0,903.7990684281625,LORETO,20274.0,290.3172621371649,LORETO,8.254561790778828,2.651520523703041,0.0
2362,162,6.27849385092194,2616.039104550808,162.0,34.88052139401077,LORETO,162.0,11.211596162360607,LORETO,5.5555555555555545,1.7857142857142856,0.0
2363,753,10.580502820949507,6665.944979337111,753.0,88.87926639116148,JUNIN,753.0,28.568335625730484,JUNIN,8.400287575669806,2.700092435036724,0.0
2364,432,37.88967527435243,22956.826776734695,432.0,306.091023689796,JUNIN,432.0,98.38640047172012,JUNIN,8.078481049875595,2.596654623174298,0.0
2365,308,23.134653912146184,16520.587244191247,308.0,220.2744965892166,JUNIN,308.0,70.80251676081964,JUNIN,9.52140876737161,3.060452818083733,0.0
2368,34252,6.124307071653836,3740.512221451209,365.0,38.8078825761862,JUNIN,365.0,12.473962256631275,JUNIN,6.336697706718083,2.0367956914450973,1.0
2369,519,18.922951670779184,10663.997806995667,519.0,142.18663742660888,JUNIN,519.0,45.702847744267146,JUNIN,7.513977729286993,2.4152071272708193,0.0
2370,34252,52.76155992032299,39073.21445448154,34252.0,520.9761927264208,JUNIN,34252.0,167.4566333763494,JUNIN,9.874162051182044,3.1738378021656546,0.0
2371,519,44.43747792125462,25917.37872208443,519.0,345.56504962779263,JUNIN,519.0,111.07448023750469,JUNIN,7.776432547323022,2.4995676044966837,0.0
2372,340,47.625952152243805,44384.706208319876,340.0,591.7960827775985,JUNIN,340.0,190.22016946422806,JUNIN,12.425916040183926,3.99404444148769,0.0
2373,519,25.053157200167675,9053.703765513696,519.0,144.76266888717532,JUNIN,519.0,38.80158756648727,JUNIN,5.778220594337166,1.5487703707949265,0.0
2374,519,25.53869951590858,19872.49344185926,519.0,264.9665792247901,JUNIN,519.0,85.16782903653967,JUNIN,10.375100700007728,3.334853796431055,0.0
2376,4317,7.384075432650772,4502.97489367007,4317.0,59.565979894947816,LAMBAYEQUE,4317.0,19.298463830014573,LAMBAYEQUE,8.066816277574851,2.6135247406440314,0.0
2377,519,116.1580397304792,87853.99590381872,519.0,1171.3866120509158,JUNIN,519.0,376.51712530208,JUNIN,10.084421317447136,3.2414211377508644,0.0
2379,25383,65.80163846655124,53086.66370911281,25383.0,667.2380939847073,JUNIN,25383.0,214.45384887385435,JUNIN,10.140144068356028,3.259095880763928,0.0
2380,30057,42.61371333900688,35991.85667598235,30057.0,492.1334323946237,LAMBAYEQUE,30057.0,154.25081432563863,LAMBAYEQUE,11.548710352452307,3.619745904294232,0.0
2381,519,48.2667951661099,28484.06400760576,519.0,379.78752010141005,JUNIN,519.0,122.07456003259611,JUNIN,7.868505020778228,2.529162328107288,0.0
2382,4370,89.21657475378369,90333.26405452068,4370.0,1204.4435207269416,LAMBAYEQUE,4370.0,387.1425602336597,LAMBAYEQUE,13.500221500891694,4.3393569110009,0.0
2384,519,25.53869951590858,19872.49344185926,519.0,264.9665792247901,JUNIN,519.0,85.16782903653967,JUNIN,10.375100700007728,3.334853796431055,0.0
2385,30057,28.03957419161288,26087.699520514663,30057.0,347.8359936068623,LAMBAYEQUE,30057.0,111.80442651649143,LAMBAYEQUE,12.405181021290476,3.9873796139862234,0.0
2386,4370,11.276899757540258,12763.979139362718,4370.0,170.18638852483627,LAMBAYEQUE,4370.0,54.70276774012593,LAMBAYEQUE,15.091593628030768,4.85086938043846,0.0
2388,308,34.49298998800447,32367.40128707987,308.0,428.0127322470128,JUNIN,308.0,137.57552107939696,JUNIN,12.408687457824376,3.9885066828721207,0.0
2389,519,23.189380867851398,18719.239379075087,519.0,249.58985838766782,JUNIN,519.0,80.22531162460753,JUNIN,10.763110054985848,3.4595710891025946,0.0
2390,27857,88.25526663406282,74718.194971661,27857.0,990.4513333963421,JUNIN,27857.0,320.22083559283305,JUNIN,11.222574823813058,3.6283481746260033,0.0
2392,8653,37.100708714374456,35582.51626049982,8653.0,474.43355013999775,JUNIN,8653.0,152.4964982592849,JUNIN,12.787722029584335,4.110339223794962,0.0
2393,519,108.02061840014414,89276.41161614431,519.0,1208.4468158337772,JUNIN,519.0,382.6131926406185,JUNIN,11.187186610590304,3.542038532155894,0.0
2395,8653,42.17555648616002,36325.1042975796,8653.0,484.23187353909873,JUNIN,8653.0,155.67901841819827,JUNIN,11.481339284711044,3.691214328595394,0.0
2396,30057,2.5569270259364707,2748.6069180880654,30057.0,36.64809224117421,LAMBAYEQUE,30057.0,11.779743934663134,LAMBAYEQUE,14.332865924381203,4.606992618551098,0.0
2399,27857,10.893286691721183,7592.826403388153,27857.0,101.23768537850871,JUNIN,27857.0,32.54068458594922,JUNIN,9.293584961410096,2.9872237375961013,0.0
2400,4370,98.8638979582139,107268.84053228506,4370.0,1430.2512070971336,LAMBAYEQUE,4370.0,459.7236022812213,LAMBAYEQUE,14.466870481898738,4.6500655120388785,0.0
2401,520,39.943337696035044,32425.982649166497,520.0,432.3464353222201,JUNIN,520.0,138.96849706785648,JUNIN,10.823993693575005,3.4791408300776805,0.0
2402,4370,32.86255659772812,22881.992997780213,4370.0,305.0932399704029,LAMBAYEQUE,4370.0,98.06568427620094,LAMBAYEQUE,9.2839167598876,2.9841161013924427,0.0
2404,432,22.929715855496482,19523.75647392463,432.0,260.3167529856617,JUNIN,432.0,83.67324203110557,JUNIN,11.352811985381022,3.6491181381581868,0.0
2405,8653,48.12790461539906,37257.50423489312,8653.0,496.7667231319083,JUNIN,8653.0,159.67501814954187,JUNIN,10.321802436687888,3.317722211792534,0.0
2406,8656,56.81059540540765,43351.71200959045,8656.0,578.0228267945394,JUNIN,8656.0,185.79305146967334,JUNIN,10.17456026767005,3.270394371751087,0.0
2407,519,8.283529394915039,5718.506416112176,519.0,69.58272097724695,JUNIN,519.0,22.365874599829375,JUNIN,8.400129662117367,2.7000416771091538,0.0
2408,20274,45.39558797843627,29785.61516926536,20274.0,397.73134403607713,LORETO,20274.0,127.65263643970866,LORETO,8.761453739182908,2.8120053539199885,0.0
2409,30057,40.054126111346044,37628.391040448485,30057.0,501.7118805393133,LAMBAYEQUE,30057.0,161.2645330304935,LAMBAYEQUE,12.525847627897553,4.0261653089670695,0.0
2410,8653,21.715059940810875,24962.682462070046,8653.0,332.8357661609339,JUNIN,8653.0,106.98292483744305,JUNIN,15.3274164136848,4.9266695615415435,0.0
2412,365,61.54529516859437,38505.30375041355,365.0,513.404050005514,JUNIN,365.0,165.02273035891523,JUNIN,8.34188947504628,2.681321616979161,0.0
2414,8653,88.59324447467532,82733.96469049781,8653.0,1081.8920557024703,JUNIN,8653.0,343.29207969308845,JUNIN,12.211902409914932,3.8749238920945004,0.0
2416,8653,44.65975142007759,35009.77846022689,8653.0,466.7970461363586,JUNIN,8653.0,150.04190768668667,JUNIN,10.452298351273438,3.3596673271950332,0.0
2417,432,5.4359509744229655,4931.553179968131,432.0,63.79711472053002,JUNIN,432.0,21.135227914149134,JUNIN,11.736146080180971,3.8880460868013387,0.0
2418,365,63.812031525246745,39638.671928739735,365.0,528.5156257165298,JUNIN,365.0,169.88002255174175,JUNIN,8.282382069397471,2.6621942365920446,0.0
2419,8653,50.82178836659327,43488.41914636311,8653.0,579.8455886181748,JUNIN,8653.0,186.37893919869896,JUNIN,11.409389697890388,3.667303831464766,0.0
2421,442,139.08885779272032,102573.51001833858,442.0,1367.533572168908,JUNIN,442.0,439.56436248286343,JUNIN,9.832085717512323,3.160313266343248,0.0
2425,4370,16.100634291362233,18192.023492061573,4370.0,242.56031322748757,LAMBAYEQUE,4370.0,77.96581496597814,LAMBAYEQUE,15.065264438533195,4.842406426671384,0.0
2427,4370,101.81499549905952,94017.85417606188,4370.0,1253.5713890141585,LAMBAYEQUE,4370.0,402.93366075455083,LAMBAYEQUE,12.312247158383835,3.957508015194803,0.0
2428,432,13.942637693666255,15409.334605546417,432.0,181.25067697937558,JUNIN,432.0,66.04000545234177,JUNIN,12.999740864077149,4.736550350321581,0.0
2429,308,29.41593286930148,34042.13828545935,308.0,453.89517713945804,JUNIN,308.0,145.89487836625437,JUNIN,15.430249285520498,4.959722984631589,0.0
2430,27857,88.59794282517664,70599.57859840218,27857.0,965.2202166371276,JUNIN,27857.0,302.5696225645808,JUNIN,10.894386323864435,3.4150863204760595,0.0
2431,4370,29.418092400792187,26387.618154645566,4370.0,357.56859687307656,LAMBAYEQUE,4370.0,113.08979209133817,LAMBAYEQUE,12.154717308028026,3.844225878095781,0.0
2432,8653,104.26994827830839,97475.39947946287,8653.0,1204.558336446161,JUNIN,8653.0,387.1794652862661,JUNIN,11.552305878497776,3.7132411752314285,0.0
2434,25383,32.31095049012628,29498.91025912379,25383.0,352.73471465152045,JUNIN,25383.0,113.36347694533008,JUNIN,10.916878312178115,3.5085156959394364,0.0
2435,753,23.766184623467396,25209.224476847176,8652.0,309.3562368297724,JUNIN,8652.0,101.9487754946723,JUNIN,13.016655459467625,4.289656800612633,1.0
2436,8653,55.16376647416768,39322.68618647793,8653.0,524.3024824863725,JUNIN,8653.0,168.5257979420482,JUNIN,9.504472156227676,3.055008907358894,0.0
2437,519,24.37745081296585,8850.991849353148,519.0,141.28760746728022,JUNIN,519.0,37.932822211513496,JUNIN,5.795831916605994,1.5560618910709823,0.0
2438,1,55.382684214412556,45926.780211746845,1.0,620.4511767476401,LORETO,1.0,196.82905805034352,LORETO,11.202981320760479,3.5539819140640634,0.0
2439,8653,37.56118124257077,31169.61781070461,8653.0,415.59490414272835,JUNIN,8653.0,133.58407633159115,JUNIN,11.06447908170963,3.556439704835235,0.0
2440,520,13.508984247753434,13445.871385900487,520.0,170.05868758209945,JUNIN,520.0,56.67298617334319,JUNIN,12.588562134890378,4.195207066198778,0.0
2441,34252,14.058193439645262,10192.536743108785,34252.0,135.90048990811712,JUNIN,34252.0,43.68230032760907,JUNIN,9.66699530004094,3.107248489298873,0.0
2442,25383,96.78069213116312,72395.40773491343,25383.0,924.6880143287158,JUNIN,25383.0,297.2056089844285,JUNIN,9.554467879559303,3.07091840779189,0.0
2443,8653,24.94380582914688,27911.153326506595,8653.0,372.0458605914587,JUNIN,8653.0,119.6192285421711,JUNIN,14.915360676706458,4.7955484163685975,0.0
2444,340,17.206803014114428,19628.56052230177,340.0,261.714140297357,JUNIN,340.0,84.12240223843617,JUNIN,15.209922498832448,4.888903660339,0.0
2446,4370,14.559931324199876,14777.28662988713,4370.0,197.03048839849507,LAMBAYEQUE,4370.0,63.33122841380198,LAMBAYEQUE,13.532377592400673,4.349692797557359,0.0
2449,519,67.06581002860801,48914.39469061304,519.0,654.6453512716504,JUNIN,519.0,209.63312010262726,JUNIN,9.761238267194578,3.1257822728631,0.0
2450,27857,10.874458164163144,6166.420441966858,27857.0,82.21893922622479,JUNIN,27857.0,26.427516179857967,JUNIN,7.560738933842047,2.430237514449229,0.0
2451,365,2.8679860398896184,1359.4031104393057,365.0,18.12537480585741,JUNIN,365.0,5.826013330454167,JUNIN,6.319896454780166,2.031395289036482,0.0
2452,25383,64.99973070609391,59463.62545709413,25383.0,752.264250624458,JUNIN,25383.0,241.7836849366315,JUNIN,11.573344111623081,3.719764409946449,0.0
2453,442,40.73447291341762,24319.661782594143,442.0,324.26215710125507,JUNIN,442.0,104.22712192540342,JUNIN,7.960386716933451,2.558695730442895,0.0
2454,753,65.98438714823378,74006.22736317488,8652.0,959.9603965502696,JUNIN,8652.0,311.0787878646481,JUNIN,14.548296014233197,4.714430205524382,1.0
2455,25973,6.2964178461040134,6527.3303877248945,25383.0,88.0474711729332,JUNIN,25383.0,27.965825383189404,JUNIN,13.983740171788895,4.441545346373987,1.0
2456,27857,10.96652139055041,8279.03758428582,27857.0,109.38737165665917,JUNIN,27857.0,35.481589646939234,JUNIN,9.974664504909976,3.2354461714279674,0.0
2457,25973,16.738464157919495,16521.167093477685,25383.0,220.25594615773758,JUNIN,25383.0,70.79655412212992,JUNIN,13.15867119466439,4.229572883999267,1.0
2458,25383,74.46162258566818,45518.91828605767,753.0,591.7544823542819,JUNIN,753.0,187.82197835821765,JUNIN,7.947107003657726,2.522399752196217,1.0
2459,432,37.88967527435243,22956.826776734695,432.0,306.091023689796,JUNIN,432.0,98.38640047172012,JUNIN,8.078481049875595,2.596654623174298,0.0
2460,27857,14.424992468629954,12121.111643699289,27857.0,161.6148219159905,JUNIN,27857.0,51.947621330139796,JUNIN,11.203806329012261,3.6012234628967983,0.0
2462,8656,40.02151177309006,33338.4350383352,8656.0,444.68465910930627,JUNIN,8656.0,142.87900730715089,JUNIN,11.111140969150156,3.5700552272295933,0.0
2464,8653,71.69846810963362,73471.98546850619,8653.0,958.3989994092486,JUNIN,8653.0,303.5978830274101,JUNIN,13.367077772760325,4.2343705665116955,0.0
2466,8653,21.276171089444993,24370.93413072067,8653.0,324.945788409609,JUNIN,8653.0,104.44686056023146,JUNIN,15.272756881091874,4.909100426065245,0.0
2467,340,9.784581549425432,7541.967514943995,340.0,100.55956686591993,JUNIN,340.0,32.32271792118855,JUNIN,10.277349762783158,3.303433852323158,0.0
2469,8653,29.91421178612771,29785.058889893116,8653.0,397.13411853190837,JUNIN,8653.0,127.65025238525625,JUNIN,13.275767430251118,4.267210959723574,0.0
2471,4370,33.154840036804295,37076.37301691329,4370.0,494.35164022551004,LAMBAYEQUE,4370.0,158.8987415010568,LAMBAYEQUE,14.910391353924302,4.792625792332811,0.0
2472,11129,7.39589766026975,5611.126072067243,30057.0,69.77424357131171,LAMBAYEQUE,30057.0,22.427435433635928,LAMBAYEQUE,9.434181863566625,3.032415599003561,1.0
2473,4370,71.78094408264019,69742.49255793127,4370.0,929.8999007724167,LAMBAYEQUE,4370.0,298.89639667684816,LAMBAYEQUE,12.954690310311864,4.1640075997430985,0.0
2474,27857,50.866778836450216,31832.70082605502,27857.0,436.12486899028346,JUNIN,27857.0,136.42586068309294,JUNIN,8.573864494005747,2.6820228015958545,0.0
2475,4370,105.79864126426406,110877.86561553573,4370.0,1478.3715415404758,LAMBAYEQUE,4370.0,475.19085263801,LAMBAYEQUE,13.97344544196741,4.491464606346667,0.0
2476,4370,124.11888537230115,117052.3315248919,4370.0,1560.6977536652241,LAMBAYEQUE,4370.0,501.65284939239314,LAMBAYEQUE,12.574216639021763,4.0417124911141356,0.0
2477,4370,71.229122491602,82509.32851117828,4370.0,1100.1243801490434,LAMBAYEQUE,4370.0,353.6114079050494,LAMBAYEQUE,15.44486779657786,4.964421791757165,0.0
2478,4370,55.77901513607231,43203.03968191448,4370.0,576.0405290921929,LAMBAYEQUE,4370.0,185.15588435106196,LAMBAYEQUE,10.327190748831763,3.319454169267352,0.0
2480,340,28.03302472735858,16237.964435327442,340.0,216.27392263880444,JUNIN,340.0,69.59127615140339,JUNIN,7.714969210144984,2.482474753553312,0.0
2481,4370,26.46259485424575,27031.732341322517,4370.0,360.3121293419597,LAMBAYEQUE,4370.0,115.85028146281067,LAMBAYEQUE,13.61590317678729,4.377888189004384,0.0
2482,11129,29.982867120887793,37678.204717298235,10972.0,498.296758397402,LAMBAYEQUE,30057.0,201.0479086010517,LAMBAYEQUE,16.619383209361583,6.705426395362641,1.0
2483,4370,126.07933193347245,124013.24416449337,4370.0,1653.5099221932444,LAMBAYEQUE,4370.0,531.4853321335426,LAMBAYEQUE,13.114837276150404,4.215483410191199,0.0
2484,8653,41.88940435850637,31310.54984986353,8653.0,417.4739979981806,JUNIN,8653.0,134.1880707851294,JUNIN,9.966100124634627,3.2033893257754142,0.0
2486,520,73.46744335486893,56018.50097286188,520.0,746.9133463048254,JUNIN,520.0,240.07928988369386,JUNIN,10.166589610271567,3.2678323747301463,0.0
2487,753,51.68820636133671,47901.54420708885,8652.0,612.9271968547977,JUNIN,8652.0,199.20157433856514,JUNIN,11.858163399403104,3.853907658277148,1.0
2488,442,438.6843341521052,345990.6249431669,442.0,4611.830476582484,JUNIN,442.0,1482.7805693035568,JUNIN,10.51286794978966,3.3800627327380965,0.0
2489,519,122.47969406422747,92415.08711979915,519.0,1244.45367928262,JUNIN,519.0,396.0646590848533,JUNIN,10.160489775799386,3.233716920268921,0.0
2491,519,90.67316956693233,72352.34495582971,519.0,964.6979327443956,JUNIN,519.0,310.0814783821273,JUNIN,10.639287645418454,3.419771028884504,0.0
2492,365,92.11505796875934,52317.879686833076,27857.0,688.8669566116554,JUNIN,27857.0,219.6762708704125,JUNIN,7.478331684329866,2.3848030464781917,1.0
2493,8656,15.031579237104712,15702.03806924056,8656.0,209.36050758987412,JUNIN,8656.0,67.29444886817383,JUNIN,13.928044704250238,4.476871512080434,0.0
2494,8656,33.69078793400697,15837.214844836199,8656.0,216.84412262646515,JUNIN,8656.0,67.87377790644086,JUNIN,6.436303094223153,2.0146093952860658,0.0
2495,30057,10.219895345283785,11481.747271174725,30057.0,153.08996361566304,LAMBAYEQUE,30057.0,49.20748830503453,LAMBAYEQUE,14.979601888615235,4.814872035626324,0.0
2497,519,66.01348390302967,49393.969383992684,519.0,658.5862584532358,JUNIN,519.0,211.68844021711152,JUNIN,9.976541450541594,3.2067454662455126,0.0
2498,8653,87.32197057245043,82836.18355153235,8653.0,1083.2549738495975,JUNIN,8653.0,343.73016052609364,JUNIN,12.40529693441616,3.936353683646009,0.0
2499,4370,111.41012884198078,107533.07836215211,4370.0,1433.7743781620272,LAMBAYEQUE,4370.0,460.85605012350857,LAMBAYEQUE,12.869335966711157,4.136572275014299,0.0
2502,11020,6.368632631181165,3658.9310016459235,11020.0,48.88456585443815,LAMBAYEQUE,11020.0,15.681132864196815,LAMBAYEQUE,7.67583383834965,2.4622448447444043,0.0
2503,432,81.96043737663194,70630.36177003279,432.0,939.7812292547253,JUNIN,432.0,302.7015504429976,JUNIN,11.466278845440495,3.6932642154164737,0.0
2504,520,57.293261137550516,48137.20593411413,520.0,616.9149448975647,JUNIN,520.0,198.29408943136005,JUNIN,10.767670274807122,3.4610368740451456,0.0
2505,340,11.141616363036333,12552.509429377325,340.0,167.36679239169766,JUNIN,340.0,53.7964689830457,JUNIN,15.021769457702506,4.828425897118665,0.0
2506,10972,11.276905009514515,9368.679052153566,10972.0,124.73049177125543,LAMBAYEQUE,10972.0,40.1514816520867,LAMBAYEQUE,11.060702530172792,3.560505441715632,0.0
2508,27857,41.2564981499885,24714.99712394175,27857.0,328.5870674252128,JUNIN,27857.0,105.92141624546466,JUNIN,7.964492435364497,2.5673874661001537,0.0
2509,25383,79.88432326307664,50616.50183622872,753.0,659.7222630232294,JUNIN,753.0,209.66876500180797,JUNIN,8.25846969812361,2.624654706172106,1.0
2510,25383,28.22754183614302,27883.54968016498,25383.0,371.78066240219965,JUNIN,25383.0,119.50092720070711,JUNIN,13.170847981036927,4.233486851047586,0.0
2511,4370,132.32300099373714,97295.35172206318,4370.0,1311.237721154385,LAMBAYEQUE,4370.0,416.98007880884234,LAMBAYEQUE,9.909371094269893,3.151229005368296,0.0
2513,8653,100.14430625855371,76649.84356962489,519.0,1016.7299923296868,JUNIN,519.0,326.1175175801497,JUNIN,10.152649015358714,3.256475877302258,1.0
2515,442,197.7524619349019,137034.96924703356,442.0,1825.7550673007058,JUNIN,442.0,587.2563306058414,JUNIN,9.232527622850661,2.9696537017028906,0.0
2516,30057,12.862584574371072,12837.128929352622,30057.0,171.16171905803498,LAMBAYEQUE,30057.0,55.01626684008267,LAMBAYEQUE,13.306946054922566,4.277232660510824,0.0
2517,365,12.002080183597895,9875.398200023456,365.0,132.99557326453493,JUNIN,365.0,42.32313514295766,JUNIN,11.081043554957029,3.526316646409068,0.0
2518,8653,13.422037209598937,14441.480545604762,8653.0,192.55307394139692,JUNIN,8653.0,61.892059481163265,JUNIN,14.346039348161707,4.611226933337689,0.0
2520,11020,8.022803368195817,5746.44037578501,11020.0,78.83896599309234,LAMBAYEQUE,11020.0,24.627601610507178,LAMBAYEQUE,9.826860060615171,3.069700263144487,0.0
2522,4370,173.63695610214867,131675.26677344387,4370.0,1755.6702236459187,LAMBAYEQUE,4370.0,564.3225718861883,LAMBAYEQUE,10.111155269348753,3.2500141937192426,0.0
2523,8653,0.8842480616156578,660.0686030089596,8653.0,8.800914706786127,JUNIN,8653.0,2.828865441466969,JUNIN,9.952992931311035,3.1991762993499755,0.0
2526,8653,69.78955536691706,71722.14878768267,8653.0,935.067843664935,JUNIN,8653.0,296.0985829667379,JUNIN,13.398392334624234,4.242734910833091,0.0
2528,8653,25.62710528188445,28104.616550370698,8653.0,374.6253702429799,JUNIN,8653.0,120.44835664444581,JUNIN,14.618325640851793,4.700037531339506,0.0
2530,34252,7.937293451407703,6223.94386280078,34252.0,82.98591817067708,JUNIN,34252.0,25.52184372704376,JUNIN,10.45519088826926,3.215434062415493,0.0
2531,519,110.4076877701097,63375.07578658457,519.0,845.001010487794,JUNIN,519.0,271.607467656791,JUNIN,7.653461706826526,2.4600412629085273,0.0
2534,432,9.604829446276211,8753.025112500272,432.0,114.75007382095856,JUNIN,432.0,37.51296476785831,JUNIN,11.947122482788814,3.9056356989662184,0.0
2535,519,24.815255432242978,16866.47474837027,519.0,224.8863299782703,JUNIN,519.0,72.28489177872974,JUNIN,9.062422532474553,2.912921528295392,0.0
2536,30057,49.5695279263953,57371.52081695507,30057.0,764.9536108927347,LAMBAYEQUE,30057.0,245.87794635837898,LAMBAYEQUE,15.431932537840535,4.960264030020171,0.0
2537,27857,18.217020370973426,15846.267235019779,27857.0,211.28356313359708,JUNIN,27857.0,67.9125738643705,JUNIN,11.59814057573605,3.727973756486588,0.0
2538,442,456.0419578762872,366255.0443840082,442.0,4882.022735793704,JUNIN,442.0,1569.6280811928773,JUNIN,10.705205193242493,3.44185015015368,0.0
2539,753,23.766184623467396,25209.224476847176,8652.0,309.3562368297724,JUNIN,8652.0,101.9487754946723,JUNIN,13.016655459467625,4.289656800612633,1.0
2541,27857,14.665373512793185,9540.952188103784,27857.0,127.2126958413838,JUNIN,27857.0,40.88979509187336,JUNIN,8.674357712772276,2.7881864076768026,0.0
2545,27857,58.71656456501432,63607.985339147766,27857.0,782.328510047575,JUNIN,27857.0,248.00663868694525,JUNIN,13.323812723772972,4.223793413736565,0.0
2546,8653,39.154229111838134,41948.22876623872,8653.0,559.2068664545535,JUNIN,8653.0,179.77812328388018,JUNIN,14.282157486928517,4.591537807330369,0.0
2548,8653,36.54331113760435,41971.019037197206,8653.0,559.5107367340001,JUNIN,8653.0,179.8757958737023,JUNIN,15.310893274754296,4.922263206975894,0.0
2549,34252,9.403744369955762,5441.63733899546,34252.0,72.55516451993945,JUNIN,34252.0,23.32130288140911,JUNIN,7.715561128155249,2.480001791192759,0.0
2550,25383,74.46162258566818,45518.91828605767,753.0,591.7544823542819,JUNIN,753.0,187.82197835821765,JUNIN,7.947107003657726,2.522399752196217,1.0
2551,4370,34.5034910903269,39482.89642388454,4370.0,527.3655722524037,LAMBAYEQUE,4370.0,169.2124132452193,LAMBAYEQUE,15.284411970713636,4.9042113681261155,0.0
2552,11470,4.206284521622447,2154.049208417922,11470.0,31.55846366033244,LAMBAYEQUE,11470.0,9.231639464648236,LAMBAYEQUE,7.502693528720144,2.1947253965329505,0.0
2554,4370,71.06643091748239,77186.50135784084,4370.0,1029.1533514378768,LAMBAYEQUE,4370.0,330.7992915336032,LAMBAYEQUE,14.481567994217427,4.654789712427029,0.0
2555,365,12.853108469038846,12314.331018200599,365.0,164.19108024267462,JUNIN,365.0,52.775704363716855,JUNIN,12.774425784874188,4.106065430852419,0.0
2556,25383,64.99973070609391,59463.62545709413,25383.0,752.264250624458,JUNIN,25383.0,241.7836849366315,JUNIN,11.573344111623081,3.719764409946449,0.0
2557,8653,78.06232654408865,52093.83823818606,8653.0,694.5845098424804,JUNIN,8653.0,223.25930673508316,JUNIN,8.897819737030098,2.8600134869025333,0.0
2560,30057,6.177424085193293,6392.805466404793,30057.0,85.2374062187306,LAMBAYEQUE,30057.0,27.39773771316339,LAMBAYEQUE,13.798211850637983,4.435139523419349,0.0
2562,8653,37.29483137125744,34182.56739278996,8653.0,455.76756523719956,JUNIN,8653.0,146.49671739767126,JUNIN,12.220662984105962,3.9280702448912015,0.0
2563,11129,89.89886257635345,72212.49689502454,30057.0,983.6171098010683,LAMBAYEQUE,30057.0,307.2077631198065,LAMBAYEQUE,10.941374357942033,3.4172597329458636,1.0
2565,1,34.69397554580054,23805.160382431794,1.0,318.37015402218447,LORETO,1.0,102.0221159247077,LORETO,9.176525578681366,2.9406291530362467,0.0
2566,4370,107.58717138239643,90638.98230834202,4370.0,1208.5197641112268,LAMBAYEQUE,4370.0,388.45278132146564,LAMBAYEQUE,11.232935568273213,3.610586432659246,0.0
2567,8653,39.65477958900503,30275.777170133042,8653.0,403.67702893510744,JUNIN,8653.0,129.75333072914157,JUNIN,10.179782440324894,3.272072927247285,0.0
2568,27857,68.40888772549535,74915.69569304227,27857.0,999.9900640593443,JUNIN,27857.0,321.06726725589544,JUNIN,14.61783837316591,4.693356052567958,0.0
2569,27857,74.21568162082778,66256.76047451033,27857.0,884.2624466492482,JUNIN,27857.0,283.95754489075864,JUNIN,11.914765550049063,3.826112469619483,0.0
2571,4370,81.86816962664234,79114.90684207126,4370.0,1054.86542456095,LAMBAYEQUE,4370.0,339.06388646601954,LAMBAYEQUE,12.884927431157145,4.1415838171576524,0.0
2572,25383,59.262668954379556,39474.501931345454,25383.0,526.3266924179397,JUNIN,25383.0,169.17643684862344,JUNIN,8.881251919705242,2.854688117048113,0.0
2574,4370,13.264107553281095,13786.762081076517,4370.0,183.82349441435358,LAMBAYEQUE,4370.0,59.08612320461364,LAMBAYEQUE,13.858715610978427,4.454587160671637,0.0
2575,520,45.57483072149506,39412.886886977496,519.0,364.25940879845393,JUNIN,519.0,117.08338139950305,JUNIN,7.992556484179182,2.56903601277188,1.0
2576,442,61.09400118474347,33608.77533901519,442.0,425.71422970086064,JUNIN,442.0,136.47437914697565,JUNIN,6.968183806025967,2.2338425459201443,0.0
2577,4370,28.586446697600834,27822.330341299377,4370.0,370.96440455065823,LAMBAYEQUE,4370.0,119.2385586055687,LAMBAYEQUE,12.976933036654467,4.171157047496078,0.0
2581,442,36.23219489335484,20716.441269667946,442.0,236.85436327408297,JUNIN,442.0,75.97554791766721,JUNIN,6.537124344004984,2.096907133042649,0.0
2583,442,85.50019709748996,77063.19750029361,442.0,1028.2420698677533,JUNIN,442.0,330.27084642982965,JUNIN,12.026195316196992,3.8628080126323527,0.0
2585,66,0.0,0.0,66.0,2.762173745255723,LORETO,66.0,0.887841560975054,LORETO,inf,inf,0.0
2587,520,6.71561022620668,4875.873554002981,520.0,65.01164738670641,JUNIN,520.0,20.896600945727062,JUNIN,9.680676095972341,3.1116458879911097,0.0
2588,519,95.9788936685867,69152.9481870143,519.0,947.6487312978068,JUNIN,519.0,296.36977794434705,JUNIN,9.873511717795164,3.0878640773637827,0.0
2589,520,41.186346618640826,22473.960056733344,520.0,301.80132834587965,JUNIN,520.0,96.31697167171434,JUNIN,7.327703307612266,2.3385655582309295,0.0
2590,8656,66.89306342996113,48392.946021867196,8656.0,645.2392802915625,JUNIN,8656.0,207.3983400937166,JUNIN,9.645832425766324,3.100446136853462,0.0
2591,8653,55.16376647416768,39322.68618647793,8653.0,524.3024824863725,JUNIN,8653.0,168.5257979420482,JUNIN,9.504472156227676,3.055008907358894,0.0
2592,11129,81.98741618897408,71604.72557140302,30057.0,963.0866958400908,LAMBAYEQUE,30057.0,304.60302887571413,LAMBAYEQUE,11.746762376561023,3.715241228893344,1.0
2593,27857,11.094310416132602,6384.702322965978,27857.0,85.12936430621305,JUNIN,27857.0,27.363009955568476,JUNIN,7.673245214269797,2.466400247443863,0.0
2594,27857,9.10658706908283,7025.065361638953,27857.0,92.721310594509,JUNIN,27857.0,30.107422978452657,JUNIN,10.181784887260452,3.306114875974598,0.0
2597,27857,13.809413588313062,10501.562643003019,27857.0,140.0208352400403,JUNIN,27857.0,45.00669704144153,JUNIN,10.139520722193465,3.2591316607050422,0.0
2598,4370,59.59905320867729,47658.87480822418,4370.0,635.4516641096556,LAMBAYEQUE,4370.0,204.25232060667489,LAMBAYEQUE,10.662110048706904,3.427106801370074,0.0
2600,753,9.279747760920923,9132.235233350086,8652.0,91.78049849592247,JUNIN,8652.0,32.013716744506205,JUNIN,9.890408754689489,3.4498477296250516,1.0
2601,4370,28.48771776488979,24877.68063685887,4370.0,338.7007111653204,LAMBAYEQUE,4370.0,106.61863130082375,LAMBAYEQUE,11.889359265653717,3.7426175090876472,0.0
2603,8653,117.31275956427889,88508.59990638142,519.0,1172.7045836283307,JUNIN,519.0,376.94075902339205,JUNIN,9.996394151701576,3.2131266916183643,1.0
2604,8653,30.87234070422402,30568.0311323562,8653.0,407.4708980027867,JUNIN,8653.0,131.00584771009798,JUNIN,13.198574798931125,4.243469873736315,0.0
2605,34252,16.453350994710505,9983.976656679915,365.0,130.74571105336756,JUNIN,365.0,42.20683843590064,JUNIN,7.946448786961407,2.5652426942979263,1.0
2608,308,60.579763698407675,40282.57890377981,308.0,533.548433803012,JUNIN,308.0,171.49771086525385,JUNIN,8.807370666865712,2.8309405714925497,0.0
2609,8653,25.4859306661947,14180.683809335133,8653.0,194.9747248621345,JUNIN,8653.0,60.77435918286489,JUNIN,7.650288601026244,2.384623892251179,0.0
2610,8653,55.16376647416768,39322.68618647793,8653.0,524.3024824863725,JUNIN,8653.0,168.5257979420482,JUNIN,9.504472156227676,3.055008907358894,0.0
2611,30057,55.268543121470444,64020.37187787607,30057.0,853.6049583716816,LAMBAYEQUE,30057.0,274.3730223337547,LAMBAYEQUE,15.44467992390553,4.9643614041124895,0.0
2613,519,46.920555709069546,38367.24528928664,519.0,511.56327052382187,JUNIN,519.0,164.4310512397999,JUNIN,10.902753873926068,3.504456602333379,0.0
2614,8656,0.6961771944547066,303.94154804468,8656.0,4.052553973929067,JUNIN,8656.0,1.3026066344772,JUNIN,5.821153014216881,1.8710848974268546,0.0
2615,753,90.2473550311576,66716.9919054524,753.0,891.8778527752374,JUNIN,753.0,284.1299825742827,JUNIN,9.882592708310616,3.1483469235878188,0.0
2616,11129,189.946310569437,139131.51457423627,30057.0,1787.8175454185648,LAMBAYEQUE,30057.0,572.4573061104481,LAMBAYEQUE,9.412225697139867,3.0137848131626646,1.0
2617,4370,101.52172629299855,117552.5451430862,4370.0,1567.3672685744816,LAMBAYEQUE,4370.0,503.7966220417976,LAMBAYEQUE,15.438737360030245,4.962451294295436,0.0
2618,442,6.685464606349009,3637.2211509176386,442.0,48.496282012235184,JUNIN,442.0,15.588090646789878,JUNIN,7.253988296666704,2.3316390953571546,0.0
2619,4370,66.64015228415784,74305.82621173203,4370.0,990.7443494897595,LAMBAYEQUE,4370.0,318.4535409074225,LAMBAYEQUE,14.867078113284657,4.778703679270065,0.0
2620,519,107.14355244671138,88253.16800380609,519.0,1194.8035676692677,JUNIN,519.0,378.2278628734547,JUNIN,11.151427597694335,3.5301038115342407,0.0
2621,753,13.272162824817173,9479.367074415713,753.0,126.53322523213525,JUNIN,753.0,40.62585889035306,JUNIN,9.533730628706198,3.0609825562408055,0.0
2623,8653,22.21766137168127,25519.46818837292,8653.0,340.1567254163431,JUNIN,8653.0,109.3691493787411,JUNIN,15.310194881712814,4.922622032494541,0.0
2624,34252,29.84457404220118,23118.249075355983,34252.0,311.7722893602483,JUNIN,34252.0,99.07821032295422,JUNIN,10.44653171860963,3.3198064808314727,0.0
2627,27857,58.71656456501432,63607.985339147766,27857.0,848.9454448444139,JUNIN,27857.0,272.6056514534904,JUNIN,14.45836368550502,4.642738441409423,0.0
2628,8475,5.2749365093231715,4528.239581136613,8475.0,60.37652774848819,JUNIN,8475.0,19.406741062014063,JUNIN,11.445925015737322,3.6790473264869963,0.0
2630,11129,17.89382651240038,15221.58432342578,10972.0,198.8751531457692,LAMBAYEQUE,10972.0,63.924921076735295,LAMBAYEQUE,11.114176892681348,3.5724567371006684,1.0
2631,27857,19.438475657672907,18164.09938250428,27857.0,242.18799176672377,JUNIN,27857.0,77.84614021073263,JUNIN,12.459206988852824,4.004745103559835,0.0
2632,432,2.6592527384541986,2506.48241216499,432.0,33.4197654955332,JUNIN,432.0,10.7420674807071,JUNIN,12.567352103192654,4.039506033169068,0.0
2633,432,59.78094963714902,33902.463958133,432.0,452.0328527751067,JUNIN,432.0,145.29627410628427,JUNIN,7.56148665283505,2.4304778526969804,0.0
2634,8653,48.12790461539906,37257.50423489312,8653.0,496.7667231319083,JUNIN,8653.0,159.67501814954187,JUNIN,10.321802436687888,3.317722211792534,0.0
2636,432,22.098816491198217,25608.39561629752,432.0,341.4452748839669,JUNIN,432.0,109.75026692698935,JUNIN,15.450839868278095,4.966341386232245,0.0
2637,520,2.8268097133533647,2565.0986350035882,520.0,34.20131513338117,JUNIN,520.0,10.993279864301092,JUNIN,12.098909584122348,3.888935223467898,0.0
2639,27857,64.59502473235777,60843.028313385985,27857.0,805.4491112860082,JUNIN,27857.0,260.7558356287972,JUNIN,12.46921283215381,4.036778942483724,0.0
2640,8653,22.831444389133022,19875.823647795278,8653.0,265.01098197060367,JUNIN,8653.0,85.18210134769406,JUNIN,11.607280619387344,3.7309116276602188,0.0
2641,34252,13.279524616191601,9903.923210270803,34252.0,132.05230947027735,JUNIN,34252.0,42.44538518687488,JUNIN,9.944053969316581,3.1963030615660455,0.0
2643,30057,22.148518451529085,24035.16227525387,30057.0,320.46883033671855,LAMBAYEQUE,30057.0,103.0078383225166,LAMBAYEQUE,14.469086545813365,4.65077781829715,0.0
2644,432,11.168162034531152,12172.446336555464,432.0,138.09216672616284,JUNIN,432.0,52.16762715666626,JUNIN,12.364806876833612,4.671102281231927,0.0
2645,4370,22.606069487422356,24616.9438721005,4370.0,328.2259182946733,LAMBAYEQUE,4370.0,105.50118802328787,LAMBAYEQUE,14.519371378438555,4.6669408002123935,0.0
2647,8653,48.11680212868452,34232.13413576918,8653.0,461.11043032689685,JUNIN,8653.0,146.7091462961536,JUNIN,9.583147880312039,3.0490211278752852,0.0
2648,520,40.01190703720252,23339.23747539993,520.0,310.65220207418264,JUNIN,520.0,99.85249352384442,JUNIN,7.7639938977500496,2.4955694671339446,0.0
2649,27857,4.519530624785675,3147.8556805460967,27857.0,41.97140907394796,JUNIN,27857.0,13.49081005948327,JUNIN,9.286674338209252,2.9850024658529732,0.0
2651,519,20.34806614362173,13469.7639959991,519.0,186.55873413356088,JUNIN,519.0,57.727559982853286,JUNIN,9.168376631802884,2.837004734277831,0.0
2652,520,19.478761094953786,19393.94662354794,520.0,253.75278524657259,JUNIN,520.0,83.11691410091973,JUNIN,13.027152189484493,4.2670534176042745,0.0
2654,8656,26.635491562448404,26156.09701838748,8656.0,348.74796024516644,JUNIN,8656.0,112.09755865023209,JUNIN,13.093355511292415,4.208578557201134,0.0
2655,8653,66.06740537562614,45626.636764810944,8653.0,608.3551568641461,JUNIN,8653.0,195.54272899204682,JUNIN,9.20809820523969,2.959745851684184,0.0
2656,340,8.417662986680874,9374.56382362929,340.0,124.99418431505718,JUNIN,340.0,40.1767021012684,JUNIN,14.849036426480055,4.772904565654305,0.0
2657,519,57.413008613254085,37843.65197176718,519.0,504.58202629022895,JUNIN,519.0,162.18707987900214,JUNIN,8.788635859325854,2.824918669069024,0.0
2658,520,53.96924346175817,41458.968129554996,519.0,547.2733606539714,JUNIN,519.0,175.51906118516,JUNIN,10.140467524651545,3.252205328939441,1.0
2659,11129,46.959863792055366,42864.41107821316,10972.0,563.9950114063407,LAMBAYEQUE,10972.0,181.34364867764978,LAMBAYEQUE,12.010150069936042,3.8616732254732256,1.0
2660,20274,110.52900938830018,67858.51505940997,20274.0,905.3700092380049,LORETO,20274.0,290.82220739747135,LORETO,8.191243314751366,2.631184419429491,0.0
2661,4370,76.52646798021718,75108.63060725239,4370.0,1001.4484080966985,LAMBAYEQUE,4370.0,321.89413117393866,LAMBAYEQUE,13.086301178248322,4.206311093008387,0.0
2662,4370,129.70122335233984,124814.02781285961,4370.0,1664.1870375047945,LAMBAYEQUE,4370.0,534.9172620551124,LAMBAYEQUE,12.830927839315343,4.124226805494216,0.0
2664,30057,20.729935046476545,17434.899674918488,30057.0,232.4653289989132,LAMBAYEQUE,30057.0,74.72099860679353,LAMBAYEQUE,11.21399215567852,3.604497478610953,0.0
2665,520,46.88708427180021,27820.582097598883,520.0,393.0826387212158,JUNIN,520.0,119.23106613256664,JUNIN,8.38360168532876,2.5429405130290226,0.0
2666,27857,58.71656456501432,63607.985339147766,27857.0,887.8412989598598,JUNIN,27857.0,281.92146369446544,JUNIN,15.120797777206318,4.801395752340142,0.0
2667,8653,36.88868721953085,32922.99140316342,8653.0,438.9732187088454,JUNIN,8653.0,141.09853458498606,JUNIN,11.89994146705306,3.8249811858384843,0.0
2669,30057,29.63070556466868,29117.83628389115,30057.0,388.2378171185487,LAMBAYEQUE,30057.0,124.79072693096208,LAMBAYEQUE,13.102550537354707,4.211534101292584,0.0
2670,365,23.12020427812224,25180.218366666406,365.0,335.7362448888853,JUNIN,365.0,107.91522157142741,JUNIN,14.521335575160968,4.667572149158882,0.0
2671,340,55.645489982872704,40353.825543029685,340.0,538.0510072403961,JUNIN,340.0,172.94496661298442,JUNIN,9.669265333201388,3.107978142814731,0.0
2672,25383,14.98446847040363,13424.581645520153,25383.0,178.99442194026867,JUNIN,25383.0,57.533921337943504,JUNIN,11.945330079195474,3.839570382598545,0.0
2673,37783,7.339939053962696,4745.97295975593,37783.0,63.279639463412416,LORETO,37783.0,20.3398841132397,LORETO,8.621275871391456,2.7711243872329674,0.0
2674,520,126.56261776944933,82771.88425006354,519.0,905.5548868758145,JUNIN,519.0,289.7992177577545,JUNIN,7.154994917420272,2.2897694664127632,1.0
2675,11129,72.22244224422671,58027.12817893828,30057.0,778.8612457619953,LAMBAYEQUE,30057.0,246.41332576515092,LAMBAYEQUE,10.784199780010287,3.4118664241771555,1.0
2677,30057,28.98922559128595,28724.622881334923,30057.0,382.99497175113237,LAMBAYEQUE,30057.0,123.10552663429254,LAMBAYEQUE,13.211631698994372,4.246595903248191,0.0
2678,8653,17.722880831906288,16444.854369655848,8653.0,219.26472492874473,JUNIN,8653.0,70.47794729852507,JUNIN,12.371844453978673,3.9766642887788577,0.0
2680,365,58.29243289029276,36878.872611262756,365.0,491.7183014835033,JUNIN,365.0,158.05231119112608,JUNIN,8.435371061093377,2.7113692696371574,0.0
2681,520,26.13426631579069,25399.366474083654,520.0,333.8250499203821,JUNIN,520.0,108.8544277460728,JUNIN,12.773461702985722,4.1651992992931826,0.0
2682,8653,47.22430018974359,38747.840466193775,8653.0,516.6378728825838,JUNIN,8653.0,166.06217342654472,JUNIN,10.940085312154395,3.516455993192482,0.0
2684,8475,64.96908480322972,36292.294009685436,8475.0,519.5174158837686,JUNIN,8475.0,153.1859313278353,JUNIN,7.996378853992146,2.3578280622512353,0.0
2685,11409,3.5935844522858273,1494.9531966463094,,,LORETO,,,LORETO,,,
2686,4370,30.153231934411444,29577.961666218733,4370.0,394.26185367390923,LAMBAYEQUE,4370.0,126.76269285522304,LAMBAYEQUE,13.07527679061063,4.203950446537674,0.0
2687,519,12.025595146218064,6427.891436341266,519.0,100.74727604669329,JUNIN,519.0,27.548106155748286,JUNIN,8.377737219798004,2.290789422127844,0.0
2688,520,4.154869960259199,3222.142800307137,520.0,42.96190400409516,JUNIN,520.0,13.80918342988773,JUNIN,10.340132041440596,3.3236138704630487,0.0
2690,25383,86.04152151481199,69183.91527517539,25383.0,875.0360482473518,JUNIN,25383.0,281.2460484582757,JUNIN,10.169927644721101,3.268724721585257,0.0
2691,4370,30.885881809027815,24344.70088745808,4370.0,324.59601183277437,LAMBAYEQUE,4370.0,104.33443237482032,LAMBAYEQUE,10.509527098491205,3.3780622816578867,0.0
2693,4370,104.13026615573288,118024.98293320167,4370.0,1573.666439109355,LAMBAYEQUE,4370.0,505.8213554280068,LAMBAYEQUE,15.11247879416581,4.857582469553295,0.0
2694,4370,109.63802687936925,101477.43237249179,4370.0,1353.0324316332244,LAMBAYEQUE,4370.0,434.90328159639284,LAMBAYEQUE,12.340904612611434,3.9667193397679545,0.0
2698,520,6.119675804516163,3372.2641427831013,520.0,37.1838006670989,JUNIN,520.0,14.452560611927579,JUNIN,6.076106293025885,2.3616546159621663,0.0
2699,4370,15.35306130318046,11882.578698785634,4370.0,158.43438265047513,LAMBAYEQUE,4370.0,50.92533728050985,LAMBAYEQUE,10.31940011974385,3.316950038489094,0.0
2701,432,2.8720651119048104,2581.3244726598223,432.0,32.46073195641924,JUNIN,432.0,11.062819168542097,JUNIN,11.302227035824629,3.8518692082175727,0.0
2703,11129,88.54751621215522,72613.11627069891,30057.0,973.3410869854704,LAMBAYEQUE,30057.0,308.92470330126775,LAMBAYEQUE,10.992302535662278,3.488801453912048,1.0
2704,4370,113.2438527449843,93002.78361040354,4370.0,1254.003479665589,LAMBAYEQUE,4370.0,398.583358330301,LAMBAYEQUE,11.073479480510967,3.519690903027447,0.0
2707,4317,15.713989923984865,7105.8835398879355,4317.0,94.27142851118604,LAMBAYEQUE,4317.0,30.453786599519713,LAMBAYEQUE,5.99920382838581,1.9380047172511503,0.0
2708,442,78.27271266405411,43202.518877796756,442.0,549.1355979776285,JUNIN,442.0,176.35165907237825,JUNIN,7.015670969965157,2.253041361033164,0.0
2709,340,37.009032325189466,23715.163755169855,340.0,316.20218340226467,JUNIN,340.0,101.63641609358507,JUNIN,8.543919241764339,2.746259756281394,0.0
2710,8516,4.985151110932178,2436.6158592199527,8516.0,32.48821145626604,JUNIN,8516.0,10.44263939665694,JUNIN,6.516996322342382,2.094748817895765,0.0
2711,340,62.50353817225112,47189.56187029488,340.0,629.1941582705982,JUNIN,340.0,202.24097944412085,JUNIN,10.066536658078876,3.2356724972396385,0.0
2712,30057,17.55781185906344,18347.711500189787,30057.0,244.63615333586415,LAMBAYEQUE,30057.0,78.6330492865277,LAMBAYEQUE,13.933180016938248,4.478522148301576,0.0
2713,4370,144.05022710987734,110035.00281226395,4370.0,1467.133370830186,LAMBAYEQUE,4370.0,471.5785834811312,LAMBAYEQUE,10.184873708745348,3.273709406382433,0.0
2714,27857,39.19624793496734,21456.0116523408,27857.0,301.47045318765566,JUNIN,27857.0,91.95433565288914,JUNIN,7.6913089663031515,2.345998418151035,0.0
2715,519,72.80221025834004,42808.69220132189,519.0,570.782562684292,JUNIN,519.0,183.46582371995095,JUNIN,7.840181783751607,2.5200584304915874,0.0
2717,4370,19.17018932346224,16842.61064620852,4370.0,224.56814194944695,LAMBAYEQUE,4370.0,72.18261705517938,LAMBAYEQUE,11.714445703183527,3.765357547451848,0.0
2719,442,35.334274150436606,21620.397346921938,442.0,288.2719646256257,JUNIN,442.0,92.65884577252254,JUNIN,8.158423274758672,2.6223503383152873,0.0
2720,37650,9.333687321620632,5092.980091049022,37650.0,67.90640121398698,JUNIN,37650.0,21.82705753306724,JUNIN,7.275409907581543,2.33852461315121,0.0
2721,11129,32.31945405834289,40722.307992402995,10972.0,538.8848020654657,LAMBAYEQUE,30057.0,214.09406549435786,LAMBAYEQUE,16.673697553574822,6.624309467229134,1.0
2722,442,475.11689588304085,375082.5422599346,442.0,4999.722707472722,JUNIN,442.0,1607.4602149468471,JUNIN,10.523142306232568,3.3832941511357117,0.0
2723,340,41.81085975559883,47310.89755607558,340.0,630.8119674143412,JUNIN,340.0,202.76098952603823,JUNIN,15.087275676742575,4.849481467524399,0.0
2725,753,70.28469521257254,55988.01829598381,8652.0,719.740154418261,JUNIN,8652.0,233.85789186240072,JUNIN,10.240353924014936,3.327294671409035,1.0
2726,520,67.62643012712452,49958.49845420742,520.0,654.3464089875049,JUNIN,520.0,210.3256314602694,JUNIN,9.675897541204838,3.110109923958697,0.0
2727,8653,40.4646252873919,35401.92460909441,8653.0,472.0256614545924,JUNIN,8653.0,151.72253403897605,JUNIN,11.665143519855299,3.7495104170963436,0.0
2728,520,34.8153499202172,30365.985314658217,520.0,404.8798041954429,JUNIN,520.0,130.13993706282093,JUNIN,11.62934754708095,3.7380045687045915,0.0
2729,27857,126.97317069759731,112664.94094026177,27857.0,1514.8393030743587,JUNIN,27857.0,482.84974688683593,JUNIN,11.93038887468708,3.802769862594073,0.0
2730,4370,183.9860387251221,137712.23163684504,4370.0,1836.163088491268,LAMBAYEQUE,4370.0,590.1952784436219,LAMBAYEQUE,9.979904460221153,3.2078264336425137,0.0
2731,442,157.2175825035594,111664.60982015198,442.0,1488.1726141702177,JUNIN,442.0,478.34119741185566,JUNIN,9.465688191309807,3.0425426329210095,0.0
2732,4370,187.635345900685,139840.9941559234,4370.0,1864.5465887456448,LAMBAYEQUE,4370.0,599.3185463825289,LAMBAYEQUE,9.937075447035152,3.194059965118443,0.0
2734,753,50.725662968116374,44680.459137787555,8652.0,568.9726989756443,JUNIN,8652.0,185.39692404155963,JUNIN,11.216663631055393,3.6548940554624374,1.0
2735,4370,192.84007752012317,142490.47517668325,4370.0,1899.8730023557773,LAMBAYEQUE,4370.0,610.6734650429285,LAMBAYEQUE,9.852065124572057,3.166735218612447,0.0
2739,4370,32.44766835510439,22661.75178345886,4370.0,302.15669044611826,LAMBAYEQUE,4370.0,97.12179335768087,LAMBAYEQUE,9.312123359353356,2.993182508363579,0.0
2741,442,222.39493913560938,157672.7165851365,442.0,2100.925031808744,JUNIN,442.0,675.7038191977109,JUNIN,9.446820327721875,3.038305735840905,0.0
2743,8653,84.65361085078672,54919.73950239124,8653.0,732.2631933652167,JUNIN,8653.0,235.37031215310523,JUNIN,8.650111743678934,2.7803930604682274,0.0
2744,11129,59.97264022401386,47257.1363232252,30057.0,635.2613543524875,LAMBAYEQUE,30057.0,200.2562178120949,LAMBAYEQUE,10.59251938850143,3.339126259308984,1.0
2749,519,41.69742876594989,31042.82371264386,519.0,376.7848355194435,JUNIN,519.0,121.10941141696395,JUNIN,9.03616473894251,2.9044815232315204,0.0
2750,4370,52.06328048108242,41730.53748285118,4370.0,556.4071664380155,LAMBAYEQUE,4370.0,178.84516064079068,LAMBAYEQUE,10.687132299321593,3.4351496676390836,0.0
2752,4370,68.75843068193505,51848.58694794194,4370.0,691.314492639226,LAMBAYEQUE,4370.0,222.20822977689403,LAMBAYEQUE,10.054250595641584,3.2317234057419366,0.0
2754,27857,118.56538437010713,118239.39955164854,432.0,1507.5647948369924,JUNIN,432.0,485.20341080872606,JUNIN,12.715050036282612,4.092285563669595,1.0
2755,1,28.20681131028755,22525.304842707446,1.0,304.91768674107215,LORETO,1.0,96.53702075446046,LORETO,10.810072907101803,3.4224719587233743,0.0
2757,25383,31.08707709145482,28377.026310341622,25383.0,337.77626200109154,JUNIN,25383.0,108.55540287912079,JUNIN,10.865487964899058,3.491978437205998,0.0
2759,432,30.649303253069107,20929.56273343246,432.0,277.103908766721,JUNIN,432.0,89.69812600042484,JUNIN,9.041116089285746,2.9265959248663442,0.0
2760,340,31.481154790375154,18842.703217708993,340.0,251.23604290278647,JUNIN,340.0,80.75444236160995,JUNIN,7.9805218256986485,2.5651677296888518,0.0
2761,8653,39.16465013878331,41900.43049015161,8653.0,558.5695561067256,JUNIN,8653.0,179.57327352922115,JUNIN,14.262084663781913,4.585085603800565,0.0
2762,340,51.00107780345182,32604.36075122618,340.0,434.724810016349,JUNIN,340.0,139.73297464811216,JUNIN,8.523835745034514,2.7398043466182367,0.0
2763,30057,31.237584294666966,34951.48275176667,30057.0,466.0197700235556,LAMBAYEQUE,30057.0,149.7920689361429,LAMBAYEQUE,14.918559822921928,4.795251371653477,0.0
2764,8653,24.187765195492563,24838.819988956016,8653.0,331.1842665194136,JUNIN,8653.0,106.45208566695435,JUNIN,13.692222652348653,4.401071566826351,0.0
2765,29146,2.744844616518149,1474.0249571001207,,,LAMBAYEQUE,29146.0,6.317249816143374,LAMBAYEQUE,,2.301496331751136,
2766,4370,25.3953774177671,26944.87110979933,4370.0,359.2649481306576,LAMBAYEQUE,4370.0,115.47801904199704,LAMBAYEQUE,14.146863904424938,4.547206254993728,0.0
2771,8653,25.219432166319166,25582.551305911747,8653.0,341.1006840788233,JUNIN,8653.0,109.63950559676462,JUNIN,13.52531182420384,4.3474216577798055,0.0
2772,432,18.007706503256188,18206.102561848966,432.0,218.5409163967429,JUNIN,442.0,77.85217193928298,JUNIN,12.135966140786774,4.323269702624573,0.0
2773,11020,8.638068346478523,6948.20753992717,11020.0,92.7415863648548,LAMBAYEQUE,11020.0,29.778032313973576,LAMBAYEQUE,10.736380246709059,3.44730223466143,0.0
2774,25383,40.527497954094265,34601.75268228302,25383.0,461.3567024304401,JUNIN,25383.0,148.29322578121298,JUNIN,11.383794354959232,3.6590767569511837,0.0
2775,520,11.80357155159721,11898.307172003973,520.0,155.76265709982044,JUNIN,520.0,50.06656835351372,JUNIN,13.196231023714452,4.241645686193932,0.0
2776,442,45.61332246771945,22633.080210653487,442.0,303.4518504143094,JUNIN,442.0,96.99891518851496,JUNIN,6.65270219307226,2.1265479018144555,0.0
2777,519,66.01348390302967,49393.969383992684,519.0,658.5862584532358,JUNIN,519.0,211.68844021711152,JUNIN,9.976541450541594,3.2067454662455126,0.0
2778,519,58.91723812546471,38255.8325922573,519.0,511.9545541621731,JUNIN,519.0,163.9535682525312,JUNIN,8.689384812505331,2.7827775616940973,0.0
2779,30057,0.9794834488678748,568.8556096365116,30057.0,7.5847414618201565,LAMBAYEQUE,30057.0,2.437952612727907,LAMBAYEQUE,7.743613708416306,2.489018691990955,0.0
2780,11129,21.332929397960616,18700.34329435183,4370.0,210.37302051864538,LAMBAYEQUE,4370.0,67.61989945242173,LAMBAYEQUE,9.861422057617489,3.169742804234193,1.0
2782,519,23.564353829147407,14074.306561044295,519.0,187.65742081392392,JUNIN,519.0,60.31845669018985,JUNIN,7.963614117090926,2.559733109064941,0.0
2783,1,9.041224306589255,7299.1105628273535,1.0,97.32147417103144,LORETO,1.0,31.281902412117233,LORETO,10.764191980073255,3.4599188507378305,0.0
2784,25383,62.93806335715156,57573.76372056365,25383.0,727.0660941373849,JUNIN,25383.0,233.68427749435799,JUNIN,11.552088757665427,3.7129245011604692,0.0
2785,4370,93.45145263916586,98180.04318507451,4370.0,1313.9148265660583,LAMBAYEQUE,4370.0,420.7716136503192,LAMBAYEQUE,14.05986519695245,4.502568999916992,0.0
2788,442,510.08550499266653,397602.32526431547,442.0,5299.986480864467,JUNIN,442.0,1703.973570679908,JUNIN,10.390388334874688,3.340564579862755,0.0
2789,8653,78.53536970083452,52290.939553496835,8653.0,697.2125273799575,JUNIN,8653.0,224.10402665784363,JUNIN,8.877688231886541,2.8535426459635334,0.0
2791,8653,60.984891518931995,42661.83701507269,8653.0,568.8244935343027,JUNIN,8653.0,182.83644435031147,JUNIN,9.327301883577482,2.998061319721331,0.0
2792,753,16.878780492330065,10757.114517512104,753.0,143.5698578067538,JUNIN,753.0,46.10191936076616,JUNIN,8.505937847345889,2.7313536888352488,0.0
2793,4370,64.31214132511475,72120.7841635651,4370.0,961.6104555142005,LAMBAYEQUE,4370.0,309.08907498670726,LAMBAYEQUE,14.952238188633888,4.806076560632321,0.0
2796,308,19.09842117921482,15630.16812217627,308.0,208.40224162901688,JUNIN,308.0,66.98643480932688,JUNIN,10.912014122707957,3.507433110870416,0.0
2798,519,23.123552634142136,17622.549603350384,519.0,234.96732804467177,JUNIN,519.0,75.52521258578736,JUNIN,10.161385309701087,3.2661595638324923,0.0
2800,432,53.60814229425448,34794.277451688555,432.0,463.92369935584736,JUNIN,432.0,149.11833193580807,JUNIN,8.653978285786803,2.7816358775743293,0.0
2803,520,16.41900119565013,18715.969332236713,520.0,249.54625776315623,JUNIN,520.0,80.21129713815736,JUNIN,15.198625957178704,4.885272629093155,0.0
2804,4370,21.824598159724218,25393.79423253289,4370.0,338.5839231004383,LAMBAYEQUE,4370.0,108.83054671085516,LAMBAYEQUE,15.513867454626105,4.986600253272676,0.0
2805,442,240.7701550468353,166668.4329555716,442.0,2220.8679167478795,JUNIN,442.0,714.2568893567186,JUNIN,9.224016640749639,2.9665507721161672,0.0
2806,308,54.09884012357053,37042.117116361245,308.0,490.3422766374311,JUNIN,308.0,157.61001749060284,JUNIN,9.063822357695836,2.913371472116518,0.0
2807,30057,48.69105967801839,38564.42038405038,30057.0,526.4342818355309,LAMBAYEQUE,30057.0,165.27608736021585,LAMBAYEQUE,10.811723657622304,3.3943826331393203,0.0
2808,34252,52.76155992032299,39073.21445448154,34252.0,520.9761927264208,JUNIN,34252.0,167.4566333763494,JUNIN,9.874162051182044,3.1738378021656546,0.0
2809,30057,3.9152816047500423,3026.224474834421,30057.0,40.34965966445895,LAMBAYEQUE,30057.0,12.969533463576097,LAMBAYEQUE,10.305685194011717,3.312541669503768,0.0
2810,519,43.36514707115405,33205.67790447894,519.0,452.92889307448127,JUNIN,519.0,142.31004816205257,JUNIN,10.444537230124233,3.2816687541390914,0.0
2811,4370,50.38642750220777,55019.52765197949,4370.0,733.593702026393,LAMBAYEQUE,4370.0,235.79797565134052,LAMBAYEQUE,14.559351364893834,4.679791510144446,0.0
2812,753,69.32419969063922,38370.635181933125,753.0,513.2813547043993,JUNIN,753.0,162.64559661634274,JUNIN,7.404071839197982,2.346159022998496,0.0
2813,519,18.745944629574257,11263.56786129329,519.0,150.18090481724386,JUNIN,519.0,48.272433691256964,JUNIN,8.011381009859232,2.5750867531690393,0.0
2814,519,28.780313361442218,21052.03924847431,519.0,280.69385664632404,JUNIN,519.0,90.22302535060416,JUNIN,9.752981252190859,3.1348868310613476,0.0
2815,4370,64.31214132511475,72120.7841635651,4370.0,961.6104555142005,LAMBAYEQUE,4370.0,309.08907498670726,LAMBAYEQUE,14.952238188633888,4.806076560632321,0.0
2818,34252,43.16122495451431,38019.169557394176,520.0,468.2977191373121,JUNIN,520.0,150.15484997264738,JUNIN,10.849963587243646,3.4789292966288348,1.0
2820,17589,0.10891355485788459,45.38064785745191,17589.0,1.3774711436879528,LAMBAYEQUE,17589.0,0.19448849081765104,LAMBAYEQUE,12.64738025937488,1.7857142857142856,0.0
2821,442,37.62006132555601,20866.084979188938,442.0,255.17041118980373,JUNIN,442.0,81.86284903343461,JUNIN,6.782828156009988,2.176042413248903,0.0
2823,520,14.022325262389423,16032.537437285127,520.0,213.76716583046843,JUNIN,520.0,68.71087473122199,JUNIN,15.244773019481523,4.900105613404775,0.0
2824,4370,47.68278195896521,55245.785637914516,4370.0,736.6104751721932,LAMBAYEQUE,4370.0,236.76765273391916,LAMBAYEQUE,15.448143856331717,4.965474810963764,0.0
2827,27857,84.8437288122988,70840.05083686454,27857.0,955.2863119574947,JUNIN,27857.0,303.6002178722766,JUNIN,11.259362658033224,3.5783460029666587,0.0
2829,519,17.415608426807985,9898.399682940744,519.0,139.4277005988206,JUNIN,519.0,42.4217129268889,JUNIN,8.00590465643442,2.4358444383481213,0.0
2831,4370,37.349401205611606,37779.48645456381,4370.0,507.09397643464496,LAMBAYEQUE,4370.0,161.9120848052733,LAMBAYEQUE,13.577030958088185,4.335065076784862,0.0
2832,340,24.140008251229034,15188.991575914064,340.0,202.51988767885408,JUNIN,340.0,65.09567818248881,JUNIN,8.38938767423757,2.696588895290647,0.0
2833,442,44.005862274960876,24013.994593879765,442.0,297.6073767486954,JUNIN,442.0,95.35389023925246,JUNIN,6.762902971635044,2.166845172660288,0.0
2836,4370,77.28027772871616,55957.79986543325,4370.0,750.951582304175,LAMBAYEQUE,4370.0,239.81914228042837,LAMBAYEQUE,9.717247457887085,3.103238618296467,0.0
2838,340,54.890169200193476,35190.40886429346,340.0,469.20545152391276,JUNIN,340.0,150.8160379898291,JUNIN,8.548078068636357,2.747596522061687,0.0
2839,340,88.46013250404346,58816.72817318098,432.0,758.3875687506858,JUNIN,432.0,243.76743281272036,JUNIN,8.573213121922697,2.7556756463322944,1.0
2840,519,25.630699785265094,18992.776977130277,519.0,244.5942073950343,JUNIN,519.0,78.6195666626896,JUNIN,9.543017141328686,3.06739836685565,0.0
2841,753,52.65912893401912,48555.145442949244,8652.0,620.6351830444667,JUNIN,8652.0,202.0027224922525,JUNIN,11.785899151923129,3.8360437512241807,1.0
2842,442,20.929895219210668,13163.184647154103,442.0,176.45867261283055,JUNIN,442.0,56.108301892371635,JUNIN,8.430939131069637,2.680773186139613,0.0
2843,4370,61.11328720141722,47500.52074028339,4370.0,633.3402765371119,LAMBAYEQUE,4370.0,203.5736603155002,LAMBAYEQUE,10.363380952651893,3.3310867347809645,0.0
2845,4370,33.391473586052626,27259.336623824616,4370.0,368.3054057493933,LAMBAYEQUE,4370.0,116.82572838781984,LAMBAYEQUE,11.029923695947092,3.498669445861685,0.0
2846,442,25.85740988771941,23849.83079185494,442.0,318.7305137552378,JUNIN,442.0,102.21356053652114,JUNIN,12.326467157354925,3.952969805574608,0.0
2849,753,21.154109888148813,16370.950209607447,8652.0,183.78541913351535,JUNIN,8652.0,61.71408316604597,JUNIN,8.687929679162611,2.9173566504265964,1.0
2851,25383,102.68018236070921,87298.1276486126,25383.0,1123.3909465113713,JUNIN,25383.0,361.07440861456803,JUNIN,10.940679308154786,3.5164955915849045,0.0
2854,365,16.0103625737448,12513.714974966699,365.0,166.84953299955598,JUNIN,365.0,53.63020703557158,JUNIN,10.42134631436583,3.3497184581890176,0.0
2855,365,8.205076239210792,7816.771639330146,365.0,104.22362185773528,JUNIN,365.0,33.500449882843476,JUNIN,12.702334362192358,4.082893187847542,0.0
2856,308,20.997973376937725,14559.397030584703,308.0,194.12529374112938,JUNIN,308.0,62.39741584536301,JUNIN,9.244953798938475,2.971592292515938,0.0
2858,753,62.292109269600516,69698.56983810275,8652.0,902.524962882641,JUNIN,8652.0,292.6173984714818,JUNIN,14.488592110061791,4.697503454330507,1.0
2860,432,11.609714864987371,10030.824794933033,432.0,133.7443305991071,JUNIN,432.0,42.98924912114156,JUNIN,11.520035776455959,3.7028686424322728,0.0
2861,432,64.22704803413126,47515.48056669841,432.0,633.5397408893124,JUNIN,432.0,203.63777385727894,JUNIN,9.864064444510037,3.1705921428782253,0.0
2862,8653,23.494044697727105,16613.934984108753,8653.0,221.5191331214502,JUNIN,8653.0,71.20257850332328,JUNIN,9.428735493249519,3.0306649799730594,0.0
2866,4370,154.80427059025845,113242.37926040632,4370.0,1523.86475499896,LAMBAYEQUE,4370.0,485.32448254459854,LAMBAYEQUE,9.84381599544098,3.1350845858068923,0.0
2868,4370,118.85570165882281,129704.2146629162,4370.0,1729.3895288388828,LAMBAYEQUE,4370.0,555.8752056982123,LAMBAYEQUE,14.55032871542943,4.676891372816602,0.0
2871,753,65.98438714823378,74006.22736317488,8652.0,899.7156643139584,JUNIN,8652.0,291.7144096458338,JUNIN,13.635281059635354,4.420961112975075,1.0
2872,432,57.40205160541798,31841.166857771826,432.0,452.6560771004637,JUNIN,432.0,136.462143676165,JUNIN,7.885712521427354,2.3773042924355132,0.0
2874,340,66.435245517433,55343.646560257126,340.0,737.9152874700951,JUNIN,340.0,237.18705668681628,JUNIN,11.107286226201449,3.5701991441361796,0.0
2875,519,58.476372636124495,45108.13849673536,519.0,601.4418466231382,JUNIN,519.0,193.32059355743726,JUNIN,10.285211265850476,3.3059607640233675,0.0
2876,432,2.0829739069046713,2256.579267955036,432.0,30.087723572733807,JUNIN,432.0,9.671054005521581,JUNIN,14.44459936487855,4.642906938710962,0.0
2878,520,30.344355498228758,20236.760369188953,520.0,258.99126751375235,JUNIN,520.0,82.94816656758404,JUNIN,8.535072281527615,2.733561652756996,0.0
2879,442,80.99003006974678,46951.99223980623,442.0,602.9825079980342,JUNIN,442.0,193.65959443608014,JUNIN,7.445144883620358,2.391153507034198,0.0
2881,25383,44.30642256036202,40469.343572704056,25383.0,499.0071588325905,JUNIN,25383.0,160.3796197178169,JUNIN,11.262637107583103,3.619782651134144,0.0
2883,519,109.99402658941698,81792.98889390714,519.0,1110.8705787312308,JUNIN,519.0,350.5413809738876,JUNIN,10.099371876600731,3.1869128883005615,0.0
2884,20274,46.02062338542541,30290.96786229882,20274.0,404.46937994319,LORETO,20274.0,129.81843369556634,LORETO,8.788872253114334,2.820875167385921,0.0
2885,519,70.17583185871278,52557.200142945985,519.0,700.7626685726129,JUNIN,519.0,225.2451434697685,JUNIN,9.98581206680215,3.2097253071864063,0.0
2886,8653,81.10145221687232,72254.10743392893,519.0,955.9780173289644,JUNIN,519.0,307.27864842716696,JUNIN,11.787434024887695,3.788818079428186,1.0
2888,519,86.26940186136984,53127.70724934769,519.0,642.7294590937116,JUNIN,519.0,206.59161185155025,JUNIN,7.450259828235999,2.394726373361572,0.0
2889,27857,126.87634055179504,125857.77605152913,432.0,1405.9864415052512,JUNIN,432.0,452.55322580923786,JUNIN,11.081549447205894,3.566884289387988,1.0
2890,8653,42.8467689385483,32416.463197779914,8653.0,432.2195093037323,JUNIN,8653.0,138.92769941905672,JUNIN,10.087563660252428,3.2424311765097067,0.0
2891,30057,48.26887561662198,55312.81832111552,30057.0,737.5042442815405,LAMBAYEQUE,30057.0,237.05493566192382,LAMBAYEQUE,15.279084811073822,4.911134403559444,0.0
2893,4370,11.222865125480059,12645.701984867284,4370.0,168.60935979823049,LAMBAYEQUE,4370.0,54.19586564943122,LAMBAYEQUE,15.023735731745079,4.829057913775204,0.0
2894,340,48.8739178835078,45518.35194363171,340.0,606.911359248423,JUNIN,340.0,195.07865118699306,JUNIN,12.417898657009886,3.9914674254674627,0.0
2896,432,30.649303253069107,20929.56273343246,432.0,277.103908766721,JUNIN,432.0,89.69812600042484,JUNIN,9.041116089285746,2.9265959248663442,0.0
2898,432,19.393403911069598,13752.9167551336,432.0,183.37222340178138,JUNIN,432.0,58.94107180771542,JUNIN,9.455391340408994,3.0392329308457464,0.0
2899,4370,33.74743228537153,37360.07694229238,4370.0,498.1343592305645,LAMBAYEQUE,4370.0,160.11461546696717,LAMBAYEQUE,14.760659567172176,4.744497718019629,0.0
2900,519,64.39409786771111,52641.757824215696,519.0,701.890104322876,JUNIN,519.0,225.60753353235296,JUNIN,10.899913618866336,3.503543663207036,0.0
2901,11129,91.11940344840905,77467.77072663198,30057.0,1038.0698130645778,LAMBAYEQUE,30057.0,329.73036525526675,LAMBAYEQUE,11.39241230494143,3.618662466792345,1.0
2902,442,73.05278601193466,71381.25027942656,442.0,952.4827735895262,JUNIN,442.0,305.9196440546852,JUNIN,13.038281297497933,4.187651980921125,0.0
2903,1,51.957832198630754,34047.205678088285,,,LORETO,,,LORETO,,,
2904,27857,112.0193081831658,86270.41623711771,27857.0,1182.9095128922706,JUNIN,27857.0,376.83151051222836,JUNIN,10.559871615686674,3.3639871252914806,0.0
2906,520,18.20134506947411,19889.35359702762,520.0,265.19138129370174,JUNIN,520.0,85.24008684440413,JUNIN,14.56987823050837,4.683175145520548,0.0
2907,432,22.929715855496482,19523.75647392463,432.0,260.3167529856617,JUNIN,432.0,83.67324203110557,JUNIN,11.352811985381022,3.6491181381581868,0.0
2908,520,14.084935933245484,12391.649260199285,520.0,167.6759666132851,JUNIN,520.0,53.10706825799694,JUNIN,11.904631118520737,3.7704870302352798,0.0
2909,365,46.35635894237775,29438.53017364227,27857.0,383.8089631024449,JUNIN,27857.0,121.62191581388052,JUNIN,8.279532125884394,2.623629607430125,1.0
2910,27857,13.054762395599147,9584.493535120311,27857.0,126.8470195742605,JUNIN,27857.0,41.07640086480134,JUNIN,9.716532230186091,3.1464686694449906,0.0
2911,27694,2.771973695658584,3233.9693116016815,37650.0,25.59327997005841,JUNIN,37650.0,8.226411418947349,JUNIN,9.232872595487523,2.9677090485495614,1.0
2912,365,71.01727247724199,39540.914394743115,27857.0,531.2392625056825,JUNIN,27857.0,164.917848190027,JUNIN,7.480423338926768,2.322221657314087,1.0
2913,8475,189.50840863846324,155148.2764709768,8475.0,2054.722431402042,JUNIN,8475.0,660.4464958077994,JUNIN,10.842381328429395,3.4850511412808785,0.0
2914,25383,117.0583311168851,91948.13495256867,25383.0,1199.8999986067772,JUNIN,25383.0,381.0030113458083,JUNIN,10.250445117047269,3.2548132859110144,0.0
2915,308,9.35906711589316,9084.224106154366,308.0,121.1229880820582,JUNIN,308.0,38.93238902637586,JUNIN,12.941780049463736,4.159857873041916,0.0
2917,11020,3.973208526966993,2027.232675499653,11020.0,26.53953215174102,LAMBAYEQUE,11020.0,8.688140037855659,LAMBAYEQUE,6.679622267900538,2.1866811114713576,0.0
2918,8653,79.87821702481806,53739.44900769065,8653.0,716.5259867692091,JUNIN,8653.0,230.31192431867416,JUNIN,8.970230100987175,2.883288246745875,0.0
2921,162,13.925427129215038,6620.869836608081,162.0,88.27826448810771,LORETO,162.0,28.375156442606066,LORETO,6.339357756783139,2.0376507075374386,0.0
2922,4370,150.45621941227282,115760.50306377889,4370.0,1543.4733741837185,LAMBAYEQUE,4370.0,496.11644170190954,LAMBAYEQUE,10.25862128008393,3.29741398288412,0.0
2923,30057,4.383690311468008,4141.328039840801,30057.0,55.21770719787735,LAMBAYEQUE,30057.0,17.748548742174854,LAMBAYEQUE,12.596169727917223,4.048768841116249,0.0
2924,27857,61.91789903894549,58779.57950120769,27857.0,780.122055747684,JUNIN,27857.0,252.61410063900007,JUNIN,12.599297906684434,4.079823517269365,0.0
2925,4370,86.88382137769257,95425.684396288,4370.0,1272.3424586171736,LAMBAYEQUE,4370.0,408.967218841234,LAMBAYEQUE,14.644181602995742,4.707058372391484,0.0
2926,520,60.33936035151528,36716.380067833685,520.0,492.403984709473,JUNIN,520.0,152.44227006610208,JUNIN,8.160576808254273,2.5264150825933283,0.0
2927,4370,159.76299514954707,121484.80425630008,4370.0,1619.7973900840016,LAMBAYEQUE,4370.0,520.649161098429,LAMBAYEQUE,10.138752021816948,3.2588845784411613,0.0
2928,365,13.499928196766326,12875.604292835334,365.0,171.67472390447114,JUNIN,365.0,55.181161255008554,JUNIN,12.71671385227018,4.087515166801127,0.0
2929,519,80.3518452115697,60167.13579810624,519.0,802.2284773080829,JUNIN,519.0,257.85915342045524,JUNIN,9.983945921786644,3.209125474859993,0.0
2930,753,18.521133529305846,13213.375315981672,8652.0,155.83210629012373,JUNIN,8652.0,52.72075272306653,JUNIN,8.413745629745167,2.8465186884834504,1.0
2931,4370,130.18275050674217,110165.36778568856,4370.0,1468.8715704758467,LAMBAYEQUE,4370.0,472.13729051009324,LAMBAYEQUE,11.283150530759249,3.62672695631547,0.0
2932,519,129.891395869996,95763.98290028775,519.0,1294.947766289023,JUNIN,519.0,410.4170695726618,JUNIN,9.9694653184349,3.1596940415009063,0.0
2933,37783,32.811812231716885,33909.62472955402,20274.0,448.8069031106457,LORETO,20274.0,144.25936171413616,LORETO,13.678211369160994,4.396567940087464,1.0
2934,25383,3.3361150746158956,3270.5015907358184,25383.0,43.60668787647757,JUNIN,25383.0,14.016435388867787,JUNIN,13.071098238869425,4.2014244339223135,0.0
2935,11020,3.3877454169048025,2175.1276687035693,11020.0,28.809085155424462,LAMBAYEQUE,11020.0,9.3219757230153,LAMBAYEQUE,8.503910893559926,2.7516753993670156,0.0
2936,4370,150.62332642517353,110963.07776248635,4370.0,1493.4740683600282,LAMBAYEQUE,4370.0,475.5560475535132,LAMBAYEQUE,9.915290704338245,3.1572536528049615,0.0
2937,8475,193.03423992061468,156911.19211205252,8475.0,2078.2279732830516,JUNIN,8475.0,668.0018485552667,JUNIN,10.766110582960426,3.460535544522995,0.0
2940,340,0.19154830588817423,79.81179412007259,340.0,1.0641572549343012,JUNIN,340.0,0.3420505462288826,JUNIN,5.555555555555555,1.7857142857142858,0.0
2941,519,29.421975275341023,25913.425653100152,519.0,345.51234204133533,JUNIN,519.0,111.05753851328635,JUNIN,11.743342818009712,3.774645905788836,0.0
2942,8750,3.553805945344831,2322.8584184607507,29146.0,25.892903098789468,LAMBAYEQUE,29146.0,8.306405387873081,LAMBAYEQUE,7.285964258320537,2.3373266620687976,1.0
2943,520,30.299457874792168,29098.951281315072,520.0,383.1528473501344,JUNIN,520.0,124.70979120563602,JUNIN,12.645534746313098,4.115908334762291,0.0
2944,8653,54.36778962385218,37436.78801117054,8653.0,499.1571734822739,JUNIN,8653.0,160.44337719073087,JUNIN,9.18111949990485,2.951074124969416,0.0
2945,442,25.723746186838458,23046.13561495023,442.0,308.01457806317507,JUNIN,442.0,98.76915263550096,JUNIN,11.973939403148464,3.8396099820809204,0.0
2948,8653,46.94249631419564,42601.683408811936,8653.0,568.0224454508257,JUNIN,8653.0,182.5786431806225,JUNIN,12.100388561548504,3.8894106090691607,0.0
2949,27857,10.298444129734387,9928.114705544192,27857.0,132.37486274058924,JUNIN,27857.0,42.54906302376083,JUNIN,12.853870067458763,4.131601093111746,0.0
2950,365,17.6797523536149,11901.170020354382,365.0,172.27486306703645,JUNIN,365.0,51.00501437294734,JUNIN,9.744189829209466,2.884939412769465,0.0
2951,11129,54.19065264532308,47002.52799699313,30057.0,631.8665766693933,LAMBAYEQUE,30057.0,199.16503927110023,LAMBAYEQUE,11.660065819929308,3.675265558704969,1.0
2952,4370,15.47504200058164,7689.493713787622,4370.0,102.5265828505016,LAMBAYEQUE,4370.0,32.95497305908981,LAMBAYEQUE,6.625286241332855,2.1295562918569897,0.0
2953,520,34.487159003594925,26073.566709365216,520.0,347.6475561248697,JUNIN,520.0,111.74385732585098,JUNIN,10.080492744810643,3.240158382260564,0.0
2954,8653,52.59832061380949,43932.55220816716,8653.0,585.7673627755623,JUNIN,8653.0,188.28236660643063,JUNIN,11.136617214006094,3.5796269616448133,0.0
2955,4370,80.72374580290285,93452.57513768843,4370.0,1246.0343351691793,LAMBAYEQUE,4370.0,400.5110363043787,LAMBAYEQUE,15.435784387552188,4.961502124570342,0.0
2956,519,115.74015588319884,78259.05372543886,519.0,1088.2730516552888,JUNIN,519.0,335.3959445375951,JUNIN,9.402726679870193,2.8978356040583324,0.0
2959,442,42.02716273088533,25655.244609351164,442.0,342.06992812468206,JUNIN,442.0,109.95104832579065,JUNIN,8.139258182025655,2.6161901299368173,0.0
2960,442,50.95770004381229,36636.46561023268,442.0,489.2189780002741,JUNIN,442.0,157.01342404385426,JUNIN,9.600491732940352,3.081250211623712,0.0
2961,26707,1.2716805962099584,722.4618164163297,,,LAMBAYEQUE,26707.0,3.096264927498555,LAMBAYEQUE,,2.434781923013121,
2962,11129,47.01737124319445,45002.57035017735,30057.0,616.277123457376,LAMBAYEQUE,30057.0,190.59379221331835,LAMBAYEQUE,13.10743470258515,4.053688821254675,1.0
2963,34252,11.901429443527647,8976.791696674747,34252.0,119.6905559556633,JUNIN,34252.0,38.471964414320354,JUNIN,10.056821873674561,3.2325498879668237,0.0
2966,11129,9.02657026647594,9242.393991131332,10972.0,119.15261538184325,LAMBAYEQUE,10972.0,38.29981965261623,LAMBAYEQUE,13.200209145257292,4.24300908561684,1.0
2967,442,15.278114644030111,9125.32419784719,442.0,110.52328538876307,JUNIN,442.0,35.369130025957276,JUNIN,7.234091899680161,2.315019284122055,0.0
2968,1,57.132350760096756,46451.68017545211,1.0,691.521514762962,LORETO,,,LORETO,12.103851943126152,,0.0
2969,27857,16.18222128898828,16535.97219816197,27857.0,220.47962930882628,JUNIN,27857.0,70.86845227783701,JUNIN,13.624806222298963,4.379402000024666,0.0
2970,4370,46.67649085245691,52054.53924971667,4370.0,694.0605233295553,LAMBAYEQUE,4370.0,223.09088249878553,LAMBAYEQUE,14.869595178512055,4.779512735950301,0.0
2971,432,0.7811014159535724,560.3925882027311,432.0,8.656473493470434,JUNIN,432.0,2.4016825208688477,JUNIN,11.082393805294245,3.0747384037665095,0.0
2973,365,27.45720309563886,22798.26785642584,34252.0,291.966404196015,JUNIN,34252.0,93.84634420586201,JUNIN,10.633508561634569,3.4179134662396846,1.0
2974,34252,37.79800918160875,31591.43908512442,34252.0,421.2191878016592,JUNIN,34252.0,135.3918817933903,JUNIN,11.143951676867955,3.5819844675646957,0.0
2975,4370,180.66315169449058,145185.5564396306,4370.0,1949.7737840552836,LAMBAYEQUE,4370.0,622.2238133127025,LAMBAYEQUE,10.792315786411375,3.4441102542310933,0.0
2976,25383,88.20669770167764,59457.13164105621,25383.0,752.1776664106198,JUNIN,25383.0,241.75585429646904,JUNIN,8.527443901760693,2.7407879514332047,0.0
2977,340,60.59004520048652,51864.96405927919,340.0,691.5328541237226,JUNIN,340.0,222.2784173969108,JUNIN,11.413308107553116,3.66856332028493,0.0
2978,340,60.59004520048652,51864.96405927919,340.0,691.5328541237226,JUNIN,340.0,222.2784173969108,JUNIN,11.413308107553116,3.66856332028493,0.0
2979,753,86.07829245960548,84053.18001886073,8652.0,859.4535117433758,JUNIN,8652.0,278.77300346243226,JUNIN,9.984555771092893,3.2385982051543816,1.0
2980,432,21.435404311981593,18418.841709261822,432.0,245.58455612349093,JUNIN,432.0,78.93789303969352,JUNIN,11.456959362610124,3.6825940808389688,0.0
2982,4370,36.65499226074006,29689.61640437293,4370.0,402.85985473217454,LAMBAYEQUE,4370.0,127.24121316159832,LAMBAYEQUE,10.990586271754974,3.47132014805749,0.0
2984,11470,14.590328711874841,10460.455871175416,11020.0,116.54511544534172,LAMBAYEQUE,11020.0,37.39427511547325,LAMBAYEQUE,7.987833430407052,2.5629494615182065,1.0
2985,8656,38.28667792514742,37477.77323406138,8656.0,499.70364312081836,JUNIN,8656.0,160.61902814597735,JUNIN,13.05163232228627,4.1951675321634445,0.0
2987,442,58.510802768109315,42357.886362055564,442.0,564.6585900851347,JUNIN,442.0,181.49740395593616,JUNIN,9.650501503508611,3.1019469118420533,0.0
2989,4370,27.887527957351377,31276.193789001227,4370.0,417.01591718668277,LAMBAYEQUE,4370.0,134.04083052429084,LAMBAYEQUE,14.95349167643789,4.806479467426462,0.0
2990,520,60.33936035151528,36716.380067833685,520.0,492.403984709473,JUNIN,520.0,152.44227006610208,JUNIN,8.160576808254273,2.5264150825933283,0.0
2991,519,75.84660658012393,58761.32888458871,519.0,783.4843851278491,JUNIN,519.0,251.83426664823727,JUNIN,10.329854168230725,3.3203102683598766,0.0
2992,519,25.053157200167675,9053.703765513696,519.0,144.76266888717532,JUNIN,519.0,38.80158756648727,JUNIN,5.778220594337166,1.5487703707949265,0.0
2993,519,73.29640150894937,43014.60522240911,519.0,573.5280696321217,JUNIN,519.0,184.34830809603903,JUNIN,7.824777994893718,2.515107212644408,0.0
2995,520,38.991506651332074,32973.149320437224,520.0,439.64199093916307,JUNIN,520.0,141.31349708758813,JUNIN,11.275327082651819,3.6242122765666562,0.0
2996,519,116.63561026575425,78249.06617908207,519.0,1043.3208823877608,JUNIN,519.0,335.35314076749455,JUNIN,8.945131594120818,2.8752208695388344,0.0
2998,519,26.30599899919208,22694.188509067033,519.0,325.54633182193044,JUNIN,519.0,97.26080789600161,JUNIN,12.375364715551337,3.697286231136431,0.0
3000,27857,149.07475936978918,132762.54275288671,432.0,1701.2067041868345,JUNIN,432.0,547.4454530997468,JUNIN,11.411768909630677,3.6722880212187663,1.0
3002,520,30.049134471813254,28704.32554657659,520.0,364.76391242658195,JUNIN,520.0,116.63739541364787,JUNIN,12.138915773721818,3.881555907144557,0.0
3003,1,63.73550090474691,52903.464065815526,1.0,705.3795208775406,LORETO,1.0,226.72913171063783,LORETO,11.067293907860465,3.5573444703837174,0.0
3007,4370,83.94765920907975,65969.93063955553,4370.0,879.5990751940736,LAMBAYEQUE,4370.0,282.72827416952373,LAMBAYEQUE,10.477946419010294,3.367911348967595,0.0
3009,519,20.34806614362173,13469.7639959991,519.0,186.55873413356088,JUNIN,519.0,57.727559982853286,JUNIN,9.168376631802884,2.837004734277831,0.0
3010,519,75.84660658012393,58761.32888458871,519.0,783.4843851278491,JUNIN,519.0,251.83426664823727,JUNIN,10.329854168230725,3.3203102683598766,0.0
3011,519,58.476372636124495,45108.13849673536,519.0,601.4418466231382,JUNIN,519.0,193.32059355743726,JUNIN,10.285211265850476,3.3059607640233675,0.0
3012,25383,66.93977344894896,56093.67759224394,25383.0,707.3316124264558,JUNIN,25383.0,227.3410512301307,JUNIN,10.56668667942081,3.3962028778527373,0.0
3013,432,46.54529313649409,30727.473433980016,432.0,409.69964578640025,JUNIN,432.0,131.68917185991435,JUNIN,8.802171351353527,2.829269362935062,0.0
3014,8656,18.25966899286837,19168.85862236146,8656.0,255.5847816314861,JUNIN,8656.0,82.15225123869196,JUNIN,13.99722972696324,4.499109555095328,0.0
3015,432,8.493977792073178,8928.968295303022,432.0,94.84579284279698,JUNIN,432.0,38.26700697987009,JUNIN,11.166239795365344,4.505192727909172,0.0
3016,10972,15.63596463462506,13450.66475748486,10972.0,179.15696784233947,LAMBAYEQUE,10972.0,57.64570610350656,LAMBAYEQUE,11.458005439946145,3.686738071526015,0.0
3017,162,90.87227882099282,34237.17786364957,162.0,519.4861979249665,LORETO,162.0,146.73076227278386,LORETO,5.716663042513661,1.6146922271182982,0.0
3018,34252,40.7259488365174,36060.52488342971,34252.0,480.8069984457297,JUNIN,34252.0,154.5451066432701,JUNIN,11.805912745600871,3.794757668228847,0.0
3019,27694,1.839371035049001,1459.436768315887,8652.0,16.76296042885287,JUNIN,8652.0,5.847957989623998,JUNIN,9.113419810052791,3.179324822557189,1.0
3020,432,49.04749656293273,28535.737421024853,432.0,380.47649894699805,JUNIN,432.0,122.29601751867794,JUNIN,7.757307214626327,2.493420176129891,0.0
3022,4370,13.522271859218113,7594.069409838337,4370.0,101.25425879784449,LAMBAYEQUE,4370.0,32.546011756450014,LAMBAYEQUE,7.487962071167767,2.4068449514467827,0.0
3023,365,30.264648749676933,31346.385485487244,365.0,417.9518064731632,JUNIN,365.0,134.34165208065957,JUNIN,13.809901113675561,4.438896786538573,0.0
3024,11129,72.95423758884253,64539.65268574126,30057.0,867.2971049902504,LAMBAYEQUE,30057.0,274.3241450800208,LAMBAYEQUE,11.888234784635637,3.7602222180165086,1.0
3026,432,42.10951210866432,25277.69534987498,432.0,358.9557051448105,JUNIN,432.0,108.33298007089277,JUNIN,8.52433778426402,2.5726486640675783,0.0
3027,27857,150.5090415333867,147306.9750899178,432.0,1541.4491786647027,JUNIN,432.0,496.0948198962045,JUNIN,10.241571954484678,3.2961130762776016,1.0
3028,340,34.62732380623256,28338.820918360834,340.0,377.8509455781445,JUNIN,340.0,121.45208965011788,JUNIN,10.911930349931785,3.5074061839066455,0.0
3029,8653,56.95493334064156,40321.83691685283,8653.0,537.6244922247046,JUNIN,8653.0,172.80787250079777,JUNIN,9.439471889278286,3.034115964410875,0.0
3031,519,48.64233728575464,28682.43701926115,519.0,383.04307402640035,JUNIN,519.0,122.92473008254785,JUNIN,7.874684799296806,2.527113969882107,0.0
3033,8653,77.93659540972926,52550.330951371114,8653.0,700.6710793516149,JUNIN,8653.0,225.21570407730465,JUNIN,8.990270561191927,2.8897298232402604,0.0
3034,753,14.000886716945777,10785.728165611346,8652.0,123.46347761851945,JUNIN,8652.0,42.31655065005087,JUNIN,8.81826130834179,3.02241932997241,1.0
3035,519,25.630699785265094,18992.776977130277,519.0,194.85742008076417,JUNIN,519.0,62.63274216881705,JUNIN,7.602500973960388,2.4436610273444104,0.0
3036,519,58.0848377076247,38006.112466905295,519.0,507.6736377275673,JUNIN,519.0,162.88333914387977,JUNIN,8.740209282893904,2.8042316303570964,0.0
3037,25973,21.004374611106506,21334.008547893343,25383.0,284.42716554994644,JUNIN,25383.0,91.42301749819705,JUNIN,13.541329880850133,4.352570318844685,1.0
3039,4370,31.01987372045405,22063.82476997176,4370.0,294.1843302662902,LAMBAYEQUE,4370.0,94.55924901416472,LAMBAYEQUE,9.4837371975602,3.048344099215779,0.0
3040,519,28.49239332432684,21053.51476947236,519.0,280.71353025963145,JUNIN,519.0,90.2293490120244,JUNIN,9.8522271212632,3.1667872889774573,0.0
3041,8653,19.15150881764214,21971.872818373187,8653.0,292.9583042449759,JUNIN,8653.0,94.16516922159938,JUNIN,15.296878540196596,4.916853816491762,0.0
3042,10972,10.372919638781237,7817.233598456118,10972.0,104.04455238862283,LAMBAYEQUE,10972.0,33.502429707669066,LAMBAYEQUE,10.030401855195276,3.229797479815955,0.0
3043,25973,34.17312081658778,16340.848386141886,25383.0,244.59562855251704,JUNIN,25383.0,70.02375966211935,JUNIN,7.157544371358359,2.0490888156790614,1.0
3044,753,47.84019081352627,49505.112255773245,8652.0,633.2565762162337,JUNIN,8652.0,206.07400883292686,JUNIN,13.236915769934338,4.307549893272202,1.0
3045,365,35.97350367176547,20338.947431513476,365.0,292.45010342704813,JUNIN,365.0,87.16691756362917,JUNIN,8.129597441924554,2.423086679545309,0.0
3046,519,55.33986049083114,38200.17218397966,519.0,512.5654914451537,JUNIN,519.0,163.71502364562707,JUNIN,9.262139204887895,2.9583562768965024,0.0
3048,34252,40.710592172044976,33047.73058034253,34252.0,440.6364077379007,JUNIN,34252.0,141.6331310586108,JUNIN,10.823630515511773,3.4790240942716375,0.0
3050,20274,46.02062338542541,30290.96786229882,20274.0,404.46937994319,LORETO,20274.0,129.81843369556634,LORETO,8.788872253114334,2.820875167385921,0.0
3051,4370,62.1424232787222,48100.85011871129,4370.0,641.3446682494839,LAMBAYEQUE,4370.0,206.14650050876264,LAMBAYEQUE,10.320560969644111,3.3173231688141778,0.0
3052,8653,20.831636660718043,20477.06735409581,8653.0,273.02756472127754,JUNIN,8653.0,87.75886008898205,JUNIN,13.106390494805538,4.21276837333035,0.0
3054,34252,10.91234508705475,7111.718426473981,34252.0,94.82291235298642,JUNIN,34252.0,30.478793256317058,JUNIN,8.689508221791325,2.793056214147211,0.0
3055,8653,48.11680212868452,34232.13413576918,8653.0,461.11043032689685,JUNIN,8653.0,146.7091462961536,JUNIN,9.583147880312039,3.0490211278752852,0.0
3057,25973,31.718533996637056,20007.947949415626,25383.0,266.7463575702435,JUNIN,25383.0,85.73990064757824,JUNIN,8.409794651875309,2.70314828095992,1.0
3059,519,53.80169711232242,36603.39220894245,519.0,488.045229452566,JUNIN,519.0,156.87168089546765,JUNIN,9.071186517289005,2.9157385234143236,0.0
3061,365,21.78983029259433,14815.348771659124,365.0,197.5379836221217,JUNIN,365.0,63.494351878539106,JUNIN,9.065604503090533,2.913944304564814,0.0
3062,4370,2.2978571821600995,1472.9334576888891,4370.0,19.63911276918519,LAMBAYEQUE,4370.0,6.312571961523811,LAMBAYEQUE,8.546707306989136,2.747155920103651,0.0
3064,4370,30.47655813420056,29496.25465062586,4370.0,397.77355798295116,LAMBAYEQUE,4370.0,126.41251993125358,LAMBAYEQUE,13.051787417443729,4.147860771370847,0.0
3066,340,62.120641619687085,34963.31390649534,340.0,447.1118552088338,JUNIN,340.0,143.7891830489128,JUNIN,7.197476451484952,2.3146763990174817,0.0
3067,4370,33.72097327135866,31038.210564703735,4370.0,418.6903916277816,LAMBAYEQUE,4370.0,133.02090242015896,LAMBAYEQUE,12.41631990448513,3.944752761129287,0.0
3068,442,520.6135425941762,403433.2240924061,442.0,5377.778991684838,JUNIN,442.0,1728.9631370860109,JUNIN,10.329694776835403,3.3210106837995874,0.0
3069,432,51.86009818058829,29803.537556708092,432.0,414.73851396736706,JUNIN,432.0,127.72944667160608,JUNIN,7.997256629232675,2.4629619139328276,0.0
3071,520,46.12214504610082,32071.609451658594,520.0,422.59841326413175,JUNIN,520.0,135.4657873705537,JUNIN,9.162592347813154,2.937109434852836,0.0
3072,442,80.89621313232811,43785.28713952764,442.0,576.3464795719432,JUNIN,442.0,185.25422557669597,JUNIN,7.124517418747021,2.2900234560258275,0.0
3073,432,52.00834511423699,34797.210128681385,432.0,463.96280171575177,JUNIN,432.0,149.13090055149166,JUNIN,8.920929914163805,2.8674417581240808,0.0
3074,519,92.31975882800442,62425.37466663168,519.0,857.9477510260384,JUNIN,519.0,267.53731999985007,JUNIN,9.29321915392382,2.8979421458225785,0.0
3075,8653,107.98748465143919,83240.45641815924,519.0,1103.2682351519143,JUNIN,519.0,354.3630012167254,JUNIN,10.216630554114964,3.2815191719719596,1.0
3076,8653,24.844755081853442,27904.81590951898,,,JUNIN,8653.0,119.59206818365274,JUNIN,,4.813574043682263,
3078,519,45.42635965870959,36901.647963726384,520.0,392.57875169423795,JUNIN,520.0,120.61278941503768,JUNIN,8.642091390190648,2.655127778699577,1.0
3079,519,64.36851119354196,38293.99782014815,519.0,542.0627674066152,JUNIN,519.0,174.23446095212626,JUNIN,8.421241339212454,2.706827573318288,0.0
3080,520,30.11216035399025,25003.315926836134,520.0,333.37754569114855,JUNIN,520.0,107.15706825786918,JUNIN,11.071193224665851,3.558597822214024,0.0
3082,340,28.537574478233168,29071.56493837178,340.0,387.6208658449569,JUNIN,340.0,124.59242116445046,JUNIN,13.58282450180242,4.36590787557935,0.0
3086,442,420.7129365698718,336191.6582426348,442.0,4481.177587242056,JUNIN,442.0,1440.7849977298474,JUNIN,10.651390051795625,3.4246272754927816,0.0
3089,519,51.84048923180274,34454.292167778956,519.0,459.39056223705256,JUNIN,519.0,147.661252147624,JUNIN,8.8616170303275,2.848376902605267,0.0
3090,365,18.61423897339528,12323.854634914183,365.0,177.43458738156914,JUNIN,365.0,52.81651986391792,JUNIN,9.532196703564972,2.837425690054094,0.0
3092,520,24.67966155969963,19465.89582808897,520.0,256.66383918095374,JUNIN,520.0,82.49909116530657,JUNIN,10.399811948802006,3.3427966978292165,0.0
3093,442,140.15303286513858,103130.3393196463,442.0,1374.957962853011,JUNIN,442.0,441.9507737741821,JUNIN,9.810404632313993,3.1533443461009267,0.0
3094,520,135.0888444821411,86471.86074352861,,,JUNIN,,,JUNIN,,,
3095,25383,82.69600918356684,51641.6018722952,753.0,673.3902635041156,JUNIN,753.0,214.06205087066417,JUNIN,8.142959619844994,2.5885414905028097,1.0
3096,27857,11.77043757331895,10177.436783099089,27857.0,135.69915710798782,JUNIN,27857.0,43.61758621328181,JUNIN,11.528811589433905,3.7056894394608992,0.0
3097,340,34.60170708548875,23008.207620822654,340.0,306.77610161096874,JUNIN,340.0,98.60660408923992,JUNIN,8.865923893668946,2.849761251536446,0.0
3098,4370,40.9569638777987,33726.90914109476,4370.0,449.69212188126335,LAMBAYEQUE,4370.0,144.5438963189775,LAMBAYEQUE,10.979625423969116,3.5291653148472157,0.0
3099,519,92.79702937579928,74800.85070077369,519.0,997.3446760103152,JUNIN,519.0,320.5750744318872,JUNIN,10.747592705488206,3.454583369621211,0.0
3100,11129,17.85813981283386,16044.503340063233,30057.0,208.77156838951012,LAMBAYEQUE,30057.0,67.10514698234249,LAMBAYEQUE,11.690555151745155,3.7576784416323683,1.0
3101,8475,187.82495098948434,152934.7392890498,8475.0,2017.760072638982,JUNIN,8475.0,648.5657376339586,JUNIN,10.74276906241253,3.4530329129183137,0.0
3102,27857,4.355524111612978,2662.8108292186844,27857.0,35.50414438958246,JUNIN,27857.0,11.412046410937219,JUNIN,8.151520570146547,2.620131611832819,0.0
3104,442,51.531025168872134,36875.35107900761,442.0,490.5755853646939,JUNIN,442.0,157.44947641098918,JUNIN,9.52000438099243,3.055430702086987,0.0
3105,8653,0.90678277046469,686.3590966661637,8653.0,9.151454622215516,JUNIN,8653.0,2.94153898571213,JUNIN,10.092223761073184,3.2439290660592377,0.0
3108,8653,30.87234070422402,30568.0311323562,8653.0,407.4708980027867,JUNIN,8653.0,131.00584771009798,JUNIN,13.198574798931125,4.243469873736315,0.0
3109,25383,96.78069213116312,72395.40773491343,25383.0,924.6880143287158,JUNIN,25383.0,297.2056089844285,JUNIN,9.554467879559303,3.07091840779189,0.0
3110,1,70.55038109289748,55291.3637590048,1.0,737.2181834533975,LORETO,1.0,236.9629875385919,LORETO,10.449528011516517,3.3587768608445927,0.0
3112,365,65.73321712137627,60268.118166242464,365.0,801.108683994861,JUNIN,365.0,258.291934998182,JUNIN,12.187273331162466,3.9293974387598647,0.0
3114,520,62.58372817301481,40097.582377720646,520.0,544.4265565099035,JUNIN,520.0,169.8628141965339,JUNIN,8.699171052974314,2.7141689885738742,0.0
3116,8656,18.00579392555376,12466.731587208778,8656.0,166.22308782945038,JUNIN,8656.0,53.42884965946621,JUNIN,9.231644464926767,2.9673142922978903,0.0
3117,4370,12.890014371046288,14314.829377979704,4370.0,190.86439170639608,LAMBAYEQUE,4370.0,61.34926876277016,LAMBAYEQUE,14.807151195666474,4.759441455749937,0.0
3119,27857,70.36803098837846,62999.52680376166,27857.0,850.7459915161234,JUNIN,27857.0,269.9979720161214,JUNIN,12.089950216976046,3.8369408412282073,0.0
3120,520,63.629879163656895,36904.620210290166,520.0,514.203146890433,JUNIN,520.0,158.1626580441007,JUNIN,8.081158626246888,2.485666484409066,0.0
3121,432,32.360293452818155,18109.417405988872,432.0,260.50563065214817,JUNIN,432.0,77.61178888280946,JUNIN,8.050162803126916,2.3983648045704142,0.0
3122,519,122.41234010613725,88108.8097071945,519.0,1174.7841294292587,JUNIN,519.0,377.60918445940473,JUNIN,9.596942010998774,3.0847313606781785,0.0
3123,4370,28.944580135722088,22835.307169881784,4370.0,304.4707622650904,LAMBAYEQUE,4370.0,97.86560215663621,LAMBAYEQUE,10.519094104575606,3.3811373907564453,0.0
3124,4370,32.94475330579124,23957.617269820486,4370.0,319.43489693093983,LAMBAYEQUE,4370.0,102.6755025849449,LAMBAYEQUE,9.696077975329308,3.116596492070133,0.0
3125,11129,44.68029940442663,38658.31751564981,30057.0,526.9120471001415,LAMBAYEQUE,30057.0,163.40413720820032,LAMBAYEQUE,11.79293903854052,3.6571853677419925,1.0
3126,519,65.9712925110545,49418.65508506644,519.0,658.9154011342192,JUNIN,519.0,211.7942360788562,JUNIN,9.987911045153584,3.2103999787993667,0.0
3127,27857,74.26513911869868,65324.49780930861,27857.0,881.7456049234158,JUNIN,27857.0,279.9621334684654,JUNIN,11.872940862793152,3.7697651521395423,0.0
3128,4370,27.417988150438287,25423.50798810323,4370.0,330.551597849866,LAMBAYEQUE,4370.0,106.87264994066192,LAMBAYEQUE,12.056012134667949,3.8979026963710144,0.0
3129,519,80.02202136094645,57344.76654886378,519.0,764.5968873181836,JUNIN,519.0,245.76328520941615,JUNIN,9.554830961709918,3.071195666263902,0.0
3131,27857,131.2473318685025,95884.42807978606,,,JUNIN,27857.0,407.6673711779911,JUNIN,,3.1061002564717697,
3132,1,47.81288302967763,34664.34685026651,1.0,478.29796806262755,LORETO,1.0,148.5614865011421,LORETO,10.00353749356102,3.1071434535526636,0.0
3134,11129,89.93909745634886,76633.65623420588,30057.0,1028.094846827595,LAMBAYEQUE,30057.0,326.15558885915493,LAMBAYEQUE,11.431011383303813,3.626404957170619,1.0
3135,8653,48.12790461539906,37257.50423489312,8653.0,496.7667231319083,JUNIN,8653.0,159.67501814954187,JUNIN,10.321802436687888,3.317722211792534,0.0
3139,8653,39.16465013878331,41900.43049015161,8653.0,558.5695561067256,JUNIN,8653.0,179.57327352922115,JUNIN,14.262084663781913,4.585085603800565,0.0
3140,8656,34.55832600381501,16270.983879740219,8656.0,222.62770975851876,JUNIN,8656.0,69.73278805602952,JUNIN,6.442086047048174,2.0178288742438357,0.0
3142,340,44.73387823086342,27069.759873345032,340.0,360.93013164460046,JUNIN,340.0,116.01325660005016,JUNIN,8.068384542513968,2.5934093172366324,0.0
3143,519,41.69742876594989,31042.82371264386,519.0,376.7848355194435,JUNIN,519.0,121.10941141696395,JUNIN,9.03616473894251,2.9044815232315204,0.0
3144,8475,87.5141638931926,68521.63274162808,8475.0,899.7005150107251,JUNIN,8475.0,289.1894512534474,JUNIN,10.28062744344758,3.304487392536722,0.0
3146,4370,35.18999433413269,40986.756436009455,4370.0,546.4900858134592,LAMBAYEQUE,4370.0,175.65752758289744,LAMBAYEQUE,15.529700875324915,4.991689567068717,0.0
3148,520,3.3617579429190885,2601.38172492821,520.0,24.418553205023493,JUNIN,520.0,7.8488206730432655,JUNIN,7.263626239496686,2.334737005552506,0.0
3149,4370,161.1791940944475,145129.08801581568,4370.0,1935.054506877543,LAMBAYEQUE,4370.0,621.981805782067,LAMBAYEQUE,12.00560976712443,3.858945996575707,0.0
3150,442,26.674688631688767,14284.144802758537,442.0,190.45526403678048,JUNIN,442.0,61.2177634403937,JUNIN,7.139924542943871,2.2949757459462434,0.0
3153,442,75.99051678416217,52554.38620475304,442.0,700.6119213211014,JUNIN,442.0,225.19668899606822,JUNIN,9.21972834203862,2.963484109940984,0.0
3155,519,58.5071518152573,38132.80669919508,519.0,509.845538852535,JUNIN,519.0,163.4263144251217,JUNIN,8.714243011904387,2.7932707259645464,0.0
3156,8653,66.06740537562614,45626.636764810944,8653.0,608.3551568641461,JUNIN,8653.0,195.54272899204682,JUNIN,9.20809820523969,2.959745851684184,0.0
3157,340,62.750753917193755,34266.42971413521,340.0,443.6025822122994,JUNIN,340.0,140.80253651022656,JUNIN,7.0692789252808,2.243838164813611,0.0
3159,442,76.7415550070897,74147.82702579285,442.0,989.3704635410767,JUNIN,442.0,317.7764015391121,JUNIN,12.892238936905494,4.140864770198553,0.0
3160,519,86.15047633967708,65759.65972943921,519.0,874.1723741466999,JUNIN,519.0,280.9839774042963,JUNIN,10.147040518963387,3.26154873823823,0.0
3161,365,21.10027322863163,15183.446141960432,365.0,202.44594855947238,JUNIN,365.0,65.07191203697326,JUNIN,9.594470477508654,3.08393693919921,0.0
3162,8652,18.161052338436594,13183.326674711396,8652.0,168.4966590246305,JUNIN,8652.0,56.4999714630488,JUNIN,9.277912748922546,3.1110516290661514,0.0
3163,210,13.211192980329754,8379.496188705261,210.0,111.86486158072643,LORETO,210.0,35.91212652302256,LORETO,8.467430742044483,2.718310645866153,0.0
3167,27857,42.5998645393091,45007.88629455918,27857.0,601.8419078604609,JUNIN,27857.0,192.8909412623965,JUNIN,14.127789239919066,4.527970765832038,0.0
3168,8653,39.16465013878331,41900.43049015161,8653.0,558.5695561067256,JUNIN,8653.0,179.57327352922115,JUNIN,14.262084663781913,4.585085603800565,0.0
3170,519,40.63887791509072,27858.468802715895,519.0,407.25851996637164,JUNIN,519.0,119.39343772592525,JUNIN,10.02140169365113,2.937911769497702,0.0
3171,25383,6.898635829731482,5077.363569434507,25383.0,67.6981809257934,JUNIN,25383.0,21.76012958329074,JUNIN,9.813270709845316,3.154265585307424,0.0
3172,340,46.69310550565582,44504.20578811161,340.0,593.3894105081549,JUNIN,340.0,190.73231052047836,JUNIN,12.70828753157742,4.084806706578457,0.0
3173,30057,29.76953683495685,32361.956927719737,30057.0,431.49275903626335,LAMBAYEQUE,30057.0,138.69410111879893,LAMBAYEQUE,14.494439783476356,4.658927073260257,0.0
3175,34252,20.833654902763655,11298.06782909586,365.0,153.27298829478377,JUNIN,365.0,47.8386577462547,JUNIN,7.3569898805634715,2.296220128898686,1.0
3176,27857,133.17029817638948,131517.17681403214,432.0,1330.9185349862273,JUNIN,432.0,428.4242558566945,JUNIN,9.99410944641253,3.217115691137292,1.0
3177,519,41.69742876594989,31042.82371264386,519.0,413.90431616858484,JUNIN,519.0,133.04067305418795,JUNIN,9.926375040817362,3.190620548834151,0.0
3179,8653,37.56118124257077,31169.61781070461,8653.0,415.59490414272835,JUNIN,8653.0,133.58407633159115,JUNIN,11.06447908170963,3.556439704835235,0.0
3180,27857,77.74683317358212,67459.93497089531,27857.0,910.490387643676,JUNIN,27857.0,289.1140070181227,JUNIN,11.710964298839825,3.7186595931519153,0.0
3182,308,26.360286549968766,23067.86594791252,308.0,304.0189277247814,JUNIN,308.0,97.7203696258226,JUNIN,11.533217863488728,3.7071057418356625,0.0
3183,442,448.05052726477203,350836.9937832669,442.0,4676.448727783818,JUNIN,442.0,1503.5507214754143,JUNIN,10.437324460551983,3.3557615268398124,0.0
3184,4370,200.64583745202296,184516.41328055618,4370.0,2432.18289940876,LAMBAYEQUE,4370.0,781.7730748099588,LAMBAYEQUE,12.12177102846864,3.896283544864921,0.0
3186,30057,40.06979025859168,35772.54508485423,30057.0,476.9672677980566,LAMBAYEQUE,30057.0,153.3109075065181,LAMBAYEQUE,11.903413137925929,3.8260970800476177,0.0
3188,8656,36.6262735841552,33125.151008771834,8656.0,441.6686801169578,JUNIN,8656.0,141.96493289473645,JUNIN,12.058793780976586,3.8760408581710464,0.0
3191,519,50.24326171255396,29637.00282636479,519.0,395.1600376848638,JUNIN,519.0,127.01572639870628,JUNIN,7.864935997698727,2.528015142117449,0.0
3192,27857,185.35073091240017,179347.61516958047,432.0,1968.6577130602043,JUNIN,432.0,633.4118488090443,JUNIN,10.62125681063877,3.417369037019904,1.0
3193,519,103.8162159913614,73491.56009990785,519.0,1005.4968901363873,JUNIN,519.0,314.963828999605,JUNIN,9.685354841097803,3.033859652771522,0.0
3194,8656,61.47193911496995,45717.88480693431,8656.0,609.5717974257907,JUNIN,8656.0,195.9337920297185,JUNIN,9.916261081104318,3.187369633212103,0.0
3195,519,57.413008613254085,37843.65197176718,519.0,504.58202629022895,JUNIN,519.0,162.18707987900214,JUNIN,8.788635859325854,2.824918669069024,0.0
3196,520,27.74485554168357,32042.156096461633,520.0,427.22874795282195,JUNIN,520.0,137.32352612769282,JUNIN,15.398485218672633,4.94951310600192,0.0
3197,340,20.664055996510196,15405.747993630303,340.0,205.40997324840401,JUNIN,340.0,66.0246342584156,JUNIN,9.9404479586725,3.195143986716162,0.0
3198,308,42.699022033609324,31160.229883070864,308.0,411.9171135268927,JUNIN,308.0,132.4019293479298,JUNIN,9.64699175551758,3.1008187785592227,0.0
3199,4370,32.66967231166356,27285.237493787303,4370.0,370.85445921286095,LAMBAYEQUE,4370.0,116.93673211623135,LAMBAYEQUE,11.351643067459246,3.5793665452372228,0.0
3200,519,62.36944011682015,42590.0736871025,519.0,560.1863783622512,JUNIN,519.0,176.9820791313835,JUNIN,8.981744542086675,2.8376409792983526,0.0
3201,4370,41.71500352684571,48222.169133751115,4370.0,642.9622551166814,LAMBAYEQUE,4370.0,206.66643914464746,LAMBAYEQUE,15.413213490510739,4.954247193378449,0.0
3204,20274,96.46979442837137,50978.54740922069,,,LORETO,20274.0,218.4794888966601,LORETO,,2.2647450447184343,
3205,4370,23.20212495627048,19766.891081971815,4370.0,263.5585477596242,LAMBAYEQUE,4370.0,84.71524749416493,LAMBAYEQUE,11.359241804634635,3.6511848657754187,0.0
3206,11129,26.692954889627387,20450.614158865283,30057.0,267.51971264020415,LAMBAYEQUE,30057.0,85.9884790629227,LAMBAYEQUE,10.022109344820404,3.2213922894065568,1.0
3207,4370,144.68295114508499,123180.92032859298,4370.0,1644.4668169735874,LAMBAYEQUE,4370.0,527.9182299796842,LAMBAYEQUE,11.366002724982787,3.6487936263499283,0.0
3208,365,25.270756057653376,17390.13948141636,365.0,231.86852641888487,JUNIN,365.0,74.52916920607012,JUNIN,9.175369580945416,2.9492259367324545,0.0
3209,8475,2.6985054467669856,1523.7412474020077,8475.0,19.996803840691484,JUNIN,8475.0,6.53031963172289,JUNIN,7.410325543218441,2.4199764501297225,0.0
3210,34252,34.31119662791786,19321.23515075941,34252.0,258.5955889718483,JUNIN,34252.0,82.80529350325465,JUNIN,7.536769754087732,2.413360699751252,0.0
3211,27857,46.24522216016112,30446.23382316829,27857.0,412.356863226511,JUNIN,27857.0,130.4838592421498,JUNIN,8.916745210962445,2.821564112942196,0.0
3212,4370,51.83091832169018,52222.69086659579,4370.0,709.5407349150446,LAMBAYEQUE,4370.0,223.81153228541032,LAMBAYEQUE,13.689526597064292,4.3181085640103305,0.0
3213,8656,9.422180639906863,9157.739705843069,8656.0,122.10319607790758,JUNIN,8656.0,39.24745588218458,JUNIN,12.959122812902743,4.165432332718739,0.0
3215,27857,91.21526849657987,85899.17655069049,27857.0,1157.962444546742,JUNIN,27857.0,368.1393280743877,JUNIN,12.694831289019996,4.035939751558054,0.0
3216,4370,28.40861025780451,30713.610070482595,4370.0,409.51480093976767,LAMBAYEQUE,4370.0,131.62975744492527,LAMBAYEQUE,14.415164882177379,4.633445854985585,0.0
3218,8475,95.84896826886194,76392.832207718,8475.0,1004.6498412252575,JUNIN,8475.0,322.9231632509756,JUNIN,10.481592649042984,3.369083351478102,0.0
3219,4370,18.28991968040038,18619.214874766996,4370.0,229.15819508723547,LAMBAYEQUE,4370.0,73.65799127803996,LAMBAYEQUE,12.529207295142097,4.027245202009959,0.0
3220,27857,9.367941749161899,6348.207404215407,27857.0,84.64276538953877,JUNIN,27857.0,27.206603160923166,JUNIN,9.035364187347911,2.9042242030761134,0.0
3221,4370,104.8769126744271,100960.41298759269,4370.0,1346.1388398345684,LAMBAYEQUE,4370.0,432.68748423253976,LAMBAYEQUE,12.83541635148464,4.125669541548634,0.0
3222,8653,57.16644332236106,40490.91434792407,8653.0,539.8788579723212,JUNIN,8653.0,173.53249006253165,JUNIN,9.44398193408586,3.0355656216704525,0.0
3224,25383,75.15442235362823,48303.08183812951,25383.0,637.4012105396989,JUNIN,25383.0,206.99328805488065,JUNIN,8.481220273911493,2.754239625193362,0.0
3225,66,1.0612911341455187,517.0084066713434,66.0,7.308758785792117,LORETO,66.0,2.3492438954331805,LORETO,6.886667145935074,2.213571582621988,0.0
3227,520,81.73651493529168,51100.61010362463,520.0,693.6350117091104,JUNIN,520.0,215.83718602153274,JUNIN,8.486231793198428,2.6406458140820477,0.0
3228,442,66.54156369278347,64288.33511355032,442.0,857.9105713778431,JUNIN,442.0,275.52143620092994,JUNIN,12.892852583668466,4.140591547757851,0.0
3230,4370,27.77640978916859,32114.971830049573,4370.0,428.1996244006607,LAMBAYEQUE,4370.0,137.63559355735518,LAMBAYEQUE,15.41594567659486,4.955125396048347,0.0
3231,340,36.57051683939887,33350.08498040776,340.0,444.6677997387701,JUNIN,340.0,142.92893563031893,JUNIN,12.159188279770545,3.9083105184976743,0.0
3232,442,25.471593269510127,17478.41305296906,442.0,233.04550737292072,JUNIN,442.0,74.90748451272451,JUNIN,9.149231652182499,2.9408244596300883,0.0
3233,8653,77.64401753927162,77217.7521383988,8653.0,1008.3425550078169,JUNIN,8653.0,319.6511687555213,JUNIN,12.986738540387954,4.116880847823785,0.0
3234,4370,9.519793656769753,5212.861547181536,4370.0,69.50482062908715,LAMBAYEQUE,4370.0,22.34083520220659,LAMBAYEQUE,7.301084785557364,2.346777252500582,0.0
3235,11129,12.29441833095875,10437.387818325069,30057.0,134.0100280996678,LAMBAYEQUE,30057.0,43.07465188917893,LAMBAYEQUE,10.900070624912383,3.503594129436123,1.0
3238,340,5.270555094569865,5702.937949499779,340.0,76.03917265999706,JUNIN,340.0,24.441162640713348,JUNIN,14.427165885873867,4.637303320459458,0.0
3240,27857,153.97762079788225,148879.41237734468,432.0,1562.4150091637275,JUNIN,432.0,502.8338368423196,JUNIN,10.147026568325936,3.265629344295177,1.0
3243,519,101.81275507763958,59077.60944034951,519.0,787.7014592046598,JUNIN,519.0,253.189754744355,JUNIN,7.736765974007683,2.48681763450247,0.0
3244,27857,16.463360273495418,13340.057536692397,27857.0,177.86743382256526,JUNIN,27857.0,57.171675157253134,JUNIN,10.803835357288293,3.4726613648426663,0.0
3245,4370,120.8157493988387,119259.40474122616,4370.0,1590.1253965496817,LAMBAYEQUE,4370.0,511.1117346052548,LAMBAYEQUE,13.161573755589899,4.230505850011039,0.0
3246,25383,63.81520564118938,41263.94332290801,25383.0,553.925208996418,JUNIN,25383.0,176.79487052102576,JUNIN,8.680144542837423,2.7704191931164743,0.0
3247,4370,135.85894646751035,101718.68662959627,4370.0,1356.2491550612838,LAMBAYEQUE,4370.0,435.9372284125555,LAMBAYEQUE,9.98277397495954,3.2087487776655665,0.0
3248,27694,2.5554986072526376,2068.3720565370277,8652.0,26.831906421124145,JUNIN,8652.0,8.097688828948066,JUNIN,10.499675619064634,3.1687314584975335,1.0
3249,8653,46.92692466545157,34456.541061231546,8653.0,459.42054748308743,JUNIN,8653.0,147.67089026242087,JUNIN,9.790126899607401,3.146826503445234,0.0
3251,25383,43.468150180602315,34567.56285491537,25383.0,420.3167492620749,JUNIN,25383.0,135.08627378443686,JUNIN,9.669533842957078,3.1077069813916114,0.0
3252,30057,13.400066618264862,11320.237154427878,30057.0,157.2545470859136,LAMBAYEQUE,30057.0,48.51530209040517,LAMBAYEQUE,11.7353556191705,3.6205269326255993,0.0
3253,4370,31.171637391464078,24393.49427986246,4370.0,330.22242432263795,LAMBAYEQUE,4370.0,104.5435469136963,LAMBAYEQUE,10.593682332935927,3.353803510569647,0.0
3254,519,87.93972895753635,56978.73745568579,519.0,779.0296802711503,JUNIN,519.0,244.19458909579612,JUNIN,8.858677295302128,2.7768403654474634,0.0
3255,4370,25.863115642096133,28271.399964535107,4370.0,376.9519995271347,LAMBAYEQUE,4370.0,121.16314270515039,LAMBAYEQUE,14.57488744757373,4.68478525100584,0.0
3257,8653,39.65477958900503,30275.777170133042,8653.0,403.67702893510744,JUNIN,8653.0,129.75333072914157,JUNIN,10.179782440324894,3.272072927247285,0.0
3258,25383,96.705710188026,60436.25039174686,753.0,790.6295059614597,JUNIN,753.0,251.75340166831427,JUNIN,8.17562380157521,2.6032940679389798,1.0
3259,520,19.493869570494617,19407.79605946037,520.0,253.93744439207163,JUNIN,520.0,83.1762688262587,JUNIN,13.026528338756526,4.266791081446036,0.0
3260,442,224.72586041920815,159809.3944284354,442.0,2129.4140697193957,JUNIN,442.0,684.861009954706,JUNIN,9.475607594725163,3.047539827757929,0.0
3261,4370,50.5004378773604,58775.60292969936,4370.0,783.6747057293244,LAMBAYEQUE,4370.0,251.89544112728274,LAMBAYEQUE,15.518176448934312,4.987985287157455,0.0
3262,8653,98.26991638270778,76087.52660687112,519.0,1007.0902729681934,JUNIN,519.0,323.70758773977633,JUNIN,10.248205249774768,3.2940659731418886,1.0
3263,8475,8.765102316022944,4749.686757384332,8475.0,68.09688911914108,JUNIN,8475.0,20.35580038878999,JUNIN,7.7690923236181,2.3223688275239875,0.0
3264,4370,66.89611176393836,76530.98388054229,4370.0,1020.4131184072304,LAMBAYEQUE,4370.0,327.98993091660947,LAMBAYEQUE,15.253698481132108,4.902974511792459,0.0
3266,520,26.790763292527824,25578.683528667312,520.0,336.2159439814976,JUNIN,520.0,109.62292940857418,JUNIN,12.549696337889378,4.091818072206586,0.0
3267,308,62.026117380246625,48375.82035910741,308.0,624.9813021634818,JUNIN,308.0,200.88684712397628,JUNIN,10.076099046020875,3.238746121935281,0.0
3269,11470,8.013651982526149,5044.009820033052,29146.0,65.60919468630065,LAMBAYEQUE,29146.0,21.088669720596638,LAMBAYEQUE,8.187177934525007,2.631592907525895,1.0
3271,519,7.689167766152478,6642.753102097828,519.0,88.57004136130436,JUNIN,519.0,28.468941866133548,JUNIN,11.518807243507867,3.7024737568418145,0.0
3273,8656,26.170542334545395,28219.581613433194,8656.0,376.26108817910915,JUNIN,8656.0,120.94106405757083,JUNIN,14.377275158048235,4.621267015086934,0.0
3274,442,432.52322796794016,342562.9554294858,442.0,4566.1282164000695,JUNIN,442.0,1468.0905571020662,JUNIN,10.556954912808807,3.3942467413816795,0.0
3275,4370,168.03966865208517,141999.78167563363,4370.0,1893.3304223417822,LAMBAYEQUE,4370.0,608.5704928955729,LAMBAYEQUE,11.267163506860964,3.621588270062453,0.0
3276,30057,22.20565452420463,21289.953578022978,30057.0,283.86604770697295,LAMBAYEQUE,30057.0,91.24265819152697,LAMBAYEQUE,12.78350284147459,4.108983056188259,0.0
3278,4370,32.47747460173394,32984.48713287842,4370.0,439.79316177171194,LAMBAYEQUE,4370.0,141.36208771233595,LAMBAYEQUE,13.54148274041701,4.352619452276895,0.0
3281,25973,35.02659875054814,32029.484750475785,25383.0,427.0335149177123,JUNIN,25383.0,137.2607726521218,JUNIN,12.191692318142353,3.9187582451171847,1.0
3282,27857,16.576817698064367,10749.352187132923,27857.0,148.7543652877,JUNIN,27857.0,46.06865223056966,JUNIN,8.973638245721293,2.7791010958604545,0.0
3283,432,16.1254923980974,9131.224866785826,432.0,119.79273721143258,JUNIN,432.0,39.13382085765353,JUNIN,7.428780111270685,2.4268295126461266,0.0
3284,11409,17.205615055667966,8162.597327367329,,,LORETO,,,LORETO,,,
3285,8653,7.3630740533762955,7960.687919489153,8653.0,106.14250559318872,JUNIN,8653.0,34.1172339406678,JUNIN,14.415515153554333,4.633558442213893,0.0
3286,11020,0.9555993201499078,487.1196490875742,11020.0,8.563632792554515,LAMBAYEQUE,11020.0,2.0876556389467464,LAMBAYEQUE,8.961530855014747,2.1846558436429713,0.0
3288,4370,26.31437475340481,26876.824442854155,4370.0,358.0051836750783,LAMBAYEQUE,4370.0,114.63681562096625,LAMBAYEQUE,13.604928372039549,4.356433192703293,0.0
3290,442,83.6091916086065,75354.89676532944,442.0,1004.6187287954525,JUNIN,442.0,322.9131628271098,JUNIN,12.01564934987411,3.8621730053166785,0.0
3291,25383,83.78149142905687,63280.03621438366,25383.0,796.3176607701288,JUNIN,25383.0,255.94370962631115,JUNIN,9.504696648237895,3.0548956011726647,0.0
3295,519,68.87882376051553,41727.748252645266,519.0,556.369976701937,JUNIN,519.0,178.83320679705116,JUNIN,8.077518551077139,2.5963452485605085,0.0
3296,520,28.705098143946508,27197.399040561595,520.0,362.6319872074879,JUNIN,520.0,116.56028160240685,JUNIN,12.633016803809875,4.060612544081747,0.0
3297,37650,11.41988242603015,10007.122494417672,37650.0,133.42829992556892,JUNIN,37650.0,42.88766783321858,JUNIN,11.683859338291988,3.7555262158795673,0.0
3298,25383,62.93806335715156,57573.76372056365,25383.0,727.0660941373849,JUNIN,25383.0,233.68427749435799,JUNIN,11.552088757665427,3.7129245011604692,0.0
3300,519,16.595249409709062,10322.50320347113,519.0,138.60096243002977,JUNIN,519.0,44.239299443447706,JUNIN,8.351845700429255,2.6657809323170203,0.0
3301,27857,58.71656456501432,63607.985339147766,27857.0,848.9454448444139,JUNIN,27857.0,272.6056514534904,JUNIN,14.45836368550502,4.642738441409423,0.0
3302,340,30.056058101146913,25458.052486640096,340.0,339.44069982186807,JUNIN,340.0,109.10593922845757,JUNIN,11.293586759765923,3.6300814584961887,0.0
3303,340,80.4164033004485,55508.43314765605,432.0,687.9873380567445,JUNIN,432.0,221.138787232525,JUNIN,8.555310979108507,2.7499213861420198,1.0
3306,753,19.136843962123056,11501.892830702014,753.0,157.28147388424833,JUNIN,753.0,49.29382641729434,JUNIN,8.218778090867572,2.575859766367957,0.0
3307,34252,37.12768557567564,32762.11689432477,34252.0,436.8282252576638,JUNIN,34252.0,140.40907240424892,JUNIN,11.765565735771412,3.7817889864979493,0.0
3309,4370,135.89883226930922,101721.39880519752,4370.0,1355.9202593472387,LAMBAYEQUE,4370.0,435.2101633395889,LAMBAYEQUE,9.977423916787059,3.2024569753265997,0.0
3313,442,248.0640864268375,179663.40320541032,442.0,2394.134186745728,JUNIN,442.0,769.9496189988843,JUNIN,9.651272867553278,3.103833489520332,0.0
3314,520,77.96986678395517,58284.2384725357,520.0,775.7360629090253,JUNIN,520.0,248.3587448086336,JUNIN,9.949177738862806,3.185317034038353,0.0
3315,519,63.625151444438934,46311.03103255153,519.0,596.4986544093997,JUNIN,519.0,190.01665467293728,JUNIN,9.375202115319064,2.986502198566404,0.0
3318,10972,11.572553677669942,10362.801659767158,10972.0,137.98545987277006,LAMBAYEQUE,10972.0,44.41200711328782,LAMBAYEQUE,11.923510032104904,3.837701543695055,0.0
3320,8656,90.20729236256156,32850.84933551696,8656.0,478.22362698381477,JUNIN,8656.0,133.35837581033633,JUNIN,5.301385447439617,1.4783547129908492,0.0
3321,4370,91.72953118202557,91587.80047143021,4370.0,1221.1706729524024,LAMBAYEQUE,4370.0,392.5191448775577,LAMBAYEQUE,13.312732085473595,4.279092456045082,0.0
3322,30057,15.39154016157739,15701.829555509194,30057.0,209.35772740678922,LAMBAYEQUE,30057.0,67.29355523789654,LAMBAYEQUE,13.602129819952557,4.372113156413322,0.0
3323,27857,96.1450384262169,78257.39446077993,27857.0,1044.7662801430465,JUNIN,27857.0,332.4283285571207,JUNIN,10.866564694805499,3.4575713317981673,0.0
3324,442,17.733421550887627,14405.332658616271,442.0,191.95787403927744,JUNIN,442.0,61.7007452269106,JUNIN,10.824638296024109,3.4793480237220344,0.0
3326,519,16.986020541216867,18626.588190544557,519.0,248.86741058079437,JUNIN,519.0,79.82823510233382,JUNIN,14.65130752532139,4.699643151180069,0.0
3328,432,108.59837431275827,86169.15831610649,432.0,1146.9651832023742,JUNIN,432.0,369.2963927833134,JUNIN,10.561531795118478,3.400570175385471,0.0
3329,8653,66.06740537562614,45626.636764810944,8653.0,608.3551568641461,JUNIN,8653.0,195.54272899204682,JUNIN,9.20809820523969,2.959745851684184,0.0
3330,519,122.47969406422747,92415.08711979915,519.0,1244.45367928262,JUNIN,519.0,396.0646590848533,JUNIN,10.160489775799386,3.233716920268921,0.0
3332,442,64.09080276125442,64848.4477282033,442.0,865.3787395732162,JUNIN,442.0,277.921918835157,JUNIN,13.502385713545374,4.336377559046154,0.0
3333,365,32.79967143192318,18487.54529160547,365.0,267.26170460469984,JUNIN,365.0,79.22649705083813,JUNIN,8.14830432552992,2.4154661797535195,0.0
3334,8656,23.410243881067295,24954.32983752173,8656.0,332.72439783362296,JUNIN,8656.0,106.94712787509317,JUNIN,14.212769398045833,4.568390163657592,0.0
3335,8656,23.002852450796986,18418.651776580344,8656.0,245.58202368773794,JUNIN,8656.0,78.9370790424872,JUNIN,10.676155238270425,3.4316213265869226,0.0
3338,8653,75.30570905384243,50623.31074262805,8653.0,674.9774765683744,JUNIN,8653.0,216.9570460398344,JUNIN,8.963164746058972,2.8810172398046663,0.0
3339,519,3.412546958846723,1854.0026614088615,519.0,25.926790268708974,JUNIN,519.0,7.945725691752264,JUNIN,7.597489670140973,2.328385744598673,0.0
3343,519,62.283466948675965,36781.230643765586,519.0,490.4164085835414,JUNIN,519.0,157.63384561613825,JUNIN,7.873942036458309,2.5309099402901696,0.0
3344,520,16.174034348742754,15048.836121497472,520.0,181.6865487922564,JUNIN,520.0,60.714205506049126,JUNIN,11.233223874436701,3.7538071328980815,0.0
3345,365,92.11505796875934,52317.879686833076,27857.0,688.8669566116554,JUNIN,27857.0,219.6762708704125,JUNIN,7.478331684329866,2.3848030464781917,1.0
3346,365,59.876909745585614,36198.8055752462,27857.0,473.945968457164,JUNIN,27857.0,150.59452467789737,JUNIN,7.915337823393688,2.515068418155963,1.0
3348,520,68.09761822351264,49502.50250394378,520.0,649.715404274685,JUNIN,520.0,208.8370942311487,JUNIN,9.540941683777604,3.066731255499943,0.0
3350,519,88.02466688288166,51872.82113245118,519.0,691.6376150993487,JUNIN,519.0,222.31209056764789,JUNIN,7.857315904638237,2.5255658264908627,0.0
3351,4370,22.772052027793343,24286.53428991153,4370.0,323.82045719882035,LAMBAYEQUE,4370.0,104.08514695676365,LAMBAYEQUE,14.22008244156463,4.570740784788629,0.0
3353,4370,153.44787958071635,112851.77724768977,4370.0,1518.6567281627404,LAMBAYEQUE,4370.0,483.6504739186707,LAMBAYEQUE,9.896889629966504,3.1518876327271883,0.0
3354,4370,87.10220099468397,96834.43671827755,4370.0,1291.1258229103667,LAMBAYEQUE,4370.0,415.004728792618,LAMBAYEQUE,14.82311363164252,4.7645722387422405,0.0
3355,432,23.72087323353358,26688.4538184959,432.0,353.88912323423347,JUNIN,432.0,114.37908779355382,JUNIN,14.918891043772774,4.821875091506289,0.0
3356,432,31.642236572091484,18849.628953494568,432.0,256.991524496666,JUNIN,432.0,80.78412408640524,JUNIN,8.12178759586587,2.553047219097559,0.0
3359,25383,61.600600349953076,51727.74721187368,25383.0,649.1192073548522,JUNIN,25383.0,208.62992102854383,JUNIN,10.537546771739322,3.3868163596347607,0.0
3360,34252,6.849722582978615,4103.219977113597,365.0,43.64398598501806,JUNIN,365.0,14.028424066612942,JUNIN,6.371642859445469,2.048028061964614,1.0
3361,519,96.8424449664851,77535.22801135601,519.0,1033.8030401514131,JUNIN,519.0,332.29383433438295,JUNIN,10.6751026423299,3.43128299217747,0.0
3362,25383,66.57812733340243,46980.41725484647,25383.0,585.8214745944897,JUNIN,25383.0,188.28422121271308,JUNIN,8.799007993434225,2.828019182183431,0.0
3363,4370,126.07933193347245,124013.24416449337,4370.0,1653.5099221932444,LAMBAYEQUE,4370.0,531.4853321335426,LAMBAYEQUE,13.114837276150404,4.215483410191199,0.0
3364,11129,86.26134562833624,72030.00262710826,30057.0,976.2104630515445,LAMBAYEQUE,30057.0,306.4256448287366,LAMBAYEQUE,11.316893516333765,3.55229381824155,1.0
3366,442,5.206184845257561,3028.956031262352,442.0,40.38608041683136,JUNIN,442.0,12.981240133981508,JUNIN,7.757327412917352,2.49342666843772,0.0
3367,4370,62.271500775827334,48171.37356902329,4370.0,642.2849809203107,LAMBAYEQUE,4370.0,206.44874386724265,LAMBAYEQUE,10.31426853244613,3.315300599714827,0.0
3368,4370,11.053959839905975,10915.680877502782,4370.0,145.54241170003712,LAMBAYEQUE,4370.0,46.781489475011924,LAMBAYEQUE,13.166540661258193,4.232102355404418,0.0
3369,365,25.270756057653376,17390.13948141636,365.0,231.86852641888487,JUNIN,365.0,74.52916920607012,JUNIN,9.175369580945416,2.9492259367324545,0.0
3370,340,47.5497099985732,44607.429125329436,340.0,594.765721671059,JUNIN,340.0,191.1746962514118,JUNIN,12.508293356340257,4.020522864537939,0.0
3371,4370,32.73061382850153,37114.16523565337,4370.0,494.8555364753781,LAMBAYEQUE,4370.0,159.06070815280006,LAMBAYEQUE,15.119042345746116,4.8596921825612505,0.0
3374,519,25.76766313383462,21224.88542701222,519.0,284.12413669792124,JUNIN,519.0,90.96379468719522,JUNIN,11.02638354212446,3.5301530532566545,0.0
3376,11470,6.501517203877828,4229.666625033112,11470.0,58.356374126630115,LAMBAYEQUE,11470.0,18.12714267871334,LAMBAYEQUE,8.975808614614365,2.7881403848168564,0.0
3377,34252,13.575799073195167,9756.783525005318,34252.0,130.09044700007092,JUNIN,34252.0,41.814786535737085,JUNIN,9.582525956569947,3.0800976288974833,0.0
3383,8656,36.60184232343218,25218.146712897946,8656.0,336.2419561719727,JUNIN,8656.0,108.0777716267055,JUNIN,9.186476276269666,2.9527959459438207,0.0
3385,308,31.50617398155594,15752.161108790522,8656.0,205.1748657196792,JUNIN,8656.0,59.53856970705888,JUNIN,6.512211411001247,1.8897429355247457,1.0
3386,442,48.39619074677419,27559.252320135754,442.0,344.4126424024281,JUNIN,442.0,110.5478519232067,JUNIN,7.116523781892579,2.2842263041244664,0.0
3387,20274,107.6024094835139,66639.09843241569,,,LORETO,20274.0,285.5961361389244,LORETO,,2.6541797484812037,
3389,8653,53.33350782584433,39154.74235373807,8653.0,522.0632313831741,JUNIN,8653.0,167.80603865887738,JUNIN,9.78865356255815,3.1463529308222626,0.0
3390,4370,206.35039498181848,149245.63390753095,4370.0,1998.2270171113873,LAMBAYEQUE,4370.0,642.2872555000889,LAMBAYEQUE,9.683659763711384,3.1126049240500886,0.0
3391,8653,48.12790461539906,37257.50423489312,8653.0,496.7667231319083,JUNIN,8653.0,159.67501814954187,JUNIN,10.321802436687888,3.317722211792534,0.0
3392,30057,34.809531089319535,30280.81113947808,30057.0,403.7441485263745,LAMBAYEQUE,30057.0,129.77490488347752,LAMBAYEQUE,11.598666683856987,3.7281428626683173,0.0
3394,365,13.125352304258257,10693.35272293908,34252.0,141.0962143012899,JUNIN,34252.0,45.3523545968432,JUNIN,10.74989920503041,3.4553247444740616,1.0
3396,34252,6.863085986708739,4383.0296793092,34252.0,58.44039572412266,JUNIN,34252.0,18.78441291132514,JUNIN,8.51517755092973,2.7370213556559846,0.0
3397,8653,26.87407246189133,26635.53911420577,8653.0,355.1405215227435,JUNIN,8653.0,114.15231048945326,JUNIN,13.2149871228616,4.247674432348371,0.0
3398,8653,56.95493334064156,40321.83691685283,8653.0,537.6244922247046,JUNIN,8653.0,172.80787250079777,JUNIN,9.439471889278286,3.034115964410875,0.0
3399,365,12.676607079264194,8406.358514169095,365.0,115.46096096311854,JUNIN,365.0,36.027250775010394,JUNIN,9.108191193524032,2.8420263048100702,0.0
3400,1,57.132350760096756,46451.68017545211,,,LORETO,,,LORETO,,,
3402,308,18.736580248854196,15006.796759201776,308.0,200.09062345602365,JUNIN,308.0,64.31484325372192,JUNIN,10.679143194674484,3.4325817411453716,0.0
3404,340,32.55777457861069,18981.49334894618,340.0,252.85430815372098,JUNIN,340.0,81.3492572097694,JUNIN,7.766326520358592,2.4986123364590465,0.0
3405,8656,36.404594167275526,39256.1907833407,8656.0,523.4158771112093,JUNIN,8656.0,168.24081764288874,JUNIN,14.377742399933505,4.6214171999786275,0.0
3406,4370,102.63533596560846,106270.93546511156,4370.0,1428.3320717082559,LAMBAYEQUE,4370.0,455.4468662790493,LAMBAYEQUE,13.91657228254086,4.437524971240535,0.0
3407,519,84.91829091421674,58738.11949793418,519.0,783.1749266391222,JUNIN,519.0,251.73479784828928,JUNIN,9.222688283143551,2.9644355195818557,0.0
3408,8653,84.76756806570658,73786.14400204006,519.0,981.0010003888029,JUNIN,519.0,313.8445194333575,JUNIN,11.572834077632043,3.7024126867729015,1.0
3410,753,68.41577364725978,72724.8517733725,8652.0,878.5718131544443,JUNIN,8652.0,284.9181717731328,JUNIN,12.841655751555376,4.164509974587483,1.0
3411,25383,61.68999444817202,44375.77410575396,25383.0,551.0928992732561,JUNIN,25383.0,177.12146485945942,JUNIN,8.933262260807123,2.8711538466463233,0.0
3412,11129,28.77767926794142,36664.97768577629,10972.0,484.6442635545309,LAMBAYEQUE,30057.0,196.70550703738616,LAMBAYEQUE,16.840978003894453,6.8353498976033755,1.0
3413,34252,12.174419104996,7978.650666134377,34252.0,106.3820088817917,JUNIN,34252.0,34.194217140575915,JUNIN,8.738158918657225,2.808693938139823,0.0
3414,8653,82.49127716976338,55154.33929327143,8653.0,735.3911905769527,JUNIN,8653.0,236.37573982830605,JUNIN,8.91477518360578,2.8654634518732847,0.0
3415,34252,11.901429443527647,8976.791696674747,34252.0,119.6905559556633,JUNIN,34252.0,38.471964414320354,JUNIN,10.056821873674561,3.2325498879668237,0.0
3419,1,58.157571940070646,45881.48225742925,1.0,644.6906082057208,LORETO,,,LORETO,11.085239405628075,,0.0
3420,4370,98.8638979582139,107268.84053228506,4370.0,1430.2512070971336,LAMBAYEQUE,4370.0,459.7236022812213,LAMBAYEQUE,14.466870481898738,4.6500655120388785,0.0
3421,519,60.90164850344087,38880.003593177156,519.0,518.4000479090287,JUNIN,519.0,166.62858682790204,JUNIN,8.512085643785811,2.736027528359725,0.0
3422,753,42.27901977510147,47390.19478501906,8652.0,605.1025076053978,JUNIN,8652.0,197.01007681540892,JUNIN,14.312122438603666,4.659759801986471,1.0
3424,4370,20.904419620947948,18514.078600760015,4370.0,246.8543813434669,LAMBAYEQUE,4370.0,79.34605114611436,LAMBAYEQUE,11.80871728656358,3.795659127824008,0.0
3425,519,55.23771679410691,38941.325062402124,519.0,519.2176674986949,JUNIN,519.0,166.89139312458047,JUNIN,9.39969458611092,3.021330402678509,0.0
3426,25973,20.430756343483512,13181.990033912087,25383.0,179.47322793863196,JUNIN,25383.0,56.48579529542021,JUNIN,8.78446323382814,2.7647432305381403,1.0
3427,34252,40.18762550888633,22749.151997991015,34252.0,304.30114693493636,JUNIN,34252.0,97.49636570567581,JUNIN,7.572011112416905,2.4260295170740385,0.0
3428,365,88.28895810359958,69964.9823127807,8653.0,883.7916553398393,JUNIN,8653.0,284.0758892163768,JUNIN,10.01021729470162,3.21756984472552,1.0
3429,519,57.413008613254085,37843.65197176718,519.0,504.58202629022895,JUNIN,519.0,162.18707987900214,JUNIN,8.788635859325854,2.824918669069024,0.0
3430,519,111.24907669481901,67592.44151451677,519.0,925.8672442338531,JUNIN,519.0,289.68189220507185,JUNIN,8.322471266648918,2.6039037878915057,0.0
3431,8656,32.17961582198027,29292.320969502798,8656.0,390.5642795933706,JUNIN,8656.0,125.53851844072629,JUNIN,12.137008774560815,3.9011813918231204,0.0
3432,442,35.91202357717678,22559.965753407916,442.0,300.79954337877217,JUNIN,442.0,96.68556751460532,JUNIN,8.376012082202456,2.6922895978507886,0.0
3433,34252,42.849929766652664,37698.17703828532,520.0,467.53531131293965,JUNIN,520.0,149.90979031481336,JUNIN,10.910993643606675,3.498483921238034,1.0
3434,4370,142.1308328256369,122049.52076905593,4370.0,1629.3814895130936,LAMBAYEQUE,4370.0,523.0693747245253,LAMBAYEQUE,11.46395512585214,3.6801963678508502,0.0
3435,4370,123.26392797571137,116773.65798039721,4370.0,1556.9821064052953,LAMBAYEQUE,4370.0,500.4585342017017,LAMBAYEQUE,12.631287449415794,4.060056680169359,0.0
3436,340,31.337769967496143,23954.18834110694,340.0,319.38917788142584,JUNIN,340.0,102.66080717617263,JUNIN,10.191828525536424,3.2759448832081373,0.0
3438,8653,28.32189421970714,24278.66935682991,8653.0,323.71559142439884,JUNIN,8653.0,104.05144010069961,JUNIN,11.42987078876768,3.6738870392467535,0.0
3439,432,31.642236572091484,18849.628953494568,432.0,256.991524496666,JUNIN,432.0,80.78412408640524,JUNIN,8.12178759586587,2.553047219097559,0.0
3440,34252,52.76155992032299,39073.21445448154,34252.0,520.9761927264208,JUNIN,34252.0,167.4566333763494,JUNIN,9.874162051182044,3.1738378021656546,0.0
3441,340,54.156064662270964,35076.05917492654,340.0,467.6807889990205,JUNIN,340.0,150.32596789254228,JUNIN,8.635797152462608,2.775791941862981,0.0
3442,519,91.62169711004776,62757.50748108047,519.0,846.6826845995242,JUNIN,519.0,268.96074634748766,JUNIN,9.24107183457391,2.935557349744746,0.0
3443,30057,17.227184769497654,18010.95187324041,30057.0,240.14602497653883,LAMBAYEQUE,30057.0,77.1897937424589,LAMBAYEQUE,13.93994597432657,4.480696920319255,0.0
3444,27857,76.202555393776,66626.61080905024,27857.0,899.3916591549213,JUNIN,27857.0,285.5426177530725,JUNIN,11.80264434056474,3.7471527861176526,0.0
3448,432,119.01123727623518,92243.3283781346,432.0,1227.95411736275,JUNIN,432.0,395.32855019200537,JUNIN,10.317967827799018,3.321774978898961,0.0
3449,8653,39.16465013878331,41900.43049015161,8653.0,558.5695561067256,JUNIN,8653.0,179.57327352922115,JUNIN,14.262084663781913,4.585085603800565,0.0
3452,442,148.77891712631748,107288.23047107724,442.0,1431.4290050262707,JUNIN,442.0,459.77030728031457,JUNIN,9.621181768724309,3.090292066650523,0.0
3454,442,34.71973429488925,22335.108233289506,442.0,296.5928401658148,JUNIN,442.0,94.88747117978272,JUNIN,8.542485885598303,2.732954992508401,0.0
3455,519,24.815255432242978,16866.47474837027,519.0,224.8863299782703,JUNIN,519.0,72.28489177872974,JUNIN,9.062422532474553,2.912921528295392,0.0
3456,519,73.05159280254078,42799.27610697249,519.0,570.6570147596328,JUNIN,519.0,183.42546902988204,JUNIN,7.81169845676226,2.51090307538787,0.0
3457,8652,9.175760318753765,6740.553026141298,8652.0,82.05630897267605,JUNIN,8652.0,28.888084397748415,JUNIN,8.942725847466424,3.148304161640519,0.0
3458,442,68.94527926016228,35903.302484812935,442.0,471.25335084241374,JUNIN,442.0,151.4742913422044,JUNIN,6.8351793755763595,2.1970219421495436,0.0
3459,520,35.50039423184269,30595.047084509682,520.0,407.93396112679574,JUNIN,520.0,131.12163036218436,JUNIN,11.49096988790317,3.693526035397448,0.0
3460,340,66.0828142312403,49568.12455316303,340.0,660.908327375507,JUNIN,340.0,212.43481951355585,JUNIN,10.001213402668103,3.2146757365718908,0.0
3461,4370,84.04366987904665,95405.84024732611,4370.0,1272.0778699643483,LAMBAYEQUE,4370.0,408.8821724885405,LAMBAYEQUE,15.13591531396818,4.865115636632629,0.0
3462,519,105.91313062423214,86817.6758775803,519.0,1175.6636726529239,JUNIN,519.0,372.0757537610584,JUNIN,11.100263637981264,3.513027625263399,0.0
3465,519,103.8162159913614,73491.56009990785,519.0,1005.4968901363873,JUNIN,519.0,314.963828999605,JUNIN,9.685354841097803,3.033859652771522,0.0
3466,4317,7.384075432650772,4502.97489367007,4317.0,59.565979894947816,LAMBAYEQUE,4317.0,19.298463830014573,LAMBAYEQUE,8.066816277574851,2.6135247406440314,0.0
3468,27857,65.24475784887981,66872.08198108051,27857.0,830.4590234431206,JUNIN,27857.0,263.4771608497992,JUNIN,12.728363945600554,4.0382885849628885,0.0
3469,753,3.5155914470387644,2790.5027075156722,753.0,37.20670276687564,JUNIN,753.0,11.95929731792431,JUNIN,10.583340905046121,3.4017881480505383,0.0
3470,34252,34.98081858412755,21659.515181932184,34252.0,288.7935357590958,JUNIN,34252.0,92.82649363685222,JUNIN,8.255768373874906,2.6536398344597916,0.0
3473,340,50.837463792752004,31721.846356616054,340.0,422.95795142154753,JUNIN,340.0,135.9507700997831,JUNIN,8.319808264743715,2.674224085096194,0.0
3477,8653,55.16376647416768,39322.68618647793,8653.0,524.3024824863725,JUNIN,8653.0,168.5257979420482,JUNIN,9.504472156227676,3.055008907358894,0.0
3479,27857,139.19713334724125,136824.21139870473,432.0,1401.678996115195,JUNIN,432.0,451.1686897910056,JUNIN,10.069740391984697,3.2412211296443867,1.0
3480,519,36.53271932862835,32659.771734251244,519.0,435.46362312335,JUNIN,519.0,139.9704502896482,JUNIN,11.919825053431076,3.8313723386028458,0.0
3481,442,64.71339284201532,65126.70540198705,442.0,869.0888418903329,JUNIN,442.0,279.1144517228016,JUNIN,13.42981419645293,4.31308635608402,0.0
3482,4370,46.70876407340673,35518.77917873894,4370.0,487.61539953411295,LAMBAYEQUE,4370.0,151.3127144227795,LAMBAYEQUE,10.439484092702271,3.239493003603754,0.0
3483,753,86.07829245960548,84053.18001886073,8652.0,899.7156643139584,JUNIN,8652.0,291.7144096458338,JUNIN,10.452294517066237,3.3889428020743853,1.0
3485,11020,6.95371495318888,3856.1277672721553,11020.0,51.51385606278792,LAMBAYEQUE,11020.0,16.52626185973781,LAMBAYEQUE,7.4081057980618485,2.3766090458106985,0.0
3486,442,65.61216692897673,65576.09244546776,442.0,875.0806691367424,JUNIN,442.0,281.0403961948618,JUNIN,13.337170681833932,4.283357940289944,0.0
3487,10972,15.523575922528282,10196.509607127746,11020.0,130.13612891282708,LAMBAYEQUE,11020.0,41.89138264503757,LAMBAYEQUE,8.383128318003688,2.698565256748835,1.0
3488,25383,96.705710188026,60436.25039174686,753.0,790.6295059614597,JUNIN,753.0,251.75340166831427,JUNIN,8.17562380157521,2.6032940679389798,1.0
3489,519,115.74015588319884,78259.05372543886,519.0,1088.2730516552888,JUNIN,519.0,335.3959445375951,JUNIN,9.402726679870193,2.8978356040583324,0.0
3491,4370,27.120707383408142,25232.189324778406,4370.0,334.5947466992361,LAMBAYEQUE,4370.0,108.13795424905035,LAMBAYEQUE,12.33724260835224,3.987283691398359,0.0
3492,519,122.2388080904141,87021.31825429571,519.0,1160.2842433906085,JUNIN,519.0,372.94850680412424,JUNIN,9.491946637211996,3.050982847675285,0.0
3493,4370,25.380598464923004,20498.78804815584,4370.0,273.31717397541115,LAMBAYEQUE,4370.0,87.85194877781075,LAMBAYEQUE,10.768744257671715,3.461382082823052,0.0
3495,519,122.42459162966665,82103.1802169966,519.0,1093.1789532508342,JUNIN,519.0,351.37894925919665,JUNIN,8.929406573457817,2.8701663986114405,0.0
3497,1,4.6411097917460395,3463.202948068693,1.0,46.17603930758258,LORETO,1.0,14.842298348865825,LORETO,9.949352930565043,3.1980062991101916,0.0
3499,365,47.660612611194125,44832.46533991379,365.0,597.759386934688,JUNIN,365.0,192.13913717105916,JUNIN,12.541999655167908,4.031403010668208,0.0
3500,520,80.60213459356271,59936.337862504566,520.0,762.6191339923333,JUNIN,520.0,244.180010803647,JUNIN,9.461525278925304,3.0294484387408325,0.0
3502,442,104.90217724408423,94628.12079026505,442.0,1261.5950491279275,JUNIN,442.0,405.51269436254825,JUNIN,12.026395278645877,3.8656270538504613,0.0
3503,432,2.7766398436652495,2489.309189820132,432.0,33.19078919760176,JUNIN,432.0,10.668467956371993,JUNIN,11.95358097065585,3.8422224548536654,0.0
3505,8653,48.11680212868452,34232.13413576918,8653.0,461.11043032689685,JUNIN,8653.0,146.7091462961536,JUNIN,9.583147880312039,3.0490211278752852,0.0
3506,519,92.97203172303527,62751.511114147106,519.0,862.2962369929107,JUNIN,519.0,268.935047632059,JUNIN,9.274791795038974,2.8926446227745086,0.0
3508,8653,72.53105661744499,74235.19160066661,8653.0,968.5750811713876,JUNIN,8653.0,306.86876645095475,JUNIN,13.35393590472565,4.230860279197248,0.0
3510,4370,20.766776072262083,15461.606190357681,4370.0,206.1547492047691,LAMBAYEQUE,4370.0,66.26402653010433,LAMBAYEQUE,9.927142686347322,3.1908672920402097,0.0
3511,519,25.76766313383462,21224.88542701222,519.0,284.12413669792124,JUNIN,519.0,90.96379468719522,JUNIN,11.02638354212446,3.5301530532566545,0.0
3513,365,13.737992939945212,14083.140441898153,365.0,187.77520589197533,JUNIN,365.0,60.35631617956349,JUNIN,13.668314339134039,4.393386751864512,0.0
3514,27857,33.77579175522943,28639.27003272534,27857.0,391.6031829222612,JUNIN,27857.0,122.73972871168004,JUNIN,11.594196984638568,3.633955633110408,0.0
3515,4370,168.03966865208517,141999.78167563363,4370.0,1893.3304223417822,LAMBAYEQUE,4370.0,608.5704928955729,LAMBAYEQUE,11.267163506860964,3.621588270062453,0.0
3517,4370,108.38263273431207,117206.47399912827,4370.0,1562.752986655043,LAMBAYEQUE,4370.0,502.31345999626365,LAMBAYEQUE,14.418850578080693,4.634630542954507,0.0
3518,25383,54.90574004622063,49778.953416200806,25383.0,623.1352900792139,JUNIN,25383.0,200.27794761851732,JUNIN,11.349182973485968,3.6476686672453513,0.0
3519,27857,76.60316653249772,66860.30063997123,27857.0,902.2229759989174,JUNIN,27857.0,286.54414559987674,JUNIN,11.777880952429859,3.7406305583766537,0.0
3520,365,20.890579051469533,15074.628769253952,365.0,200.99505025671942,JUNIN,365.0,64.60555186823125,JUNIN,9.621324988719284,3.092568746374056,0.0
3522,519,45.286969184655675,34848.334198258075,519.0,464.6444559767744,JUNIN,519.0,149.35000370682033,JUNIN,10.260003359514004,3.2978582227009294,0.0
3523,519,48.9894708091268,36039.282616955235,519.0,480.5237682260698,JUNIN,519.0,154.45406835837957,JUNIN,9.808715225732703,3.15280132255694,0.0
3524,519,98.77809703094111,64904.42745734847,,,JUNIN,,,JUNIN,,,
3525,25383,57.26060350130328,42142.18941745083,25383.0,521.3117700958813,JUNIN,25383.0,167.548959052446,JUNIN,9.104196222521756,2.9260774216016165,0.0
3526,520,30.9878073343301,29315.41282522415,520.0,371.3711118655026,JUNIN,520.0,119.25634089356595,JUNIN,11.98442690245063,3.8484923959575164,0.0
3527,4370,34.503793856431464,38099.817438314996,4370.0,507.9975658441997,LAMBAYEQUE,4370.0,163.28493187849273,LAMBAYEQUE,14.722948089649266,4.7323761716729775,0.0
3528,34252,36.16815599766735,25334.75798497041,34252.0,343.35123279548924,JUNIN,34252.0,108.57753422130173,JUNIN,9.493191547217213,3.0020201811865777,0.0
3531,432,6.732891677509443,6120.415491130735,432.0,79.64861220269808,JUNIN,432.0,26.230352104846006,JUNIN,11.829777756377155,3.8958523857536425,0.0
3532,4370,148.28777279770526,116500.62815668293,4370.0,1567.3080736159814,LAMBAYEQUE,4370.0,499.288406385784,LAMBAYEQUE,10.56936822265251,3.3670234366990943,0.0
3533,432,125.22145394278101,95709.48114793193,432.0,1274.8006417202444,JUNIN,432.0,410.183490633994,JUNIN,10.180369270450692,3.275664654248658,0.0
3534,25383,48.8362991533767,44109.79927339231,25383.0,547.5465681751007,JUNIN,25383.0,175.98157272076656,JUNIN,11.211876773370152,3.6034993595250477,0.0
3535,442,22.489846397313087,16487.54549562384,442.0,218.8873662534689,JUNIN,442.0,70.34131466340963,JUNIN,9.732719485341612,3.1276920891648894,0.0
3536,1,51.78425336619061,46995.66397533438,1.0,626.6088530044585,LORETO,1.0,201.40998846571867,LORETO,12.100374385499295,3.8894060524819136,0.0
3537,25383,8.212963673942378,8716.511676413087,25383.0,116.22015568550779,JUNIN,25383.0,37.35647861319895,JUNIN,14.15081818202173,4.548477272792701,0.0
3538,432,28.099691965237966,22633.656796831885,432.0,301.7820906244253,JUNIN,432.0,97.00138627213667,JUNIN,10.739693908308992,3.452044470527889,0.0
3539,10972,16.93030109141266,12487.703035779568,11020.0,159.24039330646409,LAMBAYEQUE,11020.0,51.24632477156376,LAMBAYEQUE,9.40564449779535,3.026899787243405,1.0
3543,8730,0.4835002331695144,272.247953770387,,,LAMBAYEQUE,8730.0,1.16677694473023,LAMBAYEQUE,,2.413187967007991,
3546,432,14.105385840742514,11108.907719970059,432.0,148.1187695996008,JUNIN,432.0,47.60960451415738,JUNIN,10.50086621322822,3.375278425680498,0.0
3547,519,164.46764503835192,104275.26852825283,519.0,1388.8067974009173,JUNIN,519.0,446.40218487886625,JUNIN,8.444255385775506,2.714224945427841,0.0
3548,432,2.3355102569673196,2079.754472441761,432.0,27.73005963255681,JUNIN,432.0,8.91323345332183,JUNIN,11.873233932427484,3.8163966211374043,0.0
3549,520,15.036410573166231,17215.636966524737,520.0,229.54182622032988,JUNIN,520.0,73.78130128510604,JUNIN,15.265732809262806,4.906842688691617,0.0
3550,340,81.02925928951406,55184.038843657676,340.0,735.7871845821029,JUNIN,340.0,236.50302361567586,JUNIN,9.080512286964971,2.9187360922387398,0.0
3552,4370,68.05587460367073,74928.58412248209,4370.0,999.0477882997603,LAMBAYEQUE,4370.0,321.1225033820658,LAMBAYEQUE,14.679817049120322,4.718512622931532,0.0
3553,8653,42.17555648616002,36325.1042975796,8653.0,484.23187353909873,JUNIN,8653.0,155.67901841819827,JUNIN,11.481339284711044,3.691214328595394,0.0
3554,365,27.68183806073379,26684.82029079239,365.0,353.7911004545394,JUNIN,365.0,114.36351553196735,JUNIN,12.780621708656911,4.131355558148071,0.0
3555,20274,110.52900938830018,67858.51505940997,20274.0,905.3700092380049,LORETO,20274.0,290.82220739747135,LORETO,8.191243314751366,2.631184419429491,0.0
3556,27857,56.00595082615273,33892.29358061334,27857.0,497.1693668965376,JUNIN,27857.0,145.25268677405717,JUNIN,8.877081088039983,2.593522378093963,0.0
3557,25383,83.78149142905687,63280.03621438366,25383.0,661.4776016937072,JUNIN,25383.0,212.602262066033,JUNIN,7.89527126350839,2.5375802989381837,0.0
3558,8858,0.8667865998834496,681.3590973917707,753.0,3.9429897979282087,JUNIN,753.0,1.2673895779054958,JUNIN,4.548974105573844,1.4621702482201644,1.0
3559,8653,90.5863163813719,72245.72660620318,519.0,955.8662729592877,JUNIN,519.0,307.24273059405664,JUNIN,10.551994066466436,3.3917123785070675,1.0
3560,4370,15.493161069267089,18007.117626999567,4370.0,240.09490169332742,LAMBAYEQUE,4370.0,77.17336125856951,LAMBAYEQUE,15.49683119022045,4.9811243111422865,0.0
3561,8653,34.82639453296512,34470.44154667913,8653.0,459.6058872890553,JUNIN,8653.0,147.730463771482,JUNIN,13.197056240031186,4.241910934295737,0.0
3562,365,36.42835634138731,38537.377675815995,365.0,513.8317023442133,JUNIN,365.0,165.16019003921141,JUNIN,14.105267268411842,4.533835907703806,0.0
3563,10972,8.065125566247524,5609.070194993417,10972.0,74.60237367578682,LAMBAYEQUE,10972.0,24.0388722642575,LAMBAYEQUE,9.249995311665955,2.980594916570172,0.0
3564,8653,57.81847419268127,40871.26568894419,8653.0,544.9502091859227,JUNIN,8653.0,175.16256723833217,JUNIN,9.425191805820832,3.029525937585265,0.0
3567,442,67.94796578693224,46484.580958196246,442.0,612.3370638208579,JUNIN,442.0,196.82262765670436,JUNIN,9.011852771884197,2.8966669623913495,0.0
3568,520,4.655373979118406,3522.490646899771,520.0,46.966541958663626,JUNIN,520.0,15.096388486713305,JUNIN,10.088672181726148,3.242787486983404,0.0
3569,308,26.526086418394094,30670.65075940073,308.0,408.94201012534324,JUNIN,308.0,131.44564611171748,JUNIN,15.416597973599638,4.955335062942741,0.0
3570,27857,31.069027662612108,20705.716065150802,27857.0,275.12998664133374,JUNIN,27857.0,88.73878313636057,JUNIN,8.855442456360489,2.8561815355151,0.0
3572,442,12.969436785644202,7861.846461029668,442.0,104.7113914047894,JUNIN,442.0,33.65723295153945,JUNIN,8.073703826575866,2.5951190871136713,0.0
3573,11020,5.9028056542524,3518.322706634195,11020.0,46.718352327832804,LAMBAYEQUE,11020.0,15.078525885575122,LAMBAYEQUE,7.914601134492164,2.554467615702798,0.0
3575,162,21.35839672136632,10423.407071160238,162.0,138.97876094880323,LORETO,162.0,44.67174459068672,LORETO,6.5069847124701505,2.091530800436833,0.0
3576,25383,64.99973070609391,59463.62545709413,25383.0,752.264250624458,JUNIN,25383.0,241.7836849366315,JUNIN,11.573344111623081,3.719764409946449,0.0
3577,520,5.504006553659658,5661.552358902863,520.0,75.48736478537153,JUNIN,520.0,24.263795823869412,JUNIN,13.714984538886382,4.408387887499193,0.0
3578,520,23.305652101143973,15595.320099057779,520.0,176.20966263432047,JUNIN,520.0,54.658992775876534,JUNIN,7.560812367299995,2.34531059412809,0.0
3579,8653,13.925021167987214,15874.303893775772,8653.0,211.6573852503436,JUNIN,8653.0,68.03273097332475,JUNIN,15.199789120387923,4.8856465029818335,0.0
3580,753,35.958651782080885,18934.645057880636,753.0,259.8813726782355,JUNIN,753.0,81.14847881948845,JUNIN,7.2272279353849695,2.256716389459485,0.0
3581,11129,82.27130209944511,70498.70992244229,30057.0,951.1148744753793,LAMBAYEQUE,30057.0,299.86296180873956,LAMBAYEQUE,11.560712547441184,3.644806319538755,1.0
3584,27857,46.24522216016112,30446.23382316829,27857.0,412.356863226511,JUNIN,27857.0,130.4838592421498,JUNIN,8.916745210962445,2.821564112942196,0.0
3586,4370,37.04893967119794,37758.490172167636,4370.0,503.44653562890136,LAMBAYEQUE,4370.0,161.8221007378611,LAMBAYEQUE,13.588689449600729,4.367793037371661,0.0
3587,4370,30.448384925347963,31856.42558872664,4370.0,424.7523411830216,LAMBAYEQUE,4370.0,136.52753823739977,LAMBAYEQUE,13.949913672741955,4.483900823381342,0.0
3588,432,47.920426404891785,31067.835400575113,432.0,414.2378053410015,JUNIN,432.0,133.14786600246475,JUNIN,8.64428462804153,2.7785200590133488,0.0
3591,34252,11.901429443527647,8976.791696674747,34252.0,119.6905559556633,JUNIN,34252.0,38.471964414320354,JUNIN,10.056821873674561,3.2325498879668237,0.0
3593,442,65.50325175216327,34182.28873081343,442.0,448.30650078908707,JUNIN,442.0,144.09851811077797,JUNIN,6.844034285279305,2.1998681631254904,0.0
3594,442,77.54884378965313,67818.5414294718,442.0,904.1339909840176,JUNIN,442.0,290.61449710200566,JUNIN,11.65889711310758,3.747502643498865,0.0
3595,34252,19.366197678868,20500.437904783284,34252.0,272.14349660269215,JUNIN,34252.0,87.47469533657963,JUNIN,14.0525001921079,4.516875061748968,0.0
3597,1,77.49645245982259,70565.17981116369,1.0,940.869064148849,LORETO,1.0,302.4221991907014,LORETO,12.140801730719673,3.9024005563027515,0.0
3598,8653,117.31275956427889,88508.59990638142,519.0,1172.7045836283307,JUNIN,519.0,376.94075902339205,JUNIN,9.996394151701576,3.2131266916183643,1.0
3599,520,43.494950258884295,40088.19125489214,520.0,534.5092167318953,JUNIN,520.0,171.80653394953785,JUNIN,12.288994781014061,3.9500340367545217,0.0
3600,519,25.205215771963587,23406.45092861696,519.0,319.7386041700832,JUNIN,519.0,100.3133611226441,JUNIN,12.685414283409417,3.9798652005282666,0.0
3601,8475,13.438396018853139,5408.571156883252,8475.0,64.91229504087202,JUNIN,8475.0,18.227855455971742,JUNIN,4.830360330935669,1.3564011233483018,0.0
3603,519,46.75283417203408,27641.354118897187,519.0,368.55138825196275,JUNIN,519.0,118.46294622384514,JUNIN,7.882974257685054,2.5338131542559093,0.0
3604,4370,111.50959670360207,114270.43255249431,4370.0,1523.6057673665905,LAMBAYEQUE,4370.0,489.7304252249754,LAMBAYEQUE,13.66344971560079,4.391823122871681,0.0
3605,442,56.99887157331541,45789.71240007307,442.0,594.3558526235596,JUNIN,442.0,190.8074194584817,JUNIN,10.427502092897804,3.34756485859643,0.0
3606,27857,14.94152519623074,8676.701347437394,27857.0,121.11902075842634,JUNIN,27857.0,37.18586291758882,JUNIN,8.1062019551378,2.4887595094354626,0.0
3608,20274,110.52900938830018,67858.51505940997,20274.0,905.3700092380049,LORETO,20274.0,290.82220739747135,LORETO,8.191243314751366,2.631184419429491,0.0
3609,12854,2.39893320555472,1205.6585033600566,,,LORETO,,,LORETO,,,
3610,8653,36.04681994596654,41681.399175408485,8653.0,555.6491385768172,JUNIN,8653.0,178.63456789460776,JUNIN,15.414650707322425,4.955626270566374,0.0
3613,8653,90.5863163813719,72245.72660620318,519.0,955.8662729592877,JUNIN,519.0,307.24273059405664,JUNIN,10.551994066466436,3.3917123785070675,1.0
3614,4370,12.890014371046288,14314.829377979704,4370.0,190.86439170639608,LAMBAYEQUE,4370.0,61.34926876277016,LAMBAYEQUE,14.807151195666474,4.759441455749937,0.0
3615,365,29.016811746370585,19801.42694397482,365.0,264.01902591966416,JUNIN,365.0,84.86325833132061,JUNIN,9.098829610482191,2.9246238033692755,0.0
3616,4370,31.929294780849226,33165.21110097839,4370.0,442.2028146797116,LAMBAYEQUE,4370.0,142.13661900419297,LAMBAYEQUE,13.849438821459316,4.451605335469065,0.0
3618,27857,89.34798052079849,91456.77935644893,27857.0,1232.063815290188,JUNIN,27857.0,391.9576258133524,JUNIN,13.789498185729975,4.386866088395946,0.0
3619,753,121.92010644541632,84754.46673295522,753.0,1132.3775171419418,JUNIN,753.0,361.4334461207233,JUNIN,9.287865227126485,2.9645105853195526,0.0
3621,4370,143.94987034879045,109902.96646813759,4370.0,1465.3728862418347,LAMBAYEQUE,4370.0,471.01271343487537,LAMBAYEQUE,10.179744397763173,3.2720606992810195,0.0
3622,308,4.208329857714087,4633.268105274074,308.0,61.77690807032098,JUNIN,308.0,19.85686330831746,JUNIN,14.679673447432048,4.718466465246016,0.0
3623,27857,15.611567772090464,13022.197766673566,27857.0,173.62930355564754,JUNIN,27857.0,55.80941900002957,JUNIN,11.121836454251113,3.5748760031521436,0.0
3624,8652,13.711923719942845,9990.639546076207,8652.0,127.42284036455123,JUNIN,8652.0,42.81702662604088,JUNIN,9.292849272434719,3.12261266183731,0.0
3626,25383,26.96996392510876,22621.634838036614,25383.0,301.62179784048834,JUNIN,25383.0,96.94986359158554,JUNIN,11.18361888351217,3.5947346411289116,0.0
3628,8653,42.17555648616002,36325.1042975796,8653.0,484.23187353909873,JUNIN,8653.0,155.67901841819827,JUNIN,11.481339284711044,3.691214328595394,0.0
3630,519,17.846560723441044,6891.724822495707,519.0,107.70017272115265,JUNIN,519.0,29.535963524981604,JUNIN,6.0347858834050285,1.6549947064134771,0.0
3631,4370,25.3953774177671,26944.87110979933,4370.0,359.2649481306576,LAMBAYEQUE,4370.0,115.47801904199704,LAMBAYEQUE,14.146863904424938,4.547206254993728,0.0
3632,8653,39.015294724206676,41812.1661290989,8653.0,557.3926979593559,JUNIN,8653.0,179.19499769613807,JUNIN,14.28651768234694,4.5929423053917935,0.0
3633,25383,56.99765725480623,48978.549349271605,25383.0,612.463235853491,JUNIN,25383.0,196.84764447453495,JUNIN,10.745410694960556,3.453609393005993,0.0
3635,27857,126.48916279702372,122995.4633311062,432.0,1499.8706061897615,JUNIN,432.0,482.7302787435448,JUNIN,11.857700478234593,3.8163765817485777,1.0
3638,4370,198.58630549763663,151948.91535597318,4370.0,2017.5087819925384,LAMBAYEQUE,4370.0,648.4849656404589,LAMBAYEQUE,10.15935503174235,3.265506974488613,0.0
3639,37650,19.32715657839938,8214.8939146282,37650.0,118.26599392465795,JUNIN,37650.0,35.20668820554941,JUNIN,6.119161576868252,1.8216175805652386,0.0
3640,8653,36.42406208970183,18923.561879940982,8653.0,264.84935210181266,JUNIN,8653.0,81.1009794854614,JUNIN,7.27127445175022,2.226577016196968,0.0
3641,519,46.44410915514007,34602.8340045365,519.0,461.37112006048665,JUNIN,519.0,148.2978600194421,JUNIN,9.933899658174964,3.1930391758419523,0.0
3642,442,233.85573211781877,163111.02188123058,442.0,2173.4357690899983,JUNIN,442.0,699.0108418952568,JUNIN,9.293917020580023,2.989068668811113,0.0
3643,11737,1.997676453671886,933.2990921831313,11737.0,11.79083354742843,LORETO,11737.0,3.7899107831019956,LORETO,5.902273877111558,1.8971594605001436,0.0
3644,27857,13.51371089668614,11160.565425191306,27857.0,148.8075390025507,JUNIN,27857.0,47.83099467939131,JUNIN,11.011597046895652,3.5394419079307466,0.0
3645,8656,50.46005856414738,40176.44358896032,8656.0,535.6859145194709,JUNIN,8656.0,172.18475823840137,JUNIN,10.616038303611555,3.4122980261608573,0.0
3648,8475,162.98133180054788,129217.71877200154,8475.0,1708.981662082372,JUNIN,8475.0,549.3155342407625,JUNIN,10.48575099492853,3.3704199626556,0.0
3649,753,43.56379571832146,44040.05408689326,8652.0,560.3781919918852,JUNIN,8652.0,182.65233096629836,JUNIN,12.863392244680117,4.192755198543936,1.0
3650,8653,22.867613062552564,25893.725711037925,8653.0,345.14682571854314,JUNIN,8653.0,110.97311019016254,JUNIN,15.093259833215694,4.852850618322266,0.0
3651,365,25.270756057653376,17390.13948141636,365.0,231.86852641888487,JUNIN,365.0,74.52916920607012,JUNIN,9.175369580945416,2.9492259367324545,0.0
3655,520,59.6310654927146,46029.99076362705,520.0,584.7369338478338,JUNIN,520.0,187.95115730823233,JUNIN,9.805911214504022,3.151900033233436,0.0
3657,11470,11.71104965341641,10375.973242388347,11020.0,121.99638299306625,LAMBAYEQUE,11020.0,39.14646825581326,LAMBAYEQUE,10.417203120428818,3.342695096881708,1.0
3658,519,53.99775288982297,35623.85648578193,519.0,475.5953335800109,JUNIN,519.0,152.67367065335122,JUNIN,8.807687507856405,2.8274078546354815,0.0
3660,520,0.5818160648850966,432.35500960101524,520.0,5.764733461346869,JUNIN,520.0,1.852950041147208,JUNIN,9.90817168736197,3.184769470937776,0.0
3661,308,54.09884012357053,37042.117116361245,308.0,490.3422766374311,JUNIN,308.0,157.61001749060284,JUNIN,9.063822357695836,2.913371472116518,0.0
3662,27857,51.99574066163288,47320.61555273203,27857.0,630.8396950026785,JUNIN,27857.0,202.80263808313725,JUNIN,12.132526375726167,3.9003702130698414,0.0
3663,8653,55.16376647416768,39322.68618647793,8653.0,524.3024824863725,JUNIN,8653.0,168.5257979420482,JUNIN,9.504472156227676,3.055008907358894,0.0
3664,340,37.99180055181554,30084.607801728944,340.0,401.1281040230528,JUNIN,340.0,128.9340334359812,JUNIN,10.558280950016302,3.3937331625052383,0.0
3665,4370,52.044466356017104,41779.917097121084,4370.0,558.864132409062,LAMBAYEQUE,4370.0,179.05678755909037,LAMBAYEQUE,10.738204684165218,3.440457748845546,0.0
3666,308,20.486360299701033,14393.266056643342,308.0,191.9102140885779,JUNIN,308.0,61.6854259570429,JUNIN,9.367706673175055,3.011048573520554,0.0
3667,27857,177.39707637787942,160567.02764778162,432.0,1722.1584665512955,JUNIN,432.0,554.1799481454665,JUNIN,9.707930376952033,3.1239519808375498,1.0
3669,30057,16.237891539549032,14305.660960228115,30057.0,190.74214613637497,LAMBAYEQUE,30057.0,61.30997554383478,LAMBAYEQUE,11.746731136354933,3.775735008114084,0.0
3670,519,16.86947834637691,12426.187656825654,519.0,168.66885403344466,JUNIN,519.0,53.25508995782423,JUNIN,9.998462938225355,3.156890145880648,0.0
3671,442,66.56243772028687,38344.28506437394,442.0,488.21307899227037,JUNIN,442.0,156.7694208270846,JUNIN,7.334663448533422,2.3552235494419773,0.0
3673,8475,0.9035765251710743,579.0036382738261,8475.0,7.720048510317682,JUNIN,8475.0,2.481444164030684,JUNIN,8.543879013297786,2.7462468257028605,0.0
3674,4370,27.120707383408142,25232.189324778406,4370.0,334.5947466992361,LAMBAYEQUE,4370.0,108.13795424905035,LAMBAYEQUE,12.33724260835224,3.987283691398359,0.0
3675,10972,12.560313300946106,10563.742163030232,10972.0,140.66466658294434,LAMBAYEQUE,10972.0,45.27318069870099,LAMBAYEQUE,11.199136774108077,3.604462692446596,0.0
3676,4370,140.7355310152948,115441.7580399649,4370.0,1539.2234405328645,LAMBAYEQUE,4370.0,494.7503915998489,LAMBAYEQUE,10.93699245264215,3.515461859777831,0.0
3677,34252,22.627353680264253,18808.888913683306,34252.0,250.78518551577736,JUNIN,34252.0,80.60952391578563,JUNIN,11.083275095245188,3.562481280614527,0.0
3678,4370,116.75068974481705,90572.20354135851,4370.0,1207.629380551447,LAMBAYEQUE,4370.0,388.1665866058222,LAMBAYEQUE,10.343659495211313,3.3247476948893504,0.0
3679,432,2.104759336042309,1445.509997659486,432.0,19.273466635459812,JUNIN,432.0,6.195042847112083,JUNIN,9.157088083857005,2.943349741239752,0.0
3681,753,20.394193481050156,14049.586103326625,8652.0,167.45217615630236,JUNIN,8652.0,56.30451324025919,JUNIN,8.210777068085351,2.7608109775253493,1.0
3683,25383,57.875963699558895,48684.771368313945,25383.0,608.5461961073894,JUNIN,25383.0,195.58859598471648,JUNIN,10.514661997965616,3.3794443061033155,0.0
3684,753,26.539397915868992,20227.005481636126,8652.0,235.59570876776186,JUNIN,8652.0,78.24003433188314,JUNIN,8.877206239365723,2.94807118759466,1.0
3686,8475,70.7969268360494,63261.16664998086,8475.0,829.5609671220953,JUNIN,8475.0,266.6445965749592,JUNIN,11.717471424193057,3.766330100633483,0.0
3687,4370,135.89883226930922,101721.39880519752,4370.0,1353.9871748342766,LAMBAYEQUE,4370.0,435.2101633395889,LAMBAYEQUE,9.963199478793866,3.2024569753265997,0.0
3688,4370,206.35039498181848,149245.63390753095,4370.0,1998.2270171113873,LAMBAYEQUE,4370.0,642.2872555000889,LAMBAYEQUE,9.683659763711384,3.1126049240500886,0.0
3689,519,50.389790309669166,42138.527155684234,519.0,561.8470287424565,JUNIN,519.0,180.59368781007527,JUNIN,11.150017201691849,3.583934100543808,0.0
3690,11129,13.856070344257548,13020.325273925595,10972.0,169.52503248576681,LAMBAYEQUE,10972.0,54.49095372173452,LAMBAYEQUE,12.234712171191024,3.932641244443272,1.0
3691,11409,1.8156573586068543,1122.6518718398152,11409.0,14.96869162453087,LORETO,11409.0,4.81136516502778,LORETO,8.244227113433054,2.649930143603482,0.0
3693,8653,109.42067785096614,83976.54274662644,519.0,1113.9513042037875,JUNIN,519.0,357.51765691015635,JUNIN,10.180446018813909,3.267368324998908,1.0
3694,30057,7.868818719928758,2726.2131394606536,30057.0,36.34950852614205,LAMBAYEQUE,30057.0,11.683770597688516,LAMBAYEQUE,4.61943651517634,1.4848188798781095,0.0
3696,4370,13.41427761912338,14007.446172573971,4370.0,186.76594896765292,LAMBAYEQUE,4370.0,60.03191216817416,LAMBAYEQUE,13.922922595652826,4.475225120031267,0.0
3697,519,50.389790309669166,42138.527155684234,519.0,561.8470287424565,JUNIN,519.0,180.59368781007527,JUNIN,11.150017201691849,3.583934100543808,0.0
3700,8656,52.15779540492716,41337.636396712325,8656.0,554.373056981004,JUNIN,8656.0,177.1612988430529,JUNIN,10.628767045791095,3.396640856226011,0.0
3702,442,51.216747371916355,41411.188049245044,442.0,555.8149805453012,JUNIN,442.0,177.4765202110501,JUNIN,10.852211611744615,3.465204826895463,0.0
3703,27857,66.04051630332971,72152.59570051573,27857.0,962.8573908414272,JUNIN,27857.0,309.2254101450673,JUNIN,14.57979805032022,4.682359064619797,0.0
3704,4370,156.0801755496537,118539.58646769686,4370.0,1580.5278195692918,LAMBAYEQUE,4370.0,508.02679914727236,LAMBAYEQUE,10.126384174052133,3.2549091988024714,0.0
3706,8653,10.905944442714777,5234.8273375776125,8653.0,69.79769783436817,JUNIN,8653.0,22.434974303904056,JUNIN,6.399968219258017,2.057132641904363,0.0
3709,753,62.292109269600516,69698.56983810275,8652.0,902.524962882641,JUNIN,8652.0,292.6173984714818,JUNIN,14.488592110061791,4.697503454330507,1.0
3711,520,58.46549813860643,46698.32979348119,520.0,622.644397246416,JUNIN,520.0,200.13569911491948,JUNIN,10.649774945392387,3.423141946733268,0.0
3712,27857,34.531714412319516,18616.63621079064,27857.0,253.65148560313634,JUNIN,27857.0,79.78558376053132,JUNIN,7.345464594501678,2.310501668346564,0.0
3713,432,28.613618494473553,32396.656622925868,432.0,429.9984939599663,JUNIN,432.0,138.84281409825368,JUNIN,15.027756592302943,4.85233330852824,0.0
3715,30057,31.171016066974843,27714.95255502803,30057.0,369.53270073370714,LAMBAYEQUE,30057.0,118.77836809297727,LAMBAYEQUE,11.85500979306288,3.810538862055925,0.0
3716,27694,2.7708286211302315,2147.0162645376367,8652.0,22.582484082668163,JUNIN,8652.0,6.731803077301499,JUNIN,8.150083303765168,2.4295270468786954,1.0
3718,340,9.49180842573148,10431.74911343187,340.0,139.08998817909162,JUNIN,340.0,44.70749620042229,JUNIN,14.653686836117613,4.710113625894945,0.0
3719,27857,4.339110019121553,2387.88014506989,27857.0,31.83840193426519,JUNIN,27857.0,10.233772050299526,JUNIN,7.337541983024167,2.358495637400625,0.0
3720,27857,61.91789903894549,58779.57950120769,27857.0,780.122055747684,JUNIN,27857.0,252.61410063900007,JUNIN,12.599297906684434,4.079823517269365,0.0
3723,11409,32.09554065165548,13145.164489101373,,,LORETO,,,LORETO,,,
3724,8653,28.296958331161377,16407.145034715977,8653.0,225.1763162986261,JUNIN,8653.0,70.31633586306847,JUNIN,7.957615573496316,2.4849432592772427,0.0
3725,27857,66.3174275151427,71213.71868547617,27857.0,950.355222795459,JUNIN,27857.0,305.2016515091834,JUNIN,14.330399389790234,4.602133450358802,0.0
3726,308,12.155918952382038,4609.510861730284,308.0,61.719052199943775,JUNIN,308.0,19.755046550272645,JUNIN,5.077283950453577,1.625138060533178,0.0
3727,753,42.3481835764086,39808.356787855926,8652.0,504.0113343098891,JUNIN,8652.0,164.51648539899546,JUNIN,11.901604549354618,3.8848534105874752,1.0
3728,20274,40.91555923064259,27738.43578490741,20274.0,370.4356189113045,LORETO,20274.0,118.87901050674603,LORETO,9.053661391333907,2.905471970616861,0.0
3729,4370,135.20947705264948,110087.71875231087,4370.0,1472.68383412921,LAMBAYEQUE,4370.0,471.80450893847507,LAMBAYEQUE,10.891868426913291,3.4894337233088937,0.0
3730,25383,1.377883801782599,1290.6365778827142,25383.0,17.208487705102847,JUNIN,25383.0,5.5312996194973465,JUNIN,12.48907032860089,4.014344034193146,0.0
3731,442,90.0236276912024,60740.3675671932,442.0,809.7583394869698,JUNIN,442.0,260.27946626366884,JUNIN,8.994953438941494,2.8912350339454798,0.0
3736,519,5.0482755808331365,4737.6866731119035,519.0,63.169155641492054,JUNIN,519.0,20.30437145619387,JUNIN,12.5130165003922,4.022041017983206,0.0
3737,8653,44.209169144425125,35303.08745547266,8653.0,470.7078327396355,JUNIN,8653.0,151.29894623773995,JUNIN,10.64728973308454,3.422343128491459,0.0
3739,519,59.66860904760985,36942.16952416188,519.0,499.28924800744846,JUNIN,519.0,158.32358367497943,JUNIN,8.367703822441435,2.653381504982835,0.0
3741,4370,90.77815463990036,69862.10206062076,4370.0,931.4946941416099,LAMBAYEQUE,4370.0,299.4090088312318,LAMBAYEQUE,10.261220861303821,3.298249562561943,0.0
3742,8653,36.42406208970183,18923.561879940982,8653.0,264.84935210181266,JUNIN,8653.0,81.1009794854614,JUNIN,7.27127445175022,2.226577016196968,0.0
3743,432,44.159664520483595,29452.203250133756,432.0,393.16721976849396,JUNIN,432.0,126.22372821485897,JUNIN,8.903310838924561,2.8583488933959114,0.0
3744,442,446.3293692190275,347645.6815202326,442.0,4633.897897610027,JUNIN,442.0,1489.873668919552,JUNIN,10.382238358453241,3.3380587782661135,0.0
3747,520,29.083094075061926,20281.177043715194,520.0,272.4085660810875,JUNIN,520.0,86.91933018735081,JUNIN,9.366560702861099,2.988654850925305,0.0
3748,27857,33.31988777347046,20705.396492520045,27857.0,275.1257256729235,JUNIN,27857.0,88.73741353937166,JUNIN,8.257102411130587,2.6631966512811918,0.0
3749,25973,14.856795516608607,15580.33277282224,25383.0,207.71148854899832,JUNIN,25383.0,66.76440703360659,JUNIN,13.980907815335744,4.493863226357917,1.0
3751,8656,128.67556072277387,87509.16850357594,8656.0,1166.7889133810131,JUNIN,8656.0,375.0392935867541,JUNIN,9.067680815433253,2.9146116906749735,0.0
3752,8516,3.6774386840467312,1489.0612473582241,8516.0,19.854149964776326,JUNIN,8516.0,6.381691060106676,JUNIN,5.398907139065715,1.7353630089854084,0.0
3753,432,8.872371457105244,10077.857488609343,432.0,134.37143318145792,JUNIN,432.0,43.190817808325754,JUNIN,15.144928707177776,4.868012798735713,0.0
3756,11409,25.233512662627714,10212.119230411578,11409.0,135.20662325689727,LORETO,11409.0,37.88771173045234,LORETO,5.3582164744405985,1.5014838495540188,0.0
3757,4370,149.91113304324418,115442.53601517885,4370.0,1539.2338135357181,LAMBAYEQUE,4370.0,494.75372577933797,LAMBAYEQUE,10.267641784094197,3.300313430601706,0.0
3758,11020,17.68298090079705,13007.528412400861,,,LAMBAYEQUE,11020.0,55.746550338860814,LAMBAYEQUE,,3.15255389640488,
3759,4370,24.29695141591751,15587.830133935326,4370.0,207.83773511913762,LAMBAYEQUE,4370.0,66.80498628829424,LAMBAYEQUE,8.554066374885954,2.749521334784771,0.0
3761,519,74.09206570409204,56659.778979189694,519.0,756.3777968234459,JUNIN,519.0,242.8276241965272,JUNIN,10.208620715803201,3.277376894394187,0.0
3762,25383,39.414041586808914,36010.077097749534,25383.0,439.5502724998637,JUNIN,25383.0,141.26847768229754,JUNIN,11.152123832105874,3.5842169946250135,0.0
3763,30057,9.40513189109164,9845.517837514213,30057.0,131.27357116685624,LAMBAYEQUE,30057.0,42.19507644648948,LAMBAYEQUE,13.957653405285686,4.486388594556111,0.0
3764,25383,40.527497954094265,34601.75268228302,25383.0,461.3567024304401,JUNIN,25383.0,148.29322578121298,JUNIN,11.383794354959232,3.6590767569511837,0.0
3766,442,23.799407744177017,18212.506535116696,442.0,243.63966612455593,JUNIN,442.0,78.05359943621438,JUNIN,10.237215511556881,3.27964461448885,0.0
3767,27857,10.66062250569184,8291.097453072078,27857.0,110.54796604096107,JUNIN,27857.0,35.53327479888034,JUNIN,10.369747731142166,3.333133199295696,0.0
3768,25383,60.87822193578405,43998.57934479299,25383.0,546.0636357937766,JUNIN,25383.0,175.50491588391242,JUNIN,8.969769786801246,2.8828850499122596,0.0
3774,1,42.205479410232,38215.12118237231,1.0,509.53494909829766,LORETO,1.0,163.77909078159556,LORETO,12.072720324905717,3.8805172472911207,0.0
3777,25383,87.50575316968019,69631.16830706084,25383.0,880.9994220058246,JUNIN,25383.0,283.1628471663562,JUNIN,10.067902853170134,3.2359340604415148,0.0
3778,519,25.630699785265094,18992.776977130277,519.0,194.85742008076417,JUNIN,519.0,62.63274216881705,JUNIN,7.602500973960388,2.4436610273444104,0.0
3780,365,17.13507704271849,17300.181732896293,27857.0,217.28356802530385,JUNIN,27857.0,70.14529143835101,JUNIN,12.68062976802535,4.093666533478418,1.0
3782,11129,31.044355383139756,34858.54284647902,10972.0,469.09335157580915,LAMBAYEQUE,30057.0,203.91391540000367,LAMBAYEQUE,15.110423321289982,6.568469948348475,1.0
3783,8653,48.12790461539906,37257.50423489312,8653.0,496.7667231319083,JUNIN,8653.0,159.67501814954187,JUNIN,10.321802436687888,3.317722211792534,0.0
3784,432,56.25834508959597,35236.79474292721,432.0,469.82392990569605,JUNIN,432.0,151.01483461254517,JUNIN,8.351186462336626,2.684309934322487,0.0
3786,25383,9.033979337049617,5681.858148499812,25383.0,75.75810864666417,JUNIN,25383.0,24.350820636427763,JUNIN,8.38590678816029,2.695470039051521,0.0
3788,753,54.373089406403594,47639.29049815892,8652.0,608.4237837805958,JUNIN,8652.0,198.07762987172265,JUNIN,11.189796099924036,3.6429349892411076,1.0
3794,4370,141.2651668768523,124008.85595137216,4370.0,1667.4177775451708,LAMBAYEQUE,4370.0,531.4665255058807,LAMBAYEQUE,11.803460218885663,3.762190901379006,0.0
3795,442,259.7682207693486,176167.46581682825,442.0,2347.521688231302,JUNIN,442.0,754.9670301906758,JUNIN,9.036985668526773,2.906310202051314,0.0
3798,308,60.579763698407675,40282.57890377981,308.0,533.548433803012,JUNIN,308.0,171.49771086525385,JUNIN,8.807370666865712,2.8309405714925497,0.0
3800,520,5.990392253198689,3986.943755698591,520.0,52.662453017149716,JUNIN,520.0,15.535068937276545,JUNIN,8.791152697726856,2.593330833883422,0.0
3802,4370,91.76464957549645,106039.61069160559,4370.0,1413.8614758880735,LAMBAYEQUE,4370.0,454.45547439259497,LAMBAYEQUE,15.407474255376128,4.95240243922804,0.0
3803,1,109.67047961889367,100017.42150650681,1.0,1332.9042390233847,LORETO,1.0,428.6460921707435,LORETO,12.15371942983421,3.9084910876682057,0.0
3804,27857,88.25526663406282,74718.194971661,27857.0,990.4513333963421,JUNIN,27857.0,320.22083559283305,JUNIN,11.222574823813058,3.6283481746260033,0.0
3805,308,28.451501394055075,24113.473369955675,308.0,317.96036001869015,JUNIN,308.0,102.20154429172183,JUNIN,11.17552130606112,3.5921318483767886,0.0
3806,11129,19.713464855415104,17655.960456662095,10972.0,231.33350158892003,LAMBAYEQUE,10972.0,74.3579616477481,LAMBAYEQUE,11.734796662362218,3.771937718362212,1.0
3807,26707,1.1632818557382896,711.5198646827567,26707.0,9.937784858561692,LAMBAYEQUE,26707.0,3.049370848640386,LAMBAYEQUE,8.542886497833809,2.6213516815364315,0.0
3809,25383,12.426199708947003,12608.608016133854,753.0,163.7882754738031,JUNIN,753.0,52.646231402293886,JUNIN,13.180882273755323,4.236712159421356,1.0
3810,519,58.95320179018482,37942.23740685203,519.0,475.73038001216025,JUNIN,519.0,152.7170784351135,JUNIN,8.069627527700542,2.590479800887414,0.0
3812,11129,9.59533574221309,9909.896070489749,10972.0,128.05264310662218,LAMBAYEQUE,10972.0,41.16054284986661,LAMBAYEQUE,13.345300940672226,4.289640712496137,1.0
3813,11129,15.439906457402023,13781.776061732206,10972.0,179.67770965652167,LAMBAYEQUE,10972.0,57.75431424090573,LAMBAYEQUE,11.637227864834806,3.7405870560321834,1.0
3815,20274,110.77876265677922,68297.95937254006,20274.0,943.0749697049639,LORETO,20274.0,302.94165897613675,LORETO,8.513138683692018,2.734654655014762,0.0
3816,11129,3.2707320976720804,2308.9299564259404,30057.0,25.7449620294277,LAMBAYEQUE,30057.0,8.275166366601763,LAMBAYEQUE,7.871314819012993,2.530065477539891,1.0
3818,8653,34.82639453296512,34470.44154667913,8653.0,459.6058872890553,JUNIN,8653.0,147.730463771482,JUNIN,13.197056240031186,4.241910934295737,0.0
3819,519,26.23755106293287,14312.3808534331,519.0,194.81846283531988,JUNIN,519.0,61.33877508614186,JUNIN,7.425177081810424,2.337823943210854,0.0
3820,25383,28.42400280873328,21622.997143488054,25383.0,288.3066285798409,JUNIN,25383.0,92.66998775780598,JUNIN,10.14306924045401,3.2602722558602166,0.0
3821,25383,64.93990234681752,45695.978415399666,25383.0,568.6956234018656,JUNIN,25383.0,182.77948332936958,JUNIN,8.757260218296825,2.8145943668535094,0.0
3824,4370,133.5033612676624,94689.02853168633,4370.0,1276.4867452826938,LAMBAYEQUE,4370.0,405.8101222786558,LAMBAYEQUE,9.561457727820434,3.0396996631795847,0.0
3825,8656,61.47193911496995,45717.88480693431,8656.0,609.5717974257907,JUNIN,8656.0,195.9337920297185,JUNIN,9.916261081104318,3.187369633212103,0.0
3826,11129,40.85872295605468,40240.81386623358,30057.0,552.7870370047924,LAMBAYEQUE,30057.0,170.186264424988,LAMBAYEQUE,13.529229427932409,4.165236994999346,1.0
3827,11409,39.28009942853282,16679.219639836516,,,LORETO,,,LORETO,,,
3828,432,13.0852917440394,11739.730231425461,432.0,132.3226186577628,JUNIN,432.0,50.31312956325197,JUNIN,10.112317038558828,3.8450139704504913,0.0
3829,520,13.804145319915778,12647.277307012833,520.0,162.8094056430766,JUNIN,520.0,52.21864960778616,JUNIN,11.794240198861505,3.7828238110800156,0.0
3831,37650,6.701353136403515,3845.7459764725963,37650.0,51.27661301963462,JUNIN,37650.0,16.481768470596844,JUNIN,7.651680485406231,2.4594687274520033,0.0
3832,442,5.887799579463124,4970.1346234411385,442.0,67.13240160993763,JUNIN,442.0,21.264182219017165,JUNIN,11.401950882312313,3.611566924456374,0.0
3835,8656,33.843914950987866,31868.371782380553,8656.0,424.91162376507407,JUNIN,8656.0,136.57873621020238,JUNIN,12.555037571168207,4.035547790732638,0.0
3837,4370,145.91230415524595,112443.4143491802,4370.0,1499.245524655736,LAMBAYEQUE,4370.0,481.9003472107723,LAMBAYEQUE,10.274976694635619,3.3026710804185915,0.0
3838,4370,206.7975938711475,158107.38163610635,4370.0,1997.2414798179016,LAMBAYEQUE,4370.0,641.9704756557542,LAMBAYEQUE,9.657953182290665,3.104342094307714,0.0
3840,340,77.91826304226669,60517.28438585175,340.0,806.89712514469,JUNIN,340.0,259.359790225079,JUNIN,10.355686762511498,3.3286136022358392,0.0
3841,4370,29.21459284382051,19873.562139372098,4370.0,264.98082852496134,LAMBAYEQUE,4370.0,85.17240916873756,LAMBAYEQUE,9.07015305472622,2.9154063390191416,0.0
3842,27857,6.246180707422423,5467.561155226301,27857.0,72.90081540301736,JUNIN,27857.0,23.432404950969865,JUNIN,11.671262619153543,3.7514772704422104,0.0
3843,11129,41.654980461334695,43147.381463257494,10972.0,579.1882262857276,LAMBAYEQUE,30057.0,186.20185590148265,LAMBAYEQUE,13.904417187840147,4.470098265303962,1.0
3844,8653,25.62710528188445,28104.616550370698,8653.0,374.6253702429799,JUNIN,8653.0,120.44835664444581,JUNIN,14.618325640851793,4.700037531339506,0.0
3845,442,224.72586041920815,159809.3944284354,442.0,2129.4140697193957,JUNIN,442.0,684.861009954706,JUNIN,9.475607594725163,3.047539827757929,0.0
3846,8653,35.353979454091885,27114.826297335167,8653.0,361.5310172978021,JUNIN,8653.0,116.20639841715072,JUNIN,10.22603460431548,3.286939694244263,0.0
3847,340,47.068744878647294,39546.40469592035,340.0,527.2853959456046,JUNIN,340.0,169.48459155394434,JUNIN,11.202452865591647,3.60078842108303,0.0
3848,25383,5.68407784072849,5717.8737916393075,25383.0,76.2383172218574,JUNIN,25383.0,24.505173392739888,JUNIN,13.412609636620749,4.3111959546281,0.0
3849,308,21.058300853791216,19926.508984126664,308.0,265.68678645502223,JUNIN,308.0,85.39932421768574,JUNIN,12.616724791791048,4.055375825932838,0.0
3851,4370,132.55629183779507,107420.76676763588,4370.0,1446.243255095354,LAMBAYEQUE,4370.0,460.37471471843946,LAMBAYEQUE,10.910408212573387,3.4730506438863378,0.0
3852,365,88.28895810359958,69964.9823127807,8653.0,883.7916553398393,JUNIN,8653.0,284.0758892163768,JUNIN,10.01021729470162,3.21756984472552,1.0
3855,442,11.003453460839923,6453.23393841188,442.0,86.0431191788251,JUNIN,442.0,27.656716878908064,JUNIN,7.819646757724115,2.5134578864113224,0.0
3856,340,32.66397950164856,26960.62975699594,340.0,359.4750634266126,JUNIN,340.0,115.54555610141118,JUNIN,11.005243969384374,3.5373998473021193,0.0
3857,432,2.3672803478271547,1457.3611767106836,432.0,19.202244365553373,JUNIN,432.0,6.245833614474359,JUNIN,8.11152104700166,2.6384004835790553,0.0
3858,4370,186.72387908182793,139309.30517825676,4370.0,1857.4574023767577,LAMBAYEQUE,4370.0,597.0398793353864,LAMBAYEQUE,9.947615760289368,3.197447922950154,0.0
3859,4370,22.494534473641803,16818.881334029902,4370.0,224.2035726144592,LAMBAYEQUE,4370.0,72.08092000298528,LAMBAYEQUE,9.96702433994231,3.204374826580511,0.0
3860,340,64.92908087289965,53622.19347173352,340.0,714.9625796231137,JUNIN,340.0,229.8094005931437,JUNIN,11.011438480434853,3.539390940139774,0.0
3861,4370,50.66760037398452,39600.66514105469,4370.0,530.5336024098317,LAMBAYEQUE,4370.0,169.71713631880573,LAMBAYEQUE,10.470864980656085,3.349618593856828,0.0
3863,4370,210.9996682155314,179430.87112706978,4370.0,2364.3756706956083,LAMBAYEQUE,4370.0,759.97789415216,LAMBAYEQUE,11.205589519128779,3.601796631148537,0.0
3864,25383,3.668342102064972,2688.8886989719304,25383.0,35.85184931962574,JUNIN,25383.0,11.523808709879702,JUNIN,9.773311300340316,3.1414214893951016,0.0
3865,432,25.650869201996947,17263.249943825052,432.0,230.1766659176673,JUNIN,432.0,73.98535690210734,JUNIN,8.973445075293894,2.8843216313444655,0.0
3866,8653,34.82639453296512,34470.44154667913,8653.0,459.6058872890553,JUNIN,8653.0,147.730463771482,JUNIN,13.197056240031186,4.241910934295737,0.0
3867,8653,34.724275734433654,34427.89204729102,8653.0,459.0385606305471,JUNIN,8653.0,147.54810877410435,JUNIN,13.219528728005994,4.249134234001924,0.0
3868,4370,18.701257675933274,20225.733235544372,4370.0,268.6774304435998,LAMBAYEQUE,4370.0,86.36060264258563,LAMBAYEQUE,14.366810783499439,4.617903466124819,0.0
3869,11129,53.78422413169424,44162.92827706539,30057.0,594.0052470703566,LAMBAYEQUE,30057.0,186.9953261856957,LAMBAYEQUE,11.04422824090379,3.47676905643977,1.0
3870,25383,131.3419820292032,89036.93312039608,753.0,1202.921631783699,JUNIN,753.0,374.3277562196682,JUNIN,9.158698636938764,2.8500236591255215,1.0
3871,37783,21.968823837733066,23942.735792216317,20274.0,315.91505061280964,LORETO,20274.0,101.54412341126024,LORETO,14.380153118174782,4.622192073699037,1.0
3872,210,1.7395974569552715,707.9169994778587,210.0,9.438893326371447,LORETO,210.0,3.0339299977622516,LORETO,5.4259066019168944,1.744041407759002,0.0
3873,11470,1.581792378668279,653.7251387021354,11470.0,11.406948224637715,LAMBAYEQUE,11470.0,2.8016791658662945,LAMBAYEQUE,7.211406742420453,1.7712053766658338,0.0
3874,4370,39.85227638302288,45941.28632887653,4370.0,612.5504843850202,LAMBAYEQUE,4370.0,196.89122712375638,LAMBAYEQUE,15.370526855172757,4.940526489162669,0.0
3876,27857,108.94708436857017,85727.58604434686,27857.0,1153.7867813905923,JUNIN,27857.0,367.403940190058,JUNIN,10.59034106399129,3.3723154898493943,0.0
3878,8653,34.61244963617448,34381.29783968304,8653.0,458.4173045291073,JUNIN,8653.0,147.34841931292726,JUNIN,13.244289535924727,4.25709306511866,0.0
3879,753,12.30661456081389,11928.763906653765,8652.0,129.37700006929512,JUNIN,8652.0,44.09830653594743,JUNIN,10.512801829452833,3.5833011847436147,1.0
3880,4370,147.64598340859717,109474.40625419818,4370.0,1473.6251149161858,LAMBAYEQUE,4370.0,469.17602680370675,LAMBAYEQUE,9.980800566975526,3.1777093827558023,0.0
3881,519,37.88096062531979,22425.660525478186,519.0,299.00880700637583,JUNIN,519.0,96.10997368062081,JUNIN,7.893379736693296,2.53715777250856,0.0
3882,520,5.990392253198689,3986.943755698591,520.0,53.15925007598122,JUNIN,520.0,17.08690181013682,JUNIN,8.874085006302515,2.852384466311522,0.0
3884,4370,90.91931831781704,79506.54209745207,4370.0,1060.0872279660273,LAMBAYEQUE,4370.0,340.74232327479444,LAMBAYEQUE,11.659647779808385,3.7477439292241232,0.0
3885,519,55.19963648248161,32547.542483622095,519.0,433.96723311496163,JUNIN,519.0,139.48946778695188,JUNIN,7.861777011025921,2.5269997535440445,0.0
3886,27857,32.36394239289662,19406.31998971958,27857.0,266.33288182843484,JUNIN,27857.0,83.16994281308394,JUNIN,8.229308982050677,2.5698334833069794,0.0
3887,753,117.13076949671563,81553.04161162715,753.0,1089.6918488575675,JUNIN,753.0,347.713052743603,JUNIN,9.303207462392047,2.968588477969087,0.0
3888,8656,33.778291745872075,31835.560179822653,8656.0,424.4741357309688,JUNIN,8656.0,136.4381150563828,JUNIN,12.566477278497729,4.039224839517126,0.0
3889,25383,35.223579500463,32168.820185265784,25383.0,388.333513666747,JUNIN,25383.0,124.8059480573672,JUNIN,11.024816874776809,3.543249999782863,0.0
3890,4370,41.71500352684571,48222.169133751115,4370.0,642.9622551166814,LAMBAYEQUE,4370.0,206.66643914464746,LAMBAYEQUE,15.413213490510739,4.954247193378449,0.0
3891,4370,57.876937770092304,47915.135129005,4370.0,658.1325853985724,LAMBAYEQUE,4370.0,205.35057912430705,LAMBAYEQUE,11.37124061423063,3.548055357386603,0.0
3892,11129,34.559529173333544,38671.9156030192,10972.0,512.295244414354,LAMBAYEQUE,30057.0,179.32252985060143,LAMBAYEQUE,14.823559714744198,5.188801298513302,1.0
3893,308,34.58205118122669,20588.854682522535,308.0,283.97766926911356,JUNIN,308.0,88.23794863938232,JUNIN,8.211706927993747,2.551553352835341,0.0
3896,365,88.28895810359958,69964.9823127807,8653.0,883.7916553398393,JUNIN,8653.0,284.0758892163768,JUNIN,10.01021729470162,3.21756984472552,1.0
3897,8750,1.8736790770259626,1272.9287370226155,4317.0,16.108255642362785,LAMBAYEQUE,4317.0,5.329909605969393,LAMBAYEQUE,8.597126284790969,2.8446224710100334,1.0
3898,4370,16.532200698975863,15412.727372331761,4370.0,205.50303163109018,LAMBAYEQUE,4370.0,66.05454588142183,LAMBAYEQUE,12.430470411832145,3.9955083466603316,0.0
3899,11129,47.883673572969826,43791.818369781766,10972.0,567.9195999422525,LAMBAYEQUE,10972.0,182.60512356419287,LAMBAYEQUE,11.860401626805032,3.813515337036982,1.0
3900,340,43.81718409357287,42480.32217898441,340.0,566.4042957197921,JUNIN,340.0,182.05852362421894,JUNIN,12.926533446563322,4.154957179252498,0.0
3901,519,90.82742103794536,52713.64737897029,519.0,708.4111613599753,JUNIN,519.0,226.67400442098912,JUNIN,7.799529627335993,2.4956560676350215,0.0
3902,432,1.486119001150904,1189.942142442381,432.0,15.865895232565082,JUNIN,432.0,5.099752039038776,JUNIN,10.676059736991427,3.431590629747244,0.0
3906,520,55.078191162501504,31916.135542949523,520.0,447.6900179925577,JUNIN,520.0,136.78343804121226,JUNIN,8.128262903037298,2.483440998228307,0.0
3907,4370,194.0372567877043,173057.77692010492,4370.0,2279.4010812694105,LAMBAYEQUE,4370.0,732.6646332651677,LAMBAYEQUE,11.747234108567602,3.7758966777538725,0.0
3909,4370,58.5552431164566,59706.90967809788,4370.0,797.3706917797406,LAMBAYEQUE,4370.0,255.88675576327648,LAMBAYEQUE,13.617408951644235,4.3700058635972265,0.0
3910,365,12.814152931777853,9857.40748025407,365.0,131.43209973672094,JUNIN,365.0,42.24603205823175,JUNIN,10.25679187976461,3.296825961352911,0.0
3912,519,49.354880327145864,33143.077138204055,519.0,441.9076951760539,JUNIN,519.0,142.0417591637316,JUNIN,8.953677777089018,2.8779678569214697,0.0
3913,308,62.026117380246625,48375.82035910741,308.0,624.9813021634818,JUNIN,308.0,200.88684712397628,JUNIN,10.076099046020875,3.238746121935281,0.0
3915,8653,33.985433026308876,26382.317019481197,8653.0,351.76422692641586,JUNIN,8653.0,113.06707294063371,JUNIN,10.35044122151121,3.3269275354857473,0.0
3916,442,138.98563840499972,102530.50194012167,442.0,1366.9601311260158,JUNIN,442.0,439.38004214764806,JUNIN,9.83526173504875,3.1613341291228134,0.0
3918,4370,32.73061382850153,37114.16523565337,4370.0,494.8555364753781,LAMBAYEQUE,4370.0,159.06070815280006,LAMBAYEQUE,15.119042345746116,4.8596921825612505,0.0
3920,308,14.434797002381748,14425.250359471098,308.0,192.33667145961465,JUNIN,308.0,61.82250154059045,JUNIN,13.324515157911748,4.282879872185921,0.0
3922,4370,35.42210408985349,24197.12872420311,4370.0,322.62838298937476,LAMBAYEQUE,4370.0,103.70198024658475,LAMBAYEQUE,9.108108941551844,2.9276064454988076,0.0
3923,308,45.62271688655659,32804.05549785427,308.0,433.83478839067146,JUNIN,308.0,139.44689626843012,JUNIN,9.509183538311094,3.0565232801714233,0.0
3925,520,42.07213690478098,25895.905617097673,520.0,352.8101744798021,JUNIN,520.0,110.98245264470432,JUNIN,8.385839190395616,2.637908620992639,0.0
3927,11129,18.792858665718924,15785.60480739738,10972.0,206.3954262653905,LAMBAYEQUE,10972.0,66.34215172232787,LAMBAYEQUE,10.982651970979148,3.530178824967497,1.0
3929,8656,15.500144741409166,16248.69782426242,8656.0,216.64930432349894,JUNIN,8656.0,69.6372763896961,JUNIN,13.977243950807306,4.492685555616635,0.0
3932,519,58.60815038131404,41479.75388236228,519.0,553.0633850981637,JUNIN,519.0,177.77037378155262,JUNIN,9.436629231597388,3.0332022530134464,0.0
3934,365,20.146983584701328,14786.190048004219,365.0,197.14920064005636,JUNIN,365.0,63.36938592001811,JUNIN,9.785544312934379,3.145353529157479,0.0
3935,4370,119.65765957768953,124368.32075743673,4370.0,1658.2442767658233,LAMBAYEQUE,4370.0,533.0070889604428,LAMBAYEQUE,13.858237597311382,4.454433513421512,0.0
3938,4370,11.625080591031159,10491.533950965828,4370.0,139.88711934621105,LAMBAYEQUE,4370.0,44.963716932710696,LAMBAYEQUE,12.033217167899469,3.8678198039676865,0.0
3939,8653,88.59324447467532,82733.96469049781,8653.0,1081.8920557024703,JUNIN,8653.0,343.29207969308845,JUNIN,12.211902409914932,3.8749238920945004,0.0
3941,34252,7.23579523239566,4729.4805723885165,34252.0,63.059740965180225,JUNIN,34252.0,20.269202453093644,JUNIN,8.714970357764273,2.8012404721385167,0.0
3942,25383,9.6311880889113,10234.337974364533,25383.0,136.45783965819385,JUNIN,25383.0,43.861448461562304,JUNIN,14.168328808291285,4.554105688379341,0.0
3943,8653,34.61244963617448,34381.29783968304,8653.0,458.4173045291073,JUNIN,8653.0,147.34841931292726,JUNIN,13.244289535924727,4.25709306511866,0.0
3944,520,39.58773136228735,33271.26167591486,520.0,443.6168223455316,JUNIN,520.0,142.59112146820658,JUNIN,11.205916759557898,3.601901815572181,0.0
3945,365,13.079257856962741,10993.73747463362,365.0,146.58316632844833,JUNIN,365.0,47.1160177484298,JUNIN,11.207299980741247,3.6023464223811135,0.0
3946,27857,30.05833010239593,16453.274893887366,27857.0,224.80666804442598,JUNIN,27857.0,70.51403525951727,JUNIN,7.479013879966232,2.3459066095590133,0.0
3948,365,20.72820237714684,15028.364544856515,365.0,200.3781939314203,JUNIN,365.0,64.40727662081366,JUNIN,9.666935428628404,3.107229244916273,0.0
3949,8653,17.722880831906288,16444.854369655848,8653.0,219.26472492874473,JUNIN,8653.0,70.47794729852507,JUNIN,12.371844453978673,3.9766642887788577,0.0
3950,8475,75.82601199761554,60339.55334910633,8475.0,790.606123110435,JUNIN,8475.0,254.12339671406838,JUNIN,10.426581885056763,3.3514013201968167,0.0
3951,25383,75.79448237708786,51859.96751358094,25383.0,650.8821447109494,JUNIN,25383.0,209.19657946443223,JUNIN,8.587460779436718,2.7600502424919373,0.0
3952,432,81.96043737663194,70630.36177003279,432.0,939.7812292547253,JUNIN,432.0,302.7015504429976,JUNIN,11.466278845440495,3.6932642154164737,0.0
3953,27857,96.5146681184845,78475.34323179687,27857.0,1057.0902105565924,JUNIN,27857.0,336.32289956484374,JUNIN,10.952637885661842,3.4846817185545618,0.0
3954,8652,8.165686653583796,6045.733475105606,8652.0,72.79204829220014,JUNIN,8652.0,25.910286321881166,JUNIN,8.914381775873412,3.173068894397207,0.0
3957,519,63.87216449612508,41210.88906526797,519.0,523.809183489552,JUNIN,519.0,168.17097955284657,JUNIN,8.200899212071164,2.6329306495171143,0.0
3958,4370,1.0042088170552759,815.3863786184838,4370.0,10.871818381579782,LAMBAYEQUE,4370.0,3.494513051222073,LAMBAYEQUE,10.826252664719783,3.4798669279456447,0.0
3959,519,22.749172705414182,13265.867346177492,519.0,176.8782312823666,JUNIN,519.0,56.85371719790354,JUNIN,7.775150049314564,2.4991553729939664,0.0
3962,11020,12.606588566922337,8006.650865329639,11020.0,106.8541640368877,LAMBAYEQUE,11020.0,34.31421799426988,LAMBAYEQUE,8.476057060928905,2.7219273328475935,0.0
3963,519,62.283466948675965,36781.230643765586,519.0,490.4164085835414,JUNIN,519.0,157.63384561613825,JUNIN,7.873942036458309,2.5309099402901696,0.0
3965,37783,243.2988900336975,243124.97303162797,20274.0,3238.3535099172173,LORETO,20274.0,1040.8965687230248,LORETO,13.310186123203017,4.278262710441704,1.0
3969,4370,72.55083854589911,67552.42837444266,4370.0,905.5276440290426,LAMBAYEQUE,4370.0,289.5104073190398,LAMBAYEQUE,12.48128432666099,3.9904488097113,0.0
3970,4370,107.7997238481056,121028.71674687052,4370.0,1617.493161163625,LAMBAYEQUE,4370.0,518.6945003437305,LAMBAYEQUE,15.004613216289327,4.811649620499892,0.0
3972,4370,14.179617754696375,7659.367626418156,4370.0,102.1249016855754,LAMBAYEQUE,4370.0,32.82586125607781,LAMBAYEQUE,7.202232348735283,2.3150032549506268,0.0
3973,25383,9.143082799020293,10257.896078608775,25383.0,136.77194771478364,JUNIN,25383.0,43.962411765466186,JUNIN,14.959062574544237,4.808270113246364,0.0
3974,520,47.00409701430696,23248.994611496244,520.0,321.9437058729982,JUNIN,520.0,99.46573839282865,JUNIN,6.8492690280808075,2.116107844015248,0.0
3975,8653,77.65886747030407,51799.88995085887,8653.0,690.6651993447854,JUNIN,8653.0,221.99952836082366,JUNIN,8.89357805287192,2.8586500884231145,0.0
3976,520,36.94614344838585,26245.96619653712,520.0,351.95335566914895,JUNIN,520.0,112.48271227087338,JUNIN,9.526118907669796,3.044504832500662,0.0
3977,520,27.530304696718563,26873.54313645981,520.0,358.3139084861309,JUNIN,520.0,115.17232772768496,JUNIN,13.015254005846135,4.1834745018791155,0.0
3978,520,57.293261137550516,48137.20593411413,520.0,587.7939012659202,JUNIN,520.0,188.93375397833148,JUNIN,10.259389840887847,3.297661020285379,0.0
3980,27857,180.89527892750425,162338.24144215568,432.0,1760.0871598021856,JUNIN,432.0,566.3713138332525,JUNIN,9.72986785634997,3.1309347440749518,1.0
3981,753,55.81394141378845,47591.882454885956,8652.0,607.7916765369561,JUNIN,8652.0,197.8744525434099,JUNIN,10.889603227103494,3.5452513750359578,1.0
3982,4370,64.70215226696757,51535.80043297142,4370.0,687.1440057729519,LAMBAYEQUE,4370.0,220.8677161413059,LAMBAYEQUE,10.620110486243592,3.4136069420068678,0.0
3984,4370,112.18087655895353,108381.66661031356,4370.0,1447.4223166753475,LAMBAYEQUE,4370.0,465.2428875027899,LAMBAYEQUE,12.902576277470029,4.147256660615364,0.0
3985,519,36.69688889823209,31861.304562266174,519.0,424.8173941635489,JUNIN,519.0,136.5484481239979,JUNIN,11.576387179350643,3.720981593362708,0.0
3989,8653,39.78953768376691,29614.001214230302,8653.0,394.85334952307085,JUNIN,8653.0,126.91714806098697,JUNIN,9.9235470555407,3.1897115535666516,0.0
3990,4370,108.14566018857303,116493.6042117545,4370.0,1553.2480561567268,LAMBAYEQUE,4370.0,499.25830376466195,LAMBAYEQUE,14.362555588900527,4.616535725003739,0.0
3991,8653,104.4344702093293,79078.10110886703,519.0,1047.4886134404142,JUNIN,519.0,336.5243356054731,JUNIN,10.030104153741762,3.2223492390102706,1.0
3992,520,47.008409503401666,41696.399796246136,520.0,555.9519972832818,JUNIN,520.0,178.69885626962622,JUNIN,11.82664980918045,3.8014231529508575,0.0
3993,442,29.316306538117338,22247.30107025003,442.0,297.3634508005055,JUNIN,442.0,95.34557601535722,JUNIN,10.143278124543784,3.252305193745604,0.0
3994,34252,9.468218941523505,9359.819706487204,34252.0,124.79759608649603,JUNIN,34252.0,40.1135130278023,JUNIN,13.180683384832586,4.236648230839045,0.0
3995,365,51.85340922387684,32187.05531439181,27857.0,420.45596497910543,JUNIN,27857.0,133.4013092742357,JUNIN,8.108550069751226,2.572662266009863,1.0
3997,37783,28.05852625420219,30856.845227228565,20274.0,408.10317641297297,LORETO,20274.0,131.17602098988417,LORETO,14.544711746998948,4.675085918678233,1.0
3998,25383,104.79350912150122,95941.25567121751,25383.0,1238.6326534794364,JUNIN,25383.0,398.1163858543033,JUNIN,11.819745935249891,3.7990557735089623,0.0
3999,4370,200.64583745202296,184516.41328055618,4370.0,2432.18289940876,LAMBAYEQUE,4370.0,781.7730748099588,LAMBAYEQUE,12.12177102846864,3.896283544864921,0.0
4000,4370,111.39372233199465,126765.96286533665,4370.0,1690.212838204488,LAMBAYEQUE,4370.0,543.2826979942997,LAMBAYEQUE,15.173322183875193,4.8771392733884555,0.0
4001,520,42.20103031583729,35488.29185193889,520.0,467.60669648695574,JUNIN,520.0,150.30215244223578,JUNIN,11.080456874804577,3.561575424044329,0.0
4004,365,12.646045189111247,9734.40438640283,365.0,129.7920584853711,JUNIN,365.0,41.7188759417264,JUNIN,10.263450473601601,3.2989662236576565,0.0
4005,442,183.44240684086716,150824.10716470683,,,JUNIN,,,JUNIN,,,
4006,4370,62.18863122887239,71698.10441983561,4370.0,955.9747255978077,LAMBAYEQUE,4370.0,307.2775903707236,LAMBAYEQUE,15.372178269683097,4.941057300969562,0.0
4007,8653,34.724275734433654,34427.89204729102,8653.0,459.0385606305471,JUNIN,8653.0,147.54810877410435,JUNIN,13.219528728005994,4.249134234001924,0.0
4008,519,29.272193372449372,17494.244439666512,519.0,233.25659252888687,JUNIN,519.0,74.97533331285645,JUNIN,7.968538249286953,2.5613158658422335,0.0
4009,34252,52.360387424944896,24735.99238986752,34252.0,351.41999878513025,JUNIN,34252.0,106.01139595657511,JUNIN,6.7115622337376175,2.0246488074316744,0.0
4010,753,15.052588338748938,10682.462090527342,8652.0,130.66642412696572,JUNIN,8652.0,44.63178345633717,JUNIN,8.680661503948746,2.9650570687198265,1.0
4011,8475,86.05081902296882,67411.19539898264,8475.0,884.8946837754526,JUNIN,8475.0,284.4304340706812,JUNIN,10.283396414149818,3.3053774188338703,0.0
4012,30057,23.793857290859705,22216.405191905105,30057.0,296.21873589206797,LAMBAYEQUE,30057.0,95.21316510816466,LAMBAYEQUE,12.449378521147093,4.00158595322585,0.0
4013,4370,24.656173322201017,25904.15539849701,,,LAMBAYEQUE,,,LAMBAYEQUE,,,
4014,432,47.920426404891785,31067.835400575113,432.0,414.2378053410015,JUNIN,432.0,133.14786600246475,JUNIN,8.64428462804153,2.7785200590133488,0.0
4015,753,70.95259742426546,32431.352404246813,753.0,467.718581241552,JUNIN,753.0,138.99151030391488,JUNIN,6.591986737917425,1.9589347726455526,0.0
4016,34252,31.27327837581305,24933.364490792308,34252.0,338.7182554672484,JUNIN,34252.0,104.80451686423118,JUNIN,10.830916138591189,3.351248167997879,0.0
4018,4370,56.36109124094715,45144.38909452098,4370.0,601.9251879269461,LAMBAYEQUE,4370.0,193.47595326223262,LAMBAYEQUE,10.679800100989507,3.432792889603769,0.0
4019,4370,25.77224925496749,25253.626968646015,4370.0,335.23928381281377,LAMBAYEQUE,4370.0,107.31920495095262,LAMBAYEQUE,13.00776197282035,4.164138096338926,0.0
4020,4370,16.83427107019002,18604.569057738227,4370.0,248.06092076984302,LAMBAYEQUE,4370.0,79.73386739030668,LAMBAYEQUE,14.735471451989811,4.7364015381395825,0.0
4021,25973,14.468106158827709,10958.174661110548,25383.0,139.54881323666203,JUNIN,25383.0,44.83506463086062,JUNIN,9.645271585978541,3.0988896638351333,1.0
4023,27857,16.541168251521157,13301.153547679527,27857.0,177.34871396906033,JUNIN,27857.0,57.004943775769405,JUNIN,10.721655887440177,3.446246535248629,0.0
4025,519,112.07886150320743,84292.2329589133,519.0,1141.9911004040307,JUNIN,519.0,361.2524269667713,JUNIN,10.189174703307899,3.223198577516181,0.0
4026,10972,19.623873177575017,16221.713367313365,10972.0,216.10428264005284,LAMBAYEQUE,10972.0,69.52162871705728,LAMBAYEQUE,11.012315493712212,3.5427067882044008,0.0
4027,8653,39.16465013878331,41900.43049015161,8653.0,558.5695561067256,JUNIN,8653.0,179.57327352922115,JUNIN,14.262084663781913,4.585085603800565,0.0
4028,4370,84.94969756777544,98131.17004651765,4370.0,1308.415600620235,LAMBAYEQUE,4370.0,420.5621573422182,LAMBAYEQUE,15.402239655724982,4.950719889340171,0.0
4029,308,8.778823497005657,4933.125343620852,308.0,65.77500458161134,JUNIN,308.0,21.141965758375093,JUNIN,7.492462356037382,2.4082914715834467,0.0
4030,34252,19.740849353161586,10221.545174352657,34252.0,137.6514859806417,JUNIN,34252.0,43.8066221757971,JUNIN,6.972926215993649,2.2190849741113734,0.0
4033,8653,86.97230375232897,80016.23800231601,8653.0,1056.316598389255,JUNIN,8653.0,331.64467960088075,JUNIN,12.14543656791394,3.8132217417777654,0.0
4034,520,43.90579600508928,30474.72353435943,520.0,401.3066010334762,JUNIN,520.0,128.62199058212872,JUNIN,9.14017367973375,2.9294991159531576,0.0
4035,4370,17.09262200895477,15720.46153249823,4370.0,209.60615376664316,LAMBAYEQUE,4370.0,67.37340656784957,LAMBAYEQUE,12.262960805944878,3.9416659733394246,0.0
4036,442,222.47360363008784,157744.8257050751,442.0,2101.8864867412585,JUNIN,442.0,676.012858283162,JUNIN,9.447801682738575,3.0386205250991694,0.0
4038,27857,190.67301944068396,176446.69570731022,432.0,1929.978786896601,JUNIN,432.0,620.9793368278862,JUNIN,10.121929114868786,3.2567761220200597,1.0
4039,753,70.95259742426546,32431.352404246813,753.0,467.718581241552,JUNIN,753.0,138.99151030391488,JUNIN,6.591986737917425,1.9589347726455526,0.0
4040,432,23.42354477535306,19412.911940947557,432.0,258.8388258793007,JUNIN,432.0,83.19819403263239,JUNIN,11.050369547467405,3.551904497400238,0.0
4041,442,183.81755876545213,173425.27957728997,442.0,2313.6032304078935,JUNIN,442.0,743.2511981883852,JUNIN,12.586410384004768,4.04341784963405,0.0
4042,519,9.818398149596998,6111.721046404575,519.0,81.48961395206098,JUNIN,519.0,26.193090198876746,JUNIN,8.299685214477249,2.6677559617962587,0.0
4043,8653,17.722880831906288,16444.854369655848,8653.0,219.26472492874473,JUNIN,8653.0,70.47794729852507,JUNIN,12.371844453978673,3.9766642887788577,0.0
4044,27857,108.7956982241201,96404.4356462821,27857.0,1287.3857229706252,JUNIN,27857.0,413.1618670554946,JUNIN,11.833057225466757,3.797593781735538,0.0
4046,25383,12.58567366274803,11450.362029176616,25383.0,152.6714937223549,JUNIN,25383.0,49.07298012504265,JUNIN,12.130577815174314,3.899114297734601,0.0
4047,8656,44.387244156465954,40083.13016178956,8656.0,534.4417354905274,JUNIN,8656.0,171.78484355052672,JUNIN,12.04043516661249,3.8701398749825873,0.0
4048,4370,75.12746252925669,83419.44826811126,4370.0,1112.2593102414833,LAMBAYEQUE,4370.0,357.5119211490477,LAMBAYEQUE,14.804963095996209,4.758738137998774,0.0
4049,519,54.52309096142363,39038.55166686839,519.0,520.5140222249119,JUNIN,519.0,167.30807857229308,JUNIN,9.546671200156055,3.068572885764446,0.0
4050,365,42.75194010174736,35909.201842462164,34252.0,497.2302890497058,JUNIN,34252.0,150.03606128887483,JUNIN,11.630590047289642,3.509456200860053,1.0
4051,34252,4.562055477131124,2592.174185036184,34252.0,34.562322467149116,JUNIN,34252.0,11.10931793586936,JUNIN,7.576041685684156,2.4351562561127644,0.0
4053,442,40.72020264535964,32299.242957813054,442.0,429.15747867145313,JUNIN,442.0,137.70794211673322,JUNIN,10.539178363356173,3.3818088607283987,0.0
4055,519,81.13979700584134,59821.815693310135,8653.0,768.4528305556994,JUNIN,8653.0,247.00269553576067,JUNIN,9.470726559746971,3.0441621084900996,1.0
4056,11129,16.58235180439419,15946.186355552085,10972.0,208.5365135741199,LAMBAYEQUE,10972.0,67.03035835727658,LAMBAYEQUE,12.57581047815301,4.042270912351171,1.0
4057,340,37.00357757334037,29526.94780191474,340.0,393.69263735886324,JUNIN,340.0,126.54406200820605,JUNIN,10.639312822620248,3.4197791215565085,0.0
4058,34252,42.92311885371392,38074.5973991932,520.0,461.476641968154,JUNIN,520.0,147.96236088256086,JUNIN,10.751237428503515,3.447148409388206,1.0
4059,25383,141.07118271189373,119727.73716404279,25383.0,1573.3327101786895,JUNIN,25383.0,500.05844939498303,JUNIN,11.152757635780718,3.5447243000453206,0.0
4060,25973,21.6810051680515,8590.336262483115,8516.0,119.4652189846616,JUNIN,8516.0,33.00462243624611,JUNIN,5.5101328586325,1.5222828545274627,1.0
4061,8653,76.32738329145933,77338.8899110368,8653.0,1009.9577253096568,JUNIN,8653.0,320.17033063825556,JUNIN,13.231918634667334,4.194698112676963,0.0
4063,520,47.008409503401666,41696.399796246136,520.0,555.9519972832818,JUNIN,520.0,178.69885626962622,JUNIN,11.82664980918045,3.8014231529508575,0.0
4067,520,126.56261776944933,82771.88425006354,519.0,905.5548868758145,JUNIN,519.0,289.7992177577545,JUNIN,7.154994917420272,2.2897694664127632,1.0
4068,25383,88.42214353884061,70457.22808455849,25383.0,892.0135523724598,JUNIN,25383.0,286.70310335563187,JUNIN,10.088124045314858,3.2424355696567533,0.0
4072,34252,2.266506382909226,1575.5137318095644,34252.0,21.006849757460856,JUNIN,34252.0,6.752201707755276,JUNIN,9.26838323327245,2.979123182123288,0.0
4073,365,32.16310456139904,24452.449685892294,34252.0,314.02216192223443,JUNIN,34252.0,100.93569490357538,JUNIN,9.763428195271675,3.1382447770516113,1.0
4075,308,49.33771432647654,41026.82381785525,308.0,543.4716993240179,JUNIN,308.0,174.68733192557713,JUNIN,11.015340024220981,3.540645007785314,0.0
4076,30057,49.8116099862446,44371.43049156309,30057.0,591.6190732208413,LAMBAYEQUE,30057.0,190.1632735352704,LAMBAYEQUE,11.877132126109075,3.8176496119636307,0.0
4078,519,115.74015588319884,78259.05372543886,519.0,1088.2730516552888,JUNIN,519.0,335.3959445375951,JUNIN,9.402726679870193,2.8978356040583324,0.0
4083,27857,71.97730799913967,64988.02617650849,27857.0,867.345989342557,JUNIN,27857.0,278.52011218503645,JUNIN,12.05026991774858,3.8695544460813336,0.0
4084,1,13.98714007455165,10420.1609247952,1.0,138.9354789972694,LORETO,1.0,44.65783253483659,LORETO,9.933086982524046,3.192777958668443,0.0
4087,308,31.629657354454785,20727.06045445545,308.0,276.360806059406,JUNIN,8656.0,83.68443064908816,JUNIN,8.737394874765622,2.645758368839929,0.0
4088,8653,36.94609547640449,26371.559714229363,8653.0,372.8913908273919,JUNIN,8653.0,113.02097020384014,JUNIN,10.092849759064197,3.0590775221706616,0.0
4090,1,51.957832198630754,34047.205678088285,1.0,477.63705601175104,LORETO,1.0,145.91659576323548,LORETO,9.192782604666448,2.8083657379200826,0.0
4091,308,62.03637722285459,55549.33878217351,308.0,738.6909823484044,JUNIN,308.0,236.92668177265548,JUNIN,11.907384270599639,3.819157281243854,0.0
4094,519,96.25787199754294,72876.35387045318,519.0,970.7207128710747,JUNIN,519.0,307.7539450100773,JUNIN,10.08458521601073,3.1971820966282425,0.0
4095,4370,28.900118997215294,27498.97097956149,4370.0,365.1772039583535,LAMBAYEQUE,4370.0,116.94210785487613,LAMBAYEQUE,12.635837381622567,4.046423056809704,0.0
4096,8475,76.88485327027641,60957.210758158515,8475.0,798.8415552311307,JUNIN,8475.0,256.7704998957206,JUNIN,10.390103138038528,3.3396760086552413,0.0
4097,519,49.84125044876513,34294.87413224956,519.0,455.80671456100356,JUNIN,519.0,146.50930110889402,JUNIN,9.145170124284004,2.9395189685198586,0.0
4098,4370,28.84575317473318,26352.811054896545,4370.0,345.3858703967192,LAMBAYEQUE,4370.0,111.01688691323116,LAMBAYEQUE,11.973543152246501,3.848638870364946,0.0
4099,30057,48.55606432643938,51405.93504776135,30057.0,689.2105781450393,LAMBAYEQUE,30057.0,220.31115020469161,LAMBAYEQUE,14.194119472112067,4.537253034421273,0.0
4101,520,46.88708427180021,27820.582097598883,520.0,393.0826387212158,JUNIN,520.0,119.23106613256664,JUNIN,8.38360168532876,2.5429405130290226,0.0
4103,30057,31.637133356442835,24403.470260957543,30057.0,331.7125364386021,LAMBAYEQUE,30057.0,104.58630111838946,LAMBAYEQUE,10.484911281351904,3.3058083973682995,0.0
4104,4370,158.39240615960395,120525.43958727072,4370.0,1605.3133920875896,LAMBAYEQUE,4370.0,515.9935903138681,LAMBAYEQUE,10.135040126039863,3.257691469084242,0.0
4105,519,29.421975275341023,25913.425653100152,519.0,345.51234204133533,JUNIN,519.0,111.05753851328635,JUNIN,11.743342818009712,3.774645905788836,0.0
4106,432,21.388524024006138,24779.721071240092,432.0,330.39628094986784,JUNIN,432.0,106.19880459102895,JUNIN,15.447362360256198,4.965223615796635,0.0
4107,4370,78.6299105644457,73257.08841050876,4370.0,976.7611788067833,LAMBAYEQUE,4370.0,313.9589503307517,LAMBAYEQUE,12.42225982193153,3.9928692284779905,0.0
4108,4370,140.7355310152948,115441.7580399649,4370.0,1539.2234405328645,LAMBAYEQUE,4370.0,494.7503915998489,LAMBAYEQUE,10.93699245264215,3.515461859777831,0.0
4109,11129,18.419851450188467,15719.879942831169,10972.0,205.51909473784116,LAMBAYEQUE,10972.0,66.06047373132984,LAMBAYEQUE,11.157478402777148,3.58637385920145,1.0
4110,520,2.5662084050077425,1378.705956065009,520.0,18.382746080866788,JUNIN,520.0,5.908739811707182,JUNIN,7.1633878390369174,2.302517519690438,0.0
4112,4370,130.28885749229275,99393.40197349599,4370.0,1339.211724506823,LAMBAYEQUE,4370.0,425.9717227435544,LAMBAYEQUE,10.27878937833225,3.2694409248983765,0.0
4113,4370,121.37703803154861,140706.80330187004,4370.0,1876.0907106916,LAMBAYEQUE,4370.0,603.0291570080141,LAMBAYEQUE,15.456718512145287,4.968230950332412,0.0
4115,4370,75.12746252925669,83419.44826811126,4370.0,1112.2593102414833,LAMBAYEQUE,4370.0,357.5119211490477,LAMBAYEQUE,14.804963095996209,4.758738137998774,0.0
4116,340,48.714125016206786,34489.57962183251,340.0,466.75602483336246,JUNIN,340.0,147.81248409356795,JUNIN,9.581533583495066,3.0342838764812456,0.0
4117,4370,32.86255659772812,22881.992997780213,4370.0,305.0932399704029,LAMBAYEQUE,4370.0,98.06568427620094,LAMBAYEQUE,9.2839167598876,2.9841161013924427,0.0
4118,37783,297.49326721783325,278234.05997971434,20274.0,3706.474669225036,LORETO,20274.0,1191.3640842148243,LORETO,12.459020346537951,4.004675787645549,1.0
4119,27694,1.3600305637845216,1480.5671943595876,8652.0,14.808955784980192,JUNIN,8652.0,4.44689216261321,JUNIN,10.88869337154578,3.2697001677954645,1.0
4120,1,83.08600053913507,75688.93221720013,1.0,1009.1857628960016,LORETO,1.0,324.38113807371474,LORETO,12.146279232933544,3.9041611820143527,0.0
4121,30057,15.032592391215275,16578.167934814126,30057.0,221.04223913085508,LAMBAYEQUE,30057.0,71.04929114920337,LAMBAYEQUE,14.704199606983785,4.726349873673357,0.0
4123,4317,4.383305676783945,2868.56957584136,29146.0,34.48455017454443,LAMBAYEQUE,29146.0,11.15334216013447,LAMBAYEQUE,7.867247396683028,2.544504760233317,1.0
4124,365,7.554552508993834,7116.538112218539,365.0,94.88717482958052,JUNIN,365.0,30.49944905236518,JUNIN,12.560264121086668,4.03722775320643,0.0
4125,432,49.14131663584245,33124.776849617905,432.0,441.6636913282387,JUNIN,432.0,141.96332935550532,JUNIN,8.987624295888324,2.8888792379641046,0.0
4126,520,33.42714172026222,18647.096811708525,520.0,248.09032655829722,JUNIN,520.0,79.7433192508813,JUNIN,7.421822919663951,2.3855859384634144,0.0
4127,4370,72.2778510027947,77002.40416074365,4370.0,1026.6987221432476,LAMBAYEQUE,4370.0,330.01030354604364,LAMBAYEQUE,14.204887222000403,4.565856607071555,0.0
4129,519,60.09355081345114,41874.1446637321,519.0,558.321928849761,JUNIN,519.0,179.46061998742314,JUNIN,9.290879325519704,2.986354068917047,0.0
4131,8653,66.06740537562614,45626.636764810944,8653.0,608.3551568641461,JUNIN,8653.0,195.54272899204682,JUNIN,9.20809820523969,2.959745851684184,0.0
4132,753,34.682402142410815,35824.539677526365,8652.0,450.8937728388284,JUNIN,8652.0,147.4429834975831,JUNIN,13.000650041118698,4.251233316889686,1.0
4133,519,110.85415281886657,86245.36137472303,519.0,1168.032812614827,JUNIN,519.0,369.62297732024155,JUNIN,10.53666265911904,3.3343178214008633,0.0
4134,27857,148.8183869529735,145861.25819256745,432.0,1522.172953366698,JUNIN,432.0,489.89889033613156,JUNIN,10.22839304022092,3.2919244749705507,1.0
4135,365,71.01727247724199,39540.914394743115,27857.0,531.2392625056825,JUNIN,27857.0,164.917848190027,JUNIN,7.480423338926768,2.322221657314087,1.0
4136,4370,30.174371242379955,34704.1944254647,4370.0,462.72259233952894,LAMBAYEQUE,4370.0,148.73226182341998,LAMBAYEQUE,15.334953912465764,4.929092329006852,0.0
4139,4370,125.9753734598223,140117.92729386524,4370.0,1868.2390305848694,LAMBAYEQUE,4370.0,600.5054026879933,LAMBAYEQUE,14.830192435831218,4.766847568660031,0.0
4141,8653,36.04681994596654,41681.399175408485,8653.0,555.6491385768172,JUNIN,8653.0,178.63456789460776,JUNIN,15.414650707322425,4.955626270566374,0.0
4142,520,11.935324330969081,13378.73368704164,520.0,178.38311582722193,JUNIN,520.0,57.33743008732133,JUNIN,14.945812185795727,4.804011059720055,0.0
4143,365,71.01727247724199,39540.914394743115,27857.0,531.2392625056825,JUNIN,27857.0,164.917848190027,JUNIN,7.480423338926768,2.322221657314087,1.0
4145,29146,0.8129371485682894,745.1923861875986,8750.0,8.53645691536391,LAMBAYEQUE,29146.0,3.1936816550897085,LAMBAYEQUE,10.50075879838676,3.928571428571429,1.0
4146,25383,26.13021309804175,20147.236015148417,25383.0,268.6298135353123,JUNIN,25383.0,86.34529720777894,JUNIN,10.280429498504317,3.304423767376387,0.0
4148,11129,47.6994401729516,42284.04669723983,30057.0,568.9534926726826,LAMBAYEQUE,30057.0,178.9429765578718,LAMBAYEQUE,11.927886168259747,3.7514691138732283,1.0
4149,519,70.17583185871278,52557.200142945985,519.0,700.7626685726129,JUNIN,519.0,225.2451434697685,JUNIN,9.98581206680215,3.2097253071864063,0.0
4152,4370,21.10681979940372,18118.66823054422,4370.0,241.58224307392305,LAMBAYEQUE,4370.0,77.651435273761,LAMBAYEQUE,11.445696005835417,3.6789737161613845,0.0
4153,11129,20.34955506837236,16168.145602712928,10972.0,211.49597020293132,LAMBAYEQUE,30057.0,67.3626027174897,LAMBAYEQUE,10.393149604122899,3.3102739834437878,1.0
4154,11129,10.896646092493423,8780.425420828124,10972.0,112.99303444446727,LAMBAYEQUE,10972.0,36.319954351316795,LAMBAYEQUE,10.369524116444133,3.3331315014752296,1.0
4155,519,71.03067521293194,41314.06650815234,519.0,550.8542201086979,JUNIN,519.0,177.06028503493857,JUNIN,7.755159562504182,2.4927298593763436,0.0
4156,520,60.44597917997701,44098.970218096896,520.0,605.1928494900678,JUNIN,520.0,188.99558664898672,JUNIN,10.01212748474328,3.126685831099785,0.0
4157,25383,75.52081405822092,48221.85106778219,753.0,627.7935861106089,JUNIN,753.0,199.40597599417995,JUNIN,8.312855123974522,2.640410838798067,1.0
4158,519,57.68630683162511,34102.58612733825,519.0,454.70114836451023,JUNIN,519.0,146.15394054573534,JUNIN,7.882306449114393,2.533598501501053,0.0
4159,519,86.62026919951069,68637.18628569321,519.0,915.1624838092425,JUNIN,519.0,294.159369795828,JUNIN,10.56522327010284,3.395964622533056,0.0
4160,34252,14.512114166995723,7795.735571197249,34252.0,104.07854370812484,JUNIN,34252.0,33.410295305131065,JUNIN,7.171838817587736,2.302234872236236,0.0
4161,30057,23.045802710477325,20252.12517247821,30057.0,298.5380325155458,LAMBAYEQUE,30057.0,86.79482216776378,LAMBAYEQUE,12.954117340413632,3.766187850263259,0.0
4162,519,23.564353829147407,14074.306561044295,519.0,187.65742081392392,JUNIN,519.0,60.31845669018985,JUNIN,7.963614117090926,2.559733109064941,0.0
4163,753,6.650960951406505,5714.456401849807,753.0,76.1927520246641,JUNIN,753.0,24.490527436499182,JUNIN,11.455901272214103,3.682253980354534,0.0
4164,519,60.09355081345114,41874.1446637321,519.0,558.321928849761,JUNIN,519.0,179.46061998742314,JUNIN,9.290879325519704,2.986354068917047,0.0
4165,27857,60.650534856355726,58067.57966369519,27857.0,775.8920919312343,JUNIN,27857.0,248.79328874801558,JUNIN,12.792831815397033,4.102079055646512,0.0
4166,34252,23.46570220197159,19228.063174536976,34252.0,256.37417566049294,JUNIN,34252.0,82.40598503372993,JUNIN,10.925484924928108,3.5117630115840375,0.0
4167,519,15.72694164828248,11564.958374393314,519.0,154.19944499191087,JUNIN,519.0,49.56410731882849,JUNIN,9.804795391273725,3.1515413757665542,0.0
4168,753,53.89913340517858,48804.83949252597,8652.0,626.6525648919805,JUNIN,8652.0,203.07283984758138,JUNIN,11.626394067993909,3.767645730424124,1.0
4169,8653,12.294894819414509,11439.160892776114,8653.0,152.5221452370149,JUNIN,8653.0,49.02497525475477,JUNIN,12.40532330509828,3.9874253480673025,0.0
4170,519,58.476372636124495,45108.13849673536,519.0,601.4418466231382,JUNIN,519.0,193.32059355743726,JUNIN,10.285211265850476,3.3059607640233675,0.0
4171,25383,69.93458104484385,44401.90028734259,753.0,576.860909038081,JUNIN,753.0,183.03475836372445,JUNIN,8.248578892153267,2.6172282099803796,1.0
4173,519,73.05159280254078,42799.27610697249,519.0,570.6570147596328,JUNIN,519.0,183.42546902988204,JUNIN,7.81169845676226,2.51090307538787,0.0
4174,4370,23.158639052530894,15933.511646009578,4370.0,213.26746292955744,LAMBAYEQUE,4370.0,68.28647848289822,LAMBAYEQUE,9.208980823346375,2.948639526183017,0.0
4176,8653,48.12790461539906,37257.50423489312,8653.0,496.7667231319083,JUNIN,8653.0,159.67501814954187,JUNIN,10.321802436687888,3.317722211792534,0.0
4178,519,12.368332832014683,13277.753466157037,519.0,177.0367128820938,JUNIN,519.0,56.90465771210158,JUNIN,14.313708669275535,4.600834929409993,0.0
4180,30057,25.74559534945564,25150.842969631074,30057.0,338.98560721741006,LAMBAYEQUE,30057.0,107.78932701270462,LAMBAYEQUE,13.16674182966903,4.18670943707595,0.0
4181,519,41.69742876594989,31042.82371264386,519.0,413.90431616858484,JUNIN,519.0,133.04067305418795,JUNIN,9.926375040817362,3.190620548834151,0.0
4182,8653,66.0617595067845,64230.139590482206,8653.0,844.9099927947656,JUNIN,8653.0,265.1508397469949,JUNIN,12.78969859572078,4.013681163302411,0.0
4183,11129,18.36329102314203,17093.388026548317,10972.0,223.83253585406962,LAMBAYEQUE,10972.0,71.94693694726047,LAMBAYEQUE,12.189129692057291,3.917976187198174,1.0
4184,34252,52.76155992032299,39073.21445448154,34252.0,520.9761927264208,JUNIN,34252.0,167.4566333763494,JUNIN,9.874162051182044,3.1738378021656546,0.0
4185,519,60.09355081345114,41874.1446637321,519.0,558.321928849761,JUNIN,519.0,179.46061998742314,JUNIN,9.290879325519704,2.986354068917047,0.0
4188,8656,127.25203785908268,99815.88971014485,8656.0,1330.8785294685986,JUNIN,8656.0,427.78238447204956,JUNIN,10.458602878661926,3.361693782427048,0.0
4189,520,69.58405145049323,40073.45711586022,520.0,556.4543056313669,JUNIN,520.0,171.74338763940096,JUNIN,7.996865575257081,2.4681429732729883,0.0
4190,519,94.05606466085167,75482.57695978145,519.0,1006.4343594637521,JUNIN,519.0,323.49675839906325,JUNIN,10.700366457949984,3.439403504341067,0.0
4191,8653,56.95493334064156,40321.83691685283,8653.0,537.6244922247046,JUNIN,8653.0,172.80787250079777,JUNIN,9.439471889278286,3.034115964410875,0.0
4192,8653,11.55372444846607,13107.791054334437,8653.0,174.77054739112592,JUNIN,8653.0,56.17624737571902,JUNIN,15.126771299650418,4.862176489173347,0.0
4193,34252,15.066950028122536,12539.775975734421,34252.0,167.19701300979224,JUNIN,34252.0,53.7418970388618,JUNIN,11.09693817910846,3.5668729861420054,0.0
4195,25383,96.705710188026,60436.25039174686,753.0,790.6295059614597,JUNIN,753.0,251.75340166831427,JUNIN,8.17562380157521,2.6032940679389798,1.0
4196,25383,105.61167489688425,96691.24096531863,25383.0,1248.6324574007847,JUNIN,25383.0,401.3306085433081,JUNIN,11.822863889053062,3.800059121637395,0.0
4197,30057,32.41004946090758,37352.12927388607,30057.0,498.0283903184812,LAMBAYEQUE,30057.0,160.0805540309404,LAMBAYEQUE,15.366480415872061,4.939225847958877,0.0
4198,519,46.75283417203408,27641.354118897187,519.0,368.55138825196275,JUNIN,519.0,118.46294622384514,JUNIN,7.882974257685054,2.5338131542559093,0.0
4200,34252,34.31119662791786,19321.23515075941,34252.0,258.5955889718483,JUNIN,34252.0,82.80529350325465,JUNIN,7.536769754087732,2.413360699751252,0.0
4203,4370,21.670577151970033,16173.055663472862,4370.0,215.6407421796381,LAMBAYEQUE,4370.0,69.31309570059794,LAMBAYEQUE,9.9508536698126,3.1984886795826206,0.0
4204,4370,92.6638219094863,105182.75918671538,4370.0,1402.4367891562044,LAMBAYEQUE,4370.0,450.7832536573513,LAMBAYEQUE,15.134674571550695,4.864716826569865,0.0
4205,753,70.95259742426546,32431.352404246813,753.0,467.718581241552,JUNIN,753.0,138.99151030391488,JUNIN,6.591986737917425,1.9589347726455526,0.0
4207,25383,93.81779261477863,58778.657977044386,753.0,768.5510115674383,JUNIN,753.0,244.64943417673226,JUNIN,8.19195368114398,2.607708275351108,1.0
4209,27857,74.26513911869868,65324.49780930861,27857.0,880.1473842985463,JUNIN,27857.0,279.51511203567424,JUNIN,11.851420393783929,3.763745888753033,0.0
4210,8653,26.25070895674325,28541.103773982974,520.0,376.3958795469139,JUNIN,520.0,116.90910159981193,JUNIN,14.33850339688543,4.453559779755223,1.0
4214,442,4.218017200217885,3541.7045029171977,442.0,47.222726705562636,JUNIN,442.0,15.178733583930846,JUNIN,11.195479881666513,3.5985471048213786,0.0
4215,519,18.745944629574257,11263.56786129329,519.0,150.18090481724386,JUNIN,519.0,48.272433691256964,JUNIN,8.011381009859232,2.5750867531690393,0.0
4217,4370,30.47655813420056,29496.25465062586,4370.0,397.77355798295116,LAMBAYEQUE,4370.0,126.41251993125358,LAMBAYEQUE,13.051787417443729,4.147860771370847,0.0
4219,4370,26.89021638019889,19339.068498376437,4370.0,257.85424664501915,LAMBAYEQUE,4370.0,82.881722135899,LAMBAYEQUE,9.589147331476845,3.0822259279747,0.0
4220,519,11.395993161987914,9770.103355514553,519.0,141.3223986040941,JUNIN,519.0,41.87187152363381,JUNIN,12.401060319646758,3.6742626051496936,0.0
4223,519,112.90441123720724,86860.43890022523,519.0,1178.5769987662934,JUNIN,519.0,372.25902385810815,JUNIN,10.438715244616569,3.297116735997216,0.0
4224,519,122.30002328394573,82051.27673961288,519.0,1092.4869068857179,JUNIN,519.0,351.156505784695,JUNIN,8.93284299995001,2.871270964269646,0.0
4225,27857,150.45940897531628,147363.9033939202,432.0,1542.2082227180679,JUNIN,432.0,496.338798341929,JUNIN,10.249995219448694,3.2988219329198363,1.0
4226,442,42.67842970368651,25610.05362697832,442.0,343.14482929864056,JUNIN,442.0,109.75737268705,JUNIN,8.04024027315607,2.5717294063790095,0.0
4228,8653,37.100708714374456,35582.51626049982,8653.0,474.43355013999775,JUNIN,8653.0,152.4964982592849,JUNIN,12.787722029584335,4.110339223794962,0.0
4229,519,86.15047633967708,65759.65972943921,519.0,876.7954630591894,JUNIN,519.0,281.8271131261679,JUNIN,10.177488277628667,3.271335517809213,0.0
4230,340,46.39040091166491,37596.42026810057,340.0,501.2856035746744,JUNIN,340.0,161.12751543471677,JUNIN,10.805804513938263,3.4732943080515843,0.0
4231,37650,19.32715657839938,8214.8939146282,37650.0,118.26599392465795,JUNIN,37650.0,35.20668820554941,JUNIN,6.119161576868252,1.8216175805652386,0.0
4233,8653,19.173945080983877,21996.378499595383,8653.0,293.1821962326425,JUNIN,8653.0,94.2701935696945,JUNIN,15.290655887160725,4.916577844128111,0.0
4234,34252,32.599158581755425,18941.49883744773,34252.0,252.55331783263637,JUNIN,34252.0,81.17785216049027,JUNIN,7.747234248370489,2.490182436976229,0.0
4236,8653,8.49490142791725,9539.164197027483,8653.0,127.1888559603665,JUNIN,8653.0,40.88213227297493,JUNIN,14.972375729090738,4.812549341493449,0.0
4238,520,79.10503832986322,52006.83296608062,520.0,693.4244395477408,JUNIN,520.0,222.8864269974883,JUNIN,8.765869458986959,2.8176008975315248,0.0
4239,520,15.969826806964923,15610.260516438437,520.0,208.13680688584586,JUNIN,520.0,66.9011164990219,JUNIN,13.033128624480206,4.1892199150114955,0.0
4240,442,90.96069546149126,82036.49816340809,442.0,1093.706747436501,JUNIN,442.0,351.54859739030394,JUNIN,12.02394882633157,3.8648406941780045,0.0
4243,27857,6.91647015265266,5935.8195121096005,27857.0,79.14426016146135,JUNIN,27857.0,25.439226480469717,JUNIN,11.442868748751458,3.6780649549558255,0.0
4244,308,29.259926639713168,19376.837249925444,308.0,258.35782999900584,JUNIN,308.0,83.0435882139662,JUNIN,8.829749752289143,2.838133848950083,0.0
4246,519,21.72618928046505,12157.641256560528,519.0,165.50787730753936,JUNIN,519.0,52.10417681383084,JUNIN,7.617897237798375,2.3982197771184817,0.0
4247,11129,41.816497717056386,40498.18583944211,10972.0,544.2885914819835,LAMBAYEQUE,10972.0,187.4280827812665,LAMBAYEQUE,13.016120937836828,4.482156397923711,1.0
4248,365,45.29980782608218,36673.56215976261,34252.0,510.3336087748563,JUNIN,34252.0,153.31189122016244,JUNIN,11.265690369684583,3.384382817003704,1.0
4249,753,21.371458017699076,18829.05194927262,8652.0,229.78483566635975,JUNIN,8652.0,74.6051789479242,JUNIN,10.751949421329147,3.49087923183055,1.0
4250,30057,28.99330056086229,26763.23939951399,30057.0,356.84319199352007,LAMBAYEQUE,30057.0,114.69959742648855,LAMBAYEQUE,12.307780938718595,3.9560724445881186,0.0
4251,25383,24.14346766504378,24700.947080311562,25383.0,329.34596107082075,JUNIN,25383.0,105.86120177276385,JUNIN,13.64120372599441,4.38467262621249,0.0
4252,340,44.731826541866866,29230.161357116045,340.0,389.73548476154724,JUNIN,340.0,125.2721201019259,JUNIN,8.712711169904349,2.800514304612112,0.0
4253,8475,12.338370686512905,11216.621447973543,8475.0,149.55495263964724,JUNIN,8475.0,48.071234777029474,JUNIN,12.121126560342852,3.896076394395917,0.0
4255,27857,7.380571423091285,4336.645335018386,27857.0,57.82193780024516,JUNIN,27857.0,18.58562286436451,JUNIN,7.834344319105169,2.5181821025695177,0.0
4256,8475,17.11314296306278,15365.547565478044,8475.0,204.87396753970728,JUNIN,8475.0,65.85234670919164,JUNIN,11.971732368619241,3.848056832770471,0.0
4257,34252,51.589048128076506,43687.319931616184,34252.0,585.2413611169512,JUNIN,34252.0,187.2313711354981,JUNIN,11.344294619742035,3.629285244237729,0.0
4258,753,56.60646671385192,49997.722186506544,8652.0,639.8695396252306,JUNIN,8652.0,208.18519425035532,JUNIN,11.303824046460948,3.6777634488783812,1.0
4259,34252,18.260184091676823,13870.290168882042,34252.0,184.9372022517605,JUNIN,34252.0,59.44410072378017,JUNIN,10.127893635861906,3.255394382955613,0.0
4261,27857,26.27672708383648,17769.572745708072,27857.0,236.9276366094411,JUNIN,27857.0,76.15531176732033,JUNIN,9.01663421983713,2.898203856376219,0.0
4262,519,9.480880755522337,7963.234562654233,519.0,106.17646083538978,JUNIN,519.0,34.128148125661,JUNIN,11.199008148430206,3.5996811905668515,0.0
4263,11129,36.90426246241159,41833.37975416265,10972.0,556.1094210730711,LAMBAYEQUE,30057.0,188.09653053934235,LAMBAYEQUE,15.06897534233315,5.096878192076753,1.0
4265,519,66.01348390302967,49393.969383992684,519.0,658.5862584532358,JUNIN,519.0,211.68844021711152,JUNIN,9.976541450541594,3.2067454662455126,0.0
4267,4370,152.08629299141722,140582.63746430055,4370.0,1874.4351661906746,LAMBAYEQUE,4370.0,602.497017704145,LAMBAYEQUE,12.32481329725392,3.961547131260186,0.0
4268,25383,36.905237860970786,33176.68816483544,25383.0,401.77175339434245,JUNIN,25383.0,129.12538225552285,JUNIN,10.886578076204112,3.4988362015701755,0.0
4269,442,42.68517820960811,22706.58531968762,442.0,213.3395845858331,JUNIN,442.0,68.57343790258919,JUNIN,4.997978069535434,1.606492950922103,0.0
4271,519,74.39647687115806,57432.04331803665,519.0,765.7605775738217,JUNIN,519.0,246.13732850587132,JUNIN,10.292968293377491,3.3084540942999086,0.0
4272,30057,48.420753532428755,53734.09723002938,30057.0,716.4546297337255,LAMBAYEQUE,30057.0,230.28898812869753,LAMBAYEQUE,14.796437012362798,4.755997611116614,0.0
4274,519,65.73957374468479,38499.993627890966,519.0,516.7446628799487,JUNIN,519.0,164.99997269096136,JUNIN,7.86048088609228,2.5099032940459556,0.0
4275,4370,112.40417288874228,102016.9092886462,4370.0,1360.2254571819494,LAMBAYEQUE,4370.0,437.2153255227694,LAMBAYEQUE,12.10120071368081,3.8896716579688317,0.0
4278,519,116.0162968070476,71539.97289027828,519.0,969.5643026555465,JUNIN,519.0,306.59988381547834,JUNIN,8.357138861862454,2.642731170133793,0.0
4279,519,31.724746825753122,24609.74282841124,519.0,351.08705607985314,JUNIN,519.0,105.34120953343799,JUNIN,11.06666218672081,3.320474395336243,0.0
4282,10972,7.607828189143288,6382.077538158622,10972.0,84.90913825132289,LAMBAYEQUE,10972.0,27.351760877822663,LAMBAYEQUE,11.160759173359361,3.5952127463728547,0.0
4284,8653,56.96436572679025,40349.85894269141,8653.0,537.9981192358856,JUNIN,8653.0,172.9279668972489,JUNIN,9.44446782425712,3.035721800654074,0.0
4286,442,28.872478238982865,20137.686542264684,432.0,243.92450585531762,JUNIN,432.0,79.03331792175943,JUNIN,8.448339759279033,2.7373236639953795,1.0
4288,8653,42.8467689385483,32416.463197779914,8653.0,432.2195093037323,JUNIN,8653.0,138.92769941905672,JUNIN,10.087563660252428,3.2424311765097067,0.0
4289,519,20.971481381660176,10354.489214256326,519.0,146.99654609536603,JUNIN,519.0,44.37638234681283,JUNIN,7.009354438066371,2.11603470156479,0.0
4291,27857,25.729737339744787,17416.058473774032,27857.0,232.214112983654,JUNIN,27857.0,74.64025060188872,JUNIN,9.025125671413376,2.900933251525726,0.0
4292,25383,102.68018236070921,87298.1276486126,25383.0,1123.3909465113713,JUNIN,25383.0,361.07440861456803,JUNIN,10.940679308154786,3.5164955915849045,0.0
4293,442,72.03350758744719,56633.903358489166,442.0,755.0054833709161,JUNIN,442.0,242.68033394065156,JUNIN,10.481309444141049,3.3689923213310506,0.0
4294,4370,60.55645957770872,67992.22720058331,,,LAMBAYEQUE,4370.0,291.39525943107105,LAMBAYEQUE,,4.81195997030077,
4296,8652,2.9831191612788914,1876.8982927357695,8652.0,17.20757919393562,JUNIN,8652.0,8.043849826010439,JUNIN,5.768317745161265,2.6964560887879396,0.0
4297,519,86.26940186136984,53127.70724934769,519.0,642.7294590937116,JUNIN,519.0,206.59161185155025,JUNIN,7.450259828235999,2.394726373361572,0.0
4298,519,29.8929802443023,24777.026390448304,519.0,353.31750357368065,JUNIN,519.0,106.18725595906415,JUNIN,11.819413811743448,3.5522472196228674,0.0
4301,8653,30.87234070422402,30568.0311323562,8653.0,407.4708980027867,JUNIN,8653.0,131.00584771009798,JUNIN,13.198574798931125,4.243469873736315,0.0
4302,4370,37.25911618924922,27063.004498679045,4370.0,360.8400599823873,LAMBAYEQUE,4370.0,115.98430499433876,LAMBAYEQUE,9.684611361943803,3.112910794910508,0.0
4304,4370,107.4773405435015,124609.42141711591,4370.0,1661.4589522282117,LAMBAYEQUE,4370.0,534.040377501925,LAMBAYEQUE,15.458690583767613,4.968864830496731,0.0
4306,11129,79.8410353990575,69933.36665021886,30057.0,941.2338833649275,LAMBAYEQUE,30057.0,297.44006207063904,LAMBAYEQUE,11.78884866235137,3.7254033666270594,1.0
4307,308,64.52238280433801,59894.34470205227,308.0,795.0386444466452,JUNIN,308.0,255.548135714993,JUNIN,12.321904583988685,3.9606121877106473,0.0
4308,340,62.41496652170746,46507.714758285525,432.0,566.4017500278368,JUNIN,432.0,182.05770536609037,JUNIN,9.074774554767188,2.916891821175167,1.0
4309,27857,51.69669368447149,27434.067591785177,27857.0,379.7466219066885,JUNIN,27857.0,117.57457539336507,JUNIN,7.345665551156046,2.2743151836938806,0.0
4310,4370,46.67649085245691,52054.53924971667,4370.0,694.0605233295553,LAMBAYEQUE,4370.0,223.09088249878553,LAMBAYEQUE,14.869595178512055,4.779512735950301,0.0
4311,8653,49.5576414857473,38568.09636604567,8653.0,514.241284880609,JUNIN,8653.0,165.29184156876707,JUNIN,10.37662950583522,3.335345198304176,0.0
4313,8656,23.41047753385593,16029.005703413912,8656.0,214.5523234181406,JUNIN,8656.0,68.69573872891675,JUNIN,9.164799099371544,2.934401428999894,0.0
4315,340,23.828426540601367,13889.37366010741,340.0,184.95937896920404,JUNIN,340.0,59.5258871147461,JUNIN,7.7621314464071265,2.498103977336467,0.0
4316,27857,160.40295143382033,151653.54043299088,432.0,1646.3768279293438,JUNIN,432.0,529.8215643026962,JUNIN,10.264005825407846,3.303066181555219,1.0
4317,11129,25.31081329745031,32547.984754684636,10972.0,429.89382556255407,LAMBAYEQUE,,,LAMBAYEQUE,16.98459154632773,,1.0
4318,519,53.78249482298093,35176.33525677321,519.0,469.0178034236426,JUNIN,519.0,150.75572252902796,JUNIN,8.72064051634946,2.803063023112326,0.0
4319,8653,37.100708714374456,35582.51626049982,8653.0,474.43355013999775,JUNIN,8653.0,152.4964982592849,JUNIN,12.787722029584335,4.110339223794962,0.0
4321,1,102.55435769200375,81529.43936306074,,,LORETO,1.0,350.4915577902942,LORETO,,3.417617404839174,
4322,11129,46.81950371658227,44854.16970521822,30057.0,614.2984481912542,LAMBAYEQUE,30057.0,189.95778944920778,LAMBAYEQUE,13.12056727277281,4.0572362876612384,1.0
4324,8653,42.56165403568755,34485.25411412938,8653.0,459.80338818839175,JUNIN,8653.0,147.79394620341165,JUNIN,10.80323118558435,3.47246716679497,0.0
4325,8653,66.0617595067845,64230.139590482206,8653.0,836.3009201304978,JUNIN,8653.0,262.3836378191946,JUNIN,12.659380046403552,3.9717930581647307,0.0
4326,8653,33.64133816576662,29222.222465537252,8653.0,392.0880707829235,JUNIN,8653.0,125.23809628087395,JUNIN,11.654948707775002,3.722744192391136,0.0
4327,442,452.60530040938056,356805.6724910243,442.0,4756.031110553919,JUNIN,442.0,1529.1307730800888,JUNIN,10.508120665516065,3.3785083199356993,0.0
4328,519,23.79097553026952,12989.91338232919,519.0,195.6740195522906,JUNIN,519.0,55.671057352839384,JUNIN,8.224716103101043,2.340007339421979,0.0
4330,4370,15.254068704213589,16481.879183383066,4370.0,219.7583891117742,LAMBAYEQUE,4370.0,70.6366250716417,LAMBAYEQUE,14.406542501743875,4.630674375560531,0.0
4331,519,84.91829091421674,58738.11949793418,519.0,783.1749266391222,JUNIN,519.0,251.73479784828928,JUNIN,9.222688283143551,2.9644355195818557,0.0
4332,8656,14.452110721110873,11004.221596984074,8656.0,146.72295462645428,JUNIN,8656.0,47.160949701360316,JUNIN,10.15235472920431,3.263256877244243,0.0
4334,4370,11.319066758139536,10289.65889896541,4370.0,137.19545198620548,LAMBAYEQUE,4370.0,44.09853813842319,LAMBAYEQUE,12.120738831012574,3.895951767111184,0.0
4336,519,29.1501777458103,26181.822697067855,519.0,361.89304602104806,JUNIN,519.0,112.20781155886223,JUNIN,12.414780080476946,3.8493011101789816,0.0
4337,340,71.5360269805367,41357.5615190498,340.0,551.2018837551026,JUNIN,340.0,177.24669222449918,JUNIN,7.705234788969645,2.477726254950165,0.0
4339,340,3.0890670610793416,2064.275864150095,340.0,27.523678188667926,JUNIN,340.0,8.846896560643264,JUNIN,8.910029353344942,2.8639380064323037,0.0
4341,520,127.7877451682352,83384.4479494565,520.0,1131.0075967453517,JUNIN,520.0,363.5381560967202,JUNIN,8.850673397956564,2.844859306486038,0.0
4342,4370,29.4483629591725,27918.592512478986,4370.0,372.24790016638644,LAMBAYEQUE,4370.0,119.65111076776707,LAMBAYEQUE,12.640699270192867,4.063081908276279,0.0
4343,25973,16.87377408674698,11679.87503948633,25383.0,151.920819723104,JUNIN,25383.0,47.92806625247111,JUNIN,9.003369308021364,2.8403880487006656,1.0
4345,4370,30.795431264114924,21355.259329757708,4370.0,284.73679106343604,LAMBAYEQUE,4370.0,91.5225399846759,LAMBAYEQUE,9.246072530090919,2.971951884672082,0.0
4346,34252,12.890375955267881,8771.897576575488,34252.0,116.95863435433982,JUNIN,34252.0,37.593846756752086,JUNIN,9.07332996029046,2.916427487236219,0.0
4348,365,5.8635336314378925,4610.126857718268,365.0,61.46835810291024,JUNIN,365.0,19.7576865330783,JUNIN,10.483159467755382,3.369586971778517,0.0
4349,520,16.986734898709337,12226.179239024097,520.0,163.01572318698797,JUNIN,520.0,52.39791102438898,JUNIN,9.596648452986337,3.0846370027456076,0.0
4353,1,3.584292813271121,2705.6772920732,1.0,36.07569722764267,LORETO,1.0,11.595759823170857,LORETO,10.064941428353626,3.2351597448279503,0.0
4355,753,58.49524312329967,48008.48295276796,753.0,641.9325983240243,JUNIN,753.0,203.95065849134915,JUNIN,10.974099158301154,3.486619554028523,0.0
4357,4370,147.22923069579315,113129.69323301064,4370.0,1508.395909773475,LAMBAYEQUE,4370.0,484.8415424271884,LAMBAYEQUE,10.245220345477057,3.293106539617625,0.0
4359,11020,3.2955058419165515,1984.2633111563698,11020.0,25.891743291757518,LAMBAYEQUE,11020.0,8.503985619241588,LAMBAYEQUE,7.856682565217296,2.5804796068259934,0.0
4360,4370,86.42150367050694,88702.80592260924,4370.0,1182.7040789681225,LAMBAYEQUE,4370.0,380.1548825254678,LAMBAYEQUE,13.685298551126042,4.398845962861941,0.0
4361,27694,2.158481773874618,1635.1380834996187,27694.0,21.801841113328244,JUNIN,27694.0,7.007734643569793,JUNIN,10.100544455463478,3.246603574970404,0.0
4362,8653,37.56118124257077,31169.61781070461,8653.0,415.59490414272835,JUNIN,8653.0,133.58407633159115,JUNIN,11.06447908170963,3.556439704835235,0.0
4363,8653,11.55372444846607,13107.791054334437,8653.0,174.77054739112592,JUNIN,8653.0,56.17624737571902,JUNIN,15.126771299650418,4.862176489173347,0.0
4364,4370,39.55028874942282,45809.694407242045,4370.0,610.7959254298936,LAMBAYEQUE,4370.0,196.32726174532286,LAMBAYEQUE,15.443526324161345,4.963990604194716,0.0
4368,519,77.68708645249527,52661.44818937151,519.0,702.1526425249536,JUNIN,519.0,225.69192081159224,JUNIN,9.03821567506347,2.9051407526989723,0.0
4369,8653,1.3780091316524528,523.214757730091,8653.0,6.976196769734545,JUNIN,8653.0,2.24234896170039,JUNIN,5.062518534524494,1.6272381003828735,0.0
4370,8653,72.01510030274632,49096.125472297725,8653.0,654.6150062973031,JUNIN,8653.0,210.4119663098473,JUNIN,9.089968680809283,2.9217756474029817,0.0
4371,432,15.527770036770796,14352.250337675287,432.0,167.15622007442715,JUNIN,432.0,61.50964430432265,JUNIN,10.76498555031341,3.9612670820512994,0.0
4372,519,66.87419720427565,43027.281498847726,519.0,526.9850284734042,JUNIN,519.0,169.38804486645128,JUNIN,7.880244556262293,2.5329357502271646,0.0
4373,8653,38.7322175784841,30384.74778335017,8653.0,405.1299704446691,JUNIN,8653.0,130.22034764292926,JUNIN,10.45976697883987,3.3620679574842414,0.0
4375,20274,40.91555923064259,27738.43578490741,20274.0,370.4356189113045,LORETO,20274.0,118.87901050674603,LORETO,9.053661391333907,2.905471970616861,0.0
4376,519,50.4614579611328,37199.26439968373,519.0,497.0481760195222,JUNIN,519.0,159.42541885578737,JUNIN,9.85005578717853,3.1593502307956,0.0
4377,4370,65.69721984003311,72808.14137280398,4370.0,970.775218304052,LAMBAYEQUE,4370.0,312.0348915977306,LAMBAYEQUE,14.776503795256533,4.749590505618165,0.0
4378,4370,115.81656175945156,116782.82883507317,4370.0,1557.104384467642,LAMBAYEQUE,4370.0,500.49783786459915,LAMBAYEQUE,13.44457442711616,4.321470351573051,0.0
4379,11129,190.1041212000901,139197.26900367506,30057.0,1787.3544769412918,LAMBAYEQUE,30057.0,572.3084626713246,LAMBAYEQUE,9.401976483508474,3.0105000305014604,1.0
4380,520,30.184073730133314,24343.5879477005,520.0,310.03957128213113,JUNIN,520.0,97.33804202411918,JUNIN,10.271627814525676,3.224814612314733,0.0
4381,4370,88.21418498175498,68580.11723154807,4370.0,914.4015630873073,LAMBAYEQUE,4370.0,293.914788135206,LAMBAYEQUE,10.365697572067685,3.331831362450328,0.0
4382,27857,99.9549885338637,101179.87003509204,27857.0,1361.7050243387625,JUNIN,27857.0,433.62801443610863,JUNIN,13.623182237447121,4.338232846569734,0.0
4383,8475,33.394190609976185,18175.9734344228,37650.0,232.84714485584004,JUNIN,37650.0,74.84372513223433,JUNIN,6.972684188557014,2.2412199177504695,1.0
4384,519,18.045037493519626,13536.578820323306,519.0,180.48771760431072,JUNIN,519.0,58.013909229957015,JUNIN,10.002069414880843,3.2149508833545566,0.0
4385,519,31.09982000938526,14969.730475236593,519.0,213.71512105627187,JUNIN,519.0,64.15598775101397,JUNIN,6.871908615283857,2.0629054358402414,0.0
4388,34252,22.13365511150398,11417.948053523854,34252.0,153.60352436959099,JUNIN,34252.0,48.93406308653081,JUNIN,6.9398173774631315,2.210844202641312,0.0
4389,8653,46.92692466545157,34456.541061231546,8653.0,459.42054748308743,JUNIN,8653.0,147.67089026242087,JUNIN,9.790126899607401,3.146826503445234,0.0
4390,340,17.55370748416464,11811.607365132255,340.0,157.4880982017634,JUNIN,340.0,50.62117442199538,JUNIN,8.971785495675762,2.8837881950386377,0.0
4391,8475,33.394190609976185,18175.9734344228,37650.0,232.84714485584004,JUNIN,37650.0,74.84372513223433,JUNIN,6.972684188557014,2.2412199177504695,1.0
4392,442,112.29003715096158,83678.0229935733,442.0,1115.593745172037,JUNIN,442.0,358.58370380529766,JUNIN,9.93493076925644,3.193370604403856,0.0
4393,4370,152.08629299141722,140582.63746430055,4370.0,1874.4351661906746,LAMBAYEQUE,4370.0,602.497017704145,LAMBAYEQUE,12.32481329725392,3.961547131260186,0.0
4394,8653,23.741154414399375,26331.592464555317,8653.0,350.985049098775,JUNIN,8653.0,112.84968199095138,JUNIN,14.78382402861999,4.753335917081872,0.0
4395,520,21.10971667412345,18487.085395813345,520.0,246.494471944178,JUNIN,520.0,79.23036598205722,JUNIN,11.676825215107408,3.7532652477130957,0.0
4398,8653,7.335953198990548,8185.387970603159,8653.0,109.03565584607948,JUNIN,8653.0,35.08023415972783,JUNIN,14.86318858482946,4.781959918249613,0.0
4400,11129,2.2964824513563262,1929.0159315864676,30057.0,20.67944169823474,LAMBAYEQUE,30057.0,6.646963403004023,LAMBAYEQUE,9.004833320638374,2.8944107102051917,1.0
4402,432,17.388684032524957,17948.17653237762,432.0,215.10190267045826,JUNIN,442.0,76.74677467012005,JUNIN,12.370223201946581,4.413604533072644,0.0
4403,432,17.578260811791775,20334.413990323326,432.0,271.1255198709777,JUNIN,432.0,87.14748852995709,JUNIN,15.42391040694438,4.957685487946406,0.0
4404,11129,49.22735875131323,46631.430325859765,10972.0,620.3813616045136,LAMBAYEQUE,10972.0,233.78952118423004,LAMBAYEQUE,12.602369441321361,4.749178650134124,1.0
4405,520,37.67609437291945,32828.75209674483,520.0,437.7166946232644,JUNIN,520.0,140.69465184319213,JUNIN,11.617889325011438,3.7343215687536766,0.0
4406,27857,31.25707775422116,33168.90896174477,27857.0,442.15027378951487,JUNIN,27857.0,142.15246697890615,JUNIN,14.145604949579907,4.54784890950687,0.0
4407,27857,51.99574066163288,47320.61555273203,27857.0,630.8396950026785,JUNIN,27857.0,202.80263808313725,JUNIN,12.132526375726167,3.9003702130698414,0.0
4409,8653,10.924621138049822,12373.837192182149,8653.0,164.98449589576202,JUNIN,8653.0,53.03073082363778,JUNIN,15.102079404944359,4.854239808732114,0.0
4410,340,60.394406511125226,51783.44793871198,340.0,690.4459725161598,JUNIN,340.0,221.92906259447994,JUNIN,11.432283424938916,3.6746625294446513,0.0
4412,37783,36.91351429313139,39001.794831220526,20274.0,516.7025044661993,LORETO,20274.0,166.0829478641356,LORETO,13.997651384884362,4.499245087998548,1.0
4414,27857,17.78648577452715,13061.900613711416,27857.0,174.1586748494855,JUNIN,27857.0,55.979574058763205,JUNIN,9.791629277263201,3.147309410548887,0.0
4416,4370,14.340248371344638,10629.87903103923,4370.0,141.73172041385644,LAMBAYEQUE,4370.0,45.55662441873957,LAMBAYEQUE,9.883491327602908,3.1768364981580772,0.0
4417,520,26.314998050293354,16731.104179712114,520.0,212.35365922942626,JUNIN,520.0,71.70473219876622,JUNIN,8.06968173904383,2.724861771288137,0.0
4418,162,3.261408981957694,1358.9204091490394,162.0,16.21056480390072,LORETO,162.0,5.82394461063874,LORETO,4.970417661071799,1.7857142857142858,0.0
4419,365,46.35635894237775,29438.53017364227,27857.0,383.8089631024449,JUNIN,27857.0,121.62191581388052,JUNIN,8.279532125884394,2.623629607430125,1.0
4420,30057,30.063321751729976,27610.38411060251,30057.0,368.13845480803354,LAMBAYEQUE,30057.0,118.3302176168679,LAMBAYEQUE,12.245435080268509,3.9360327043720194,0.0
4421,753,1.6834822539545626,1055.0210070329895,753.0,14.066946760439857,JUNIN,753.0,4.521518601569954,JUNIN,8.355862811975637,2.685813046706455,0.0
4422,520,45.57483072149506,39412.886886977496,519.0,364.25940879845393,JUNIN,519.0,117.08338139950305,JUNIN,7.992556484179182,2.56903601277188,1.0
4423,520,21.192769190652907,11823.23436041172,520.0,161.9864353987099,JUNIN,520.0,50.67100440176452,JUNIN,7.6434766000355525,2.3909572149784473,0.0
4424,27857,39.19624793496734,21456.0116523408,27857.0,301.47045318765566,JUNIN,27857.0,91.95433565288914,JUNIN,7.6913089663031515,2.345998418151035,0.0
4426,442,17.163775659088376,9959.015897751759,442.0,143.00875577435053,JUNIN,442.0,45.436485533785216,JUNIN,8.332010311415722,2.6472313805690058,0.0
4427,4370,27.022991346108313,19553.292040281558,4370.0,260.7105605370875,LAMBAYEQUE,4370.0,83.79982302977812,LAMBAYEQUE,9.64773134098766,3.1010565024603194,0.0
4428,34252,22.627353680264253,18808.888913683306,34252.0,250.78518551577736,JUNIN,34252.0,80.60952391578563,JUNIN,11.083275095245188,3.562481280614527,0.0
4431,11409,39.28009942853282,16679.219639836516,11409.0,337.2260478055866,LORETO,11409.0,98.98398872110631,LORETO,8.585162785016466,2.5199526009652855,0.0
4433,10972,8.935144128352382,7233.434362199073,10972.0,96.26056257186224,LAMBAYEQUE,10972.0,31.000432980853173,LAMBAYEQUE,10.773252360464435,3.4694944519680146,0.0
4434,8656,42.81625245108363,40582.41149968064,8656.0,541.0988199957418,JUNIN,8656.0,173.92462071291703,JUNIN,12.637696879565349,4.062116854146006,0.0
4435,10972,11.140488413275543,7360.532447079987,10972.0,97.9552037036078,LAMBAYEQUE,10972.0,31.545139058914234,LAMBAYEQUE,8.792720756019966,2.831575949697459,0.0
4438,519,54.334226955721554,36328.146958905214,519.0,489.40496083903736,JUNIN,519.0,155.69205839530798,JUNIN,9.007305123488125,2.865450879096627,0.0
4439,340,77.88771469852708,53530.51927042278,340.0,713.7402569389706,JUNIN,340.0,229.41651115895473,JUNIN,9.163707777299415,2.9454774998462394,0.0
4440,4370,152.10316385287825,107752.78858753566,4370.0,1450.5863010110538,LAMBAYEQUE,4370.0,461.79766537515286,LAMBAYEQUE,9.53685817090651,3.0360819175452955,0.0
4441,27857,126.97317069759731,112664.94094026177,27857.0,1514.8393030743587,JUNIN,27857.0,482.84974688683593,JUNIN,11.93038887468708,3.802769862594073,0.0
4442,11020,8.155471420949814,6861.063579715455,11020.0,91.57966689536529,LAMBAYEQUE,11020.0,29.404558198780524,LAMBAYEQUE,11.229230312807548,3.605500734543187,0.0
4443,11129,8.786768141252079,9438.231636595827,10972.0,121.76378398803655,LAMBAYEQUE,10972.0,39.13912384746408,LAMBAYEQUE,13.857630249326883,4.4543253239736575,1.0
4444,442,70.62390486664485,66669.70079830279,442.0,889.6621138412094,JUNIN,442.0,285.7272891355834,JUNIN,12.597181018539096,4.045758864156636,0.0
4445,27857,22.522999364474828,14293.81574379649,27857.0,189.2421254537303,JUNIN,27857.0,61.25921033055639,JUNIN,8.402172481175795,2.7198513545748964,0.0
4447,4370,129.10025723005086,112462.40855649892,4370.0,1509.7422769087502,LAMBAYEQUE,4370.0,481.9817509564239,LAMBAYEQUE,11.694339804594327,3.733391096948429,0.0
4449,432,37.665053666123384,25743.667611446002,432.0,343.2489014859466,JUNIN,432.0,110.33000404905425,JUNIN,9.113192948790903,2.9292405906827903,0.0
4452,4370,126.95674782595509,95683.99382758119,4370.0,1289.7529492279589,LAMBAYEQUE,4370.0,410.0742592610624,LAMBAYEQUE,10.158994864897455,3.2300312215246163,0.0
4453,519,55.33986049083114,38200.17218397966,519.0,512.5654914451537,JUNIN,519.0,163.71502364562707,JUNIN,9.262139204887895,2.9583562768965024,0.0
4454,36915,1.3427725359534364,714.9792894500741,36915.0,9.533057192667654,LORETO,36915.0,3.0641969547860315,LORETO,7.099532450519403,2.2819925733812365,0.0
4455,519,46.44410915514007,34602.8340045365,519.0,461.37112006048665,JUNIN,519.0,148.2978600194421,JUNIN,9.933899658174964,3.1930391758419523,0.0
4458,4370,54.60138364516693,57937.86473434725,4370.0,772.5048631246297,LAMBAYEQUE,4370.0,248.3051345757738,LAMBAYEQUE,14.148082183133619,4.547597844578663,0.0
4459,30057,35.58129884122506,33528.29937617092,30057.0,447.0439916822791,LAMBAYEQUE,30057.0,143.69271161216108,LAMBAYEQUE,12.564015543028091,4.038433567401885,0.0
4461,520,89.31426673639957,62810.5576361444,520.0,822.0195128274717,JUNIN,520.0,260.4104616303602,JUNIN,9.203675323826644,2.915664777262637,0.0
4463,8653,37.100708714374456,35582.51626049982,8653.0,474.43355013999775,JUNIN,8653.0,152.4964982592849,JUNIN,12.787722029584335,4.110339223794962,0.0
4464,27694,2.5547427147442234,1256.2861860960784,27694.0,16.750482481281047,JUNIN,27694.0,5.384083654697481,JUNIN,6.556622075721656,2.1074856671962467,0.0
4466,27857,26.55390515200261,25968.45767590182,27857.0,348.40370708439895,JUNIN,27857.0,111.29339003957924,JUNIN,13.120620303869822,4.191224959285728,0.0
4468,442,15.688335750027493,7442.060919321743,442.0,106.98233844842002,JUNIN,442.0,31.89454679709318,JUNIN,6.819228001812273,2.0330102125100993,0.0
4469,519,28.780313361442218,21052.03924847431,519.0,280.69385664632404,JUNIN,519.0,90.22302535060416,JUNIN,9.752981252190859,3.1348868310613476,0.0
4470,8656,3.2777344036695295,1559.3055448606908,8656.0,20.79074059814254,JUNIN,8656.0,6.682738049402959,JUNIN,6.3430217454064115,2.038828418166346,0.0
4472,519,26.7599868289993,23778.37167561984,519.0,331.4693914190858,JUNIN,519.0,97.74154549476603,JUNIN,12.386754654896864,3.652525919364255,0.0
4473,4370,32.89289504765627,24577.59465684274,4370.0,327.70126209123646,LAMBAYEQUE,4370.0,105.332548529326,LAMBAYEQUE,9.962676183305012,3.2022887732051823,0.0
4474,520,40.27268814423386,20369.37992385751,520.0,285.6554370258368,JUNIN,520.0,87.29734253081787,JUNIN,7.093031287178585,2.167656209542518,0.0
4475,432,24.887853083560625,18976.923110786844,432.0,253.02564147715793,JUNIN,432.0,81.32967047480076,JUNIN,10.166631915883938,3.2678459729626943,0.0
4476,365,44.87606869262569,33839.39813899269,365.0,827.5660391429395,JUNIN,365.0,266.7960848672071,JUNIN,18.44114387138663,5.945175070806697,0.0
4477,27857,4.861836364390592,3852.4927550224984,27857.0,51.36657006696666,JUNIN,27857.0,16.510683235810706,JUNIN,10.565260987224775,3.3959767458936767,0.0
4485,308,15.6229271401446,12302.572863381263,308.0,169.75257229559395,JUNIN,308.0,52.72531227163402,JUNIN,10.865606091152953,3.3748677055627625,0.0
4487,8653,81.10145221687232,72254.10743392893,519.0,955.9780173289644,JUNIN,519.0,307.27864842716696,JUNIN,11.787434024887695,3.788818079428186,1.0
4488,30057,39.70688850616872,35612.97347297224,30057.0,474.8396463062967,LAMBAYEQUE,30057.0,152.62702916988107,LAMBAYEQUE,11.958621392167943,3.843842590339696,0.0
4489,520,0.8075642460738472,865.1689609002173,520.0,11.535586145336229,JUNIN,520.0,3.7078669752866453,JUNIN,14.284419105252665,4.591420426688357,0.0
4490,4370,13.163424711573231,8865.837437471735,4370.0,118.21116583295647,LAMBAYEQUE,4370.0,37.996446160593145,LAMBAYEQUE,8.980274390829742,2.886516768480988,0.0
4491,4370,4.206575093794151,2159.912963341027,4370.0,28.798839511213696,LAMBAYEQUE,4370.0,9.256769842890115,LAMBAYEQUE,6.846148914279425,2.2005478653041006,0.0
4492,520,18.257105421915824,16891.23796409582,520.0,220.38333645387763,JUNIN,520.0,72.39101984612493,JUNIN,12.07109951774335,3.965087464479817,0.0
4493,519,4.476948962326347,3127.4638599262153,519.0,41.69951813234954,JUNIN,519.0,13.403416542540924,JUNIN,9.314271501250555,2.9938729825448216,0.0
4494,519,46.75283417203408,27641.354118897187,519.0,368.55138825196275,JUNIN,519.0,118.46294622384514,JUNIN,7.882974257685054,2.5338131542559093,0.0
4496,8656,18.01553080129824,15832.620380448332,8656.0,211.10160507264442,JUNIN,8656.0,67.85408734477858,JUNIN,11.717756606840135,3.76642176648433,0.0
4498,8656,34.05314578765929,23741.991332214377,8656.0,316.5598844295251,JUNIN,8656.0,101.75139142377594,JUNIN,9.296054068057495,2.988017379018481,0.0
4500,520,84.54733799137989,62115.96893967081,520.0,819.9525848615871,JUNIN,520.0,262.5711982933856,JUNIN,9.698147858247012,3.1056116553327353,0.0
4501,432,69.34163788181334,41581.95971929098,432.0,554.4261295905462,JUNIN,432.0,178.20839879696126,JUNIN,7.995573028365962,2.5700056162604876,0.0
4503,519,101.25828411671635,81387.0216188119,519.0,1103.2549492026783,JUNIN,519.0,348.8015212234795,JUNIN,10.895453728319163,3.4446714584006775,0.0
4504,4370,33.72097327135866,31038.210564703735,4370.0,418.6903916277816,LAMBAYEQUE,4370.0,133.02090242015896,LAMBAYEQUE,12.41631990448513,3.944752761129287,0.0
4505,442,165.4751153080668,136281.6256160694,442.0,1805.53077541585,JUNIN,442.0,581.0376186666902,JUNIN,10.911192127314576,3.5113292870953208,0.0
4506,519,49.53508627853844,36312.09035166105,519.0,509.3235666923838,JUNIN,519.0,163.003776899614,JUNIN,10.282076906627964,3.290673119716297,0.0
4507,26707,0.23293446282032382,126.77448633689855,26707.0,1.9446760368796068,LAMBAYEQUE,26707.0,0.5433192271581367,LAMBAYEQUE,8.348597340787872,2.3324982511378365,0.0
4508,4370,195.0484982621263,143243.46140534713,4370.0,1909.9128187379624,LAMBAYEQUE,4370.0,613.9005488800594,LAMBAYEQUE,9.79198935523833,3.147425149898035,0.0
4509,519,50.389790309669166,42138.527155684234,519.0,561.8470287424565,JUNIN,519.0,180.59368781007527,JUNIN,11.150017201691849,3.583934100543808,0.0
4510,442,23.90858093227901,16398.556531747454,442.0,215.3501387529015,JUNIN,442.0,68.77760986155725,JUNIN,9.007232146603773,2.876691429590474,0.0
4511,4370,51.46651936358062,59976.035637032044,4370.0,799.6804751604269,LAMBAYEQUE,4370.0,257.0401527301371,LAMBAYEQUE,15.537877537650365,4.994317779959044,0.0
4512,4370,98.41573233361885,94669.3650323709,4370.0,1267.1057845300102,LAMBAYEQUE,4370.0,405.7258501387323,LAMBAYEQUE,12.87503282742089,4.122571061742089,0.0
4513,753,10.488333705048193,6823.605443097991,753.0,90.98140590797323,JUNIN,753.0,29.24402332756283,JUNIN,8.674533864629279,2.7882430279165544,0.0
4514,34252,17.43734804916562,9053.819565758642,34252.0,122.08181119938813,JUNIN,34252.0,38.80208385325132,JUNIN,7.0011684606610665,2.225228500563651,0.0
4516,308,19.350550092948996,15396.791255120963,308.0,205.29055006827954,JUNIN,308.0,65.98624823623274,JUNIN,10.609029153289232,3.4100450849858257,0.0
4517,519,23.013122340940388,11584.237676772385,519.0,161.34069233321202,JUNIN,519.0,49.64673290045309,JUNIN,7.010812785112024,2.157322772848231,0.0
4518,4370,67.87765486237207,65805.71117414144,4370.0,877.4094823218855,LAMBAYEQUE,4370.0,282.02447646060597,LAMBAYEQUE,12.92633760109878,4.154894228924607,0.0
4519,4370,206.35039498181848,149245.63390753095,,,LAMBAYEQUE,,,LAMBAYEQUE,,,
4520,8653,49.5576414857473,38568.09636604567,8653.0,514.241284880609,JUNIN,8653.0,165.29184156876707,JUNIN,10.37662950583522,3.335345198304176,0.0
4521,34252,37.79800918160875,31591.43908512442,34252.0,306.54536074316536,JUNIN,34252.0,135.3918817933903,JUNIN,8.110092763624179,3.5819844675646957,0.0
4522,753,86.07829245960548,84053.18001886073,8652.0,891.4080034516397,JUNIN,8652.0,289.0440900829457,JUNIN,10.355781672480974,3.3579208163148366,1.0
4523,519,13.939677342341344,11483.898744734164,519.0,153.11864992978883,JUNIN,519.0,49.216708906003554,JUNIN,10.984375475083315,3.530692116991066,0.0
4524,4370,28.52385915605819,21459.796506102626,4370.0,286.1306200813683,LAMBAYEQUE,4370.0,91.97055645472555,LAMBAYEQUE,10.031273065678315,3.224337771110888,0.0
4526,30057,23.65943465473917,19537.270657211848,30057.0,260.496942096158,LAMBAYEQUE,30057.0,83.73115995947934,LAMBAYEQUE,11.01027754456417,3.5390177821813396,0.0
4528,4370,11.450059821089955,10461.497793576309,4370.0,139.48663724768414,LAMBAYEQUE,4370.0,44.83499054389848,LAMBAYEQUE,12.182175414556578,3.9156992403931863,0.0
4529,27694,0.7779564439259696,493.34478023244634,27694.0,6.577930403099286,JUNIN,27694.0,2.1143347724247703,JUNIN,8.455396769906107,2.7178061046126776,0.0
4531,10972,16.177936540516846,12408.781397164017,10972.0,165.2651897047282,LAMBAYEQUE,10972.0,53.18049170213152,LAMBAYEQUE,10.21546779410524,3.2872234088039347,0.0
4532,308,20.769986932456234,10625.956840764007,308.0,143.09536390130467,JUNIN,308.0,45.539815031845755,JUNIN,6.889525947543886,2.192577933724307,0.0
4533,520,4.173063560935441,2343.3553058627313,520.0,29.976559352977336,JUNIN,520.0,10.042951310840277,JUNIN,7.183345979579985,2.4066135500196,0.0
4534,8653,44.209169144425125,35303.08745547266,8653.0,470.7078327396355,JUNIN,8653.0,151.29894623773995,JUNIN,10.64728973308454,3.422343128491459,0.0
4537,27857,37.04545451967548,39922.01518810815,27857.0,532.1916901410267,JUNIN,27857.0,171.09435080617777,JUNIN,14.365910664110505,4.618497816386801,0.0
4540,432,5.661019346804422,4874.741822487977,432.0,64.996557633173,JUNIN,432.0,20.891750667805606,JUNIN,11.481422982569876,3.690457387254603,0.0
4542,340,37.48977922907086,22068.722416875888,340.0,294.2496322250119,JUNIN,340.0,94.58023892946807,JUNIN,7.848796079248197,2.5228273111869193,0.0
4544,11129,19.108376575542273,9939.961177413266,30057.0,143.22927834132793,LAMBAYEQUE,30057.0,40.64578541448356,LAMBAYEQUE,7.495627782668568,2.127118714339556,1.0
4545,519,89.10966631653632,70945.86335499362,519.0,937.6254461443915,JUNIN,519.0,299.4804142295363,JUNIN,10.522151915750063,3.36080726826783,0.0
4546,11409,7.461810327735032,4865.901749434383,11409.0,65.00009398632707,LORETO,11409.0,21.271571198989662,LORETO,8.711035409828929,2.85072526165999,0.0
4547,4370,82.62661678669274,79430.92649209226,4370.0,1059.0790198945633,LAMBAYEQUE,4370.0,340.41825639468095,LAMBAYEQUE,12.817649579295509,4.119958793344983,0.0
4548,1,68.78151772895922,54936.09235738266,1.0,746.1932905357303,LORETO,1.0,235.4403958173541,LORETO,10.8487470933134,3.4230183280504463,0.0
4551,8653,48.12790461539906,37257.50423489312,8653.0,496.7667231319083,JUNIN,8653.0,159.67501814954187,JUNIN,10.321802436687888,3.317722211792534,0.0
4552,442,18.193479723630258,7606.148470540681,442.0,110.63005058963422,JUNIN,442.0,32.59777915946006,JUNIN,6.080752680090355,1.7917286662386553,0.0
4554,519,17.846560723441044,6891.724822495707,519.0,107.70017272115265,JUNIN,519.0,29.535963524981604,JUNIN,6.0347858834050285,1.6549947064134771,0.0
4555,10972,11.668025265002905,10376.150126429498,10972.0,138.16343942826785,LAMBAYEQUE,10972.0,44.469214827554985,LAMBAYEQUE,11.841201599269374,3.8112031657092844,0.0
4556,4370,21.838387504139217,16491.50454061605,4370.0,219.886727208214,LAMBAYEQUE,4370.0,70.67787660264015,LAMBAYEQUE,10.068816993312213,3.2364054621360654,0.0
4557,8653,49.19603086952533,39785.70195049578,8653.0,530.4760260066105,JUNIN,8653.0,170.5101512164105,JUNIN,10.782902942180563,3.4659330885580375,0.0
4559,340,8.663454650217277,9523.032231025089,340.0,126.9737630803345,JUNIN,340.0,40.812995275821805,JUNIN,14.65625067676092,4.710937717530296,0.0
4560,11129,99.27670041802952,84745.10922859263,30057.0,1137.7701093599396,LAMBAYEQUE,30057.0,360.91895883509795,LAMBAYEQUE,11.46059553318223,3.6354850364220193,1.0
4561,4370,116.8502206805157,123068.87335141149,4370.0,1640.9183113521528,LAMBAYEQUE,4370.0,527.4380286489061,LAMBAYEQUE,14.042920088603386,4.513795742765373,0.0
4562,308,8.243778602065989,8896.797688515866,308.0,118.62396918021152,JUNIN,308.0,38.1291329507823,JUNIN,14.38951419079631,4.625200989898818,0.0
4563,27857,59.545256575687546,57735.99617949474,27857.0,767.7074315586666,JUNIN,27857.0,246.49343289735742,JUNIN,12.892839425132701,4.1395981321205895,0.0
4564,4370,16.38345396381392,8623.901313434957,4370.0,114.98535084579939,LAMBAYEQUE,4370.0,36.95957705757837,LAMBAYEQUE,7.0183827598116455,2.2559087442251715,0.0
4565,432,30.649303253069107,20929.56273343246,432.0,277.103908766721,JUNIN,432.0,89.69812600042484,JUNIN,9.041116089285746,2.9265959248663442,0.0
4566,27857,10.578949735097778,8423.914014681763,27857.0,112.34251328000218,JUNIN,27857.0,36.10248863435041,JUNIN,10.619439178095673,3.4126722915199412,0.0
4567,4370,35.22264866902219,29694.41940993745,4370.0,400.7731762308978,LAMBAYEQUE,4370.0,127.26179747116059,LAMBAYEQUE,11.378280492102002,3.6130672246430318,0.0
4568,20274,64.38961033965003,41322.38827471302,20274.0,551.5549854420459,LORETO,20274.0,177.09594974877004,LORETO,8.565900345298529,2.750380827195616,0.0
4569,340,56.66309335750566,46881.74623176164,340.0,636.6415530664741,JUNIN,340.0,200.92176956469277,JUNIN,11.235559432833961,3.545901885324417,0.0
4570,25383,18.523679643319316,19820.130447485422,25383.0,264.26840596647224,JUNIN,25383.0,84.94341620350897,JUNIN,14.266517833122986,4.585666446360962,0.0
4571,27857,80.69898083370178,82363.83027040129,27857.0,1108.936704404652,JUNIN,27857.0,352.98784401600557,JUNIN,13.741644478631803,4.374130136084563,0.0
4572,4370,28.324601294629176,20100.074242042323,4370.0,268.0009898938977,LAMBAYEQUE,4370.0,86.14317532303855,LAMBAYEQUE,9.461774487350516,3.0412846566483798,0.0
4573,442,166.26465741445224,115163.21814727623,442.0,1534.1317193039413,JUNIN,442.0,493.5202544640242,JUNIN,9.227046464118777,2.9682811857832987,0.0
4576,30057,28.015722892003332,30520.836578481107,30057.0,406.94448771308157,LAMBAYEQUE,30057.0,130.80358533634762,LAMBAYEQUE,14.5255751308576,4.668934863489942,0.0
4578,8653,34.82639453296512,34470.44154667913,8653.0,459.6058872890553,JUNIN,8653.0,147.730463771482,JUNIN,13.197056240031186,4.241910934295737,0.0
4579,308,44.83402740827445,32409.710758713205,308.0,428.57685853545723,JUNIN,308.0,137.75684738639697,JUNIN,9.559187146688505,3.0725958685784476,0.0
4580,753,15.481844153283836,11898.056078597245,8652.0,138.29451645833137,JUNIN,8652.0,47.08367027713327,JUNIN,8.932690129747746,3.041218462798336,1.0
4582,4370,101.31332157245856,108185.10908930023,4370.0,1442.4681211906689,LAMBAYEQUE,4370.0,463.6504675255721,LAMBAYEQUE,14.237694498635364,4.5764018031327955,0.0
4584,8653,78.4552638504998,52852.88754182059,8653.0,704.7051672242746,JUNIN,8653.0,226.512375179231,JUNIN,8.982254760714635,2.887153315943988,0.0
4586,34252,8.084717510750789,5684.1713352293045,34252.0,75.78895113639074,JUNIN,34252.0,24.360734293839872,JUNIN,9.374347469235518,3.0131831151114157,0.0
4587,37783,34.34285020144368,26724.54870632144,20274.0,353.0058894675446,LORETO,20274.0,113.46617875742506,LORETO,10.278875730957973,3.3039243420936346,1.0
4588,4370,26.63949600437079,25065.827705518484,4370.0,333.21202337658804,LAMBAYEQUE,4370.0,107.10386465676042,LAMBAYEQUE,12.508195474941317,4.020491402659708,0.0
4589,10972,13.20134387385976,9366.53423495276,11020.0,119.30914767139993,LAMBAYEQUE,11020.0,38.411281531721706,LAMBAYEQUE,9.037651682390178,2.9096493431839647,1.0
4591,442,12.676567880076215,11349.974472626009,,,JUNIN,442.0,48.606353001238034,JUNIN,,3.8343464462200947,
4592,8653,76.71328497829695,51327.09870485531,8653.0,684.3613160647378,JUNIN,8653.0,219.97328016366552,JUNIN,8.921027384739832,2.8674730879520856,0.0
4595,442,420.0191597916921,335555.69619597006,442.0,4472.698093286526,JUNIN,442.0,1438.0594461012845,JUNIN,10.648795391869157,3.423794873582643,0.0
4596,365,32.40303061154763,33841.16432433639,365.0,451.2155243244851,JUNIN,365.0,145.03356139001303,JUNIN,13.925102553947013,4.475925820911539,0.0
4598,365,44.87606869262569,33839.39813899269,365.0,448.72575029819734,JUNIN,365.0,145.02599202425432,JUNIN,9.9992214864386,3.2317000185019746,0.0
4600,27857,7.996658767221774,6275.080443507431,27857.0,83.66773924676575,JUNIN,27857.0,26.893201900746135,JUNIN,10.462837252693461,3.3630548312228985,0.0
4601,11470,2.3128383169244855,1527.7903816472856,11470.0,21.034076551246613,LAMBAYEQUE,11470.0,6.5476730642026535,LAMBAYEQUE,9.0944863708488,2.8310120151024964,0.0
4602,4370,31.618207906262054,24541.277258492497,4370.0,327.21703011323336,LAMBAYEQUE,4370.0,105.17690253639644,LAMBAYEQUE,10.349006214499187,3.326466283231882,0.0
4603,432,29.265266831725093,20379.936574313022,432.0,277.3956261075788,JUNIN,432.0,87.34258531848434,JUNIN,9.478663827075286,2.984513547089903,0.0
4604,34252,37.79800918160875,31591.43908512442,34252.0,421.2191878016592,JUNIN,34252.0,135.3918817933903,JUNIN,11.143951676867955,3.5819844675646957,0.0
4605,11129,233.75847437554674,160234.95233419197,30057.0,1839.0474621094088,LAMBAYEQUE,30057.0,588.9240650467907,LAMBAYEQUE,7.867297504495477,2.519369903572563,1.0
4606,340,47.77185940768111,50729.44249511112,340.0,676.3925666014816,JUNIN,340.0,217.41189640761905,JUNIN,14.158807611594163,4.551045303726695,0.0
4607,8653,56.96436572679025,40349.85894269141,8653.0,537.9981192358856,JUNIN,8653.0,172.9279668972489,JUNIN,9.44446782425712,3.035721800654074,0.0
4609,4370,23.998113865523145,26656.510347945412,4370.0,355.42013797260546,LAMBAYEQUE,4370.0,114.24218720548029,LAMBAYEQUE,14.810336344108245,4.760465253463363,0.0
4611,8653,37.100708714374456,35582.51626049982,8653.0,474.43355013999775,JUNIN,8653.0,152.4964982592849,JUNIN,12.787722029584335,4.110339223794962,0.0
4614,432,51.41818314697162,36323.08762895905,432.0,484.3078350527873,JUNIN,432.0,155.67037555268163,JUNIN,9.41899937748601,3.0275355141919316,0.0
4615,8653,79.0741591860615,52130.013670028624,8653.0,695.0668489337152,JUNIN,8653.0,223.4143443001226,JUNIN,8.790063101375797,2.825377425442219,0.0
4617,4370,26.65078357171025,18738.575201221436,4370.0,249.8476693496192,LAMBAYEQUE,4370.0,80.30817943380617,LAMBAYEQUE,9.374871424599762,3.013351529335638,0.0
4619,4370,30.68983648373748,21873.283021147763,4370.0,291.64377361530353,LAMBAYEQUE,4370.0,93.74264151920471,LAMBAYEQUE,9.502943222582672,3.0545174644015733,0.0
4621,4370,17.01789758963322,16566.753771442447,4370.0,220.89005028589932,LAMBAYEQUE,4370.0,71.00037330618191,LAMBAYEQUE,12.97986717351377,4.1721001629151395,0.0
4624,4370,79.80581391369066,92281.30828392126,4370.0,1230.4174437856166,LAMBAYEQUE,4370.0,395.4913212168051,LAMBAYEQUE,15.41764169107157,4.955670543558716,0.0
4625,10972,8.494298188259279,5611.869568032575,11020.0,74.09613743884245,LAMBAYEQUE,11020.0,23.848177411335246,LAMBAYEQUE,8.723044069874692,2.8075512399950737,1.0
4626,4370,28.410301457501195,27031.66236884577,4370.0,358.94642248214393,LAMBAYEQUE,4370.0,114.93935666609445,LAMBAYEQUE,12.634375704146956,4.045692962393644,0.0
4627,442,210.20553499738995,197149.72795664278,442.0,2629.929208799264,JUNIN,442.0,844.927405528469,JUNIN,12.511227208322174,4.0195297689899565,0.0
4629,4370,17.162393826793252,9717.473890923835,4370.0,129.5663185456511,LAMBAYEQUE,4370.0,41.64631667538785,LAMBAYEQUE,7.549431615033636,2.4266030191179544,0.0
4630,8653,31.73121494108026,22261.561060827098,8653.0,299.3725766334979,JUNIN,8653.0,95.40669026068755,JUNIN,9.43463958721355,3.0067140649307746,0.0
4631,340,52.53889245687452,41880.703146859276,340.0,558.4093752914572,JUNIN,340.0,179.48872777225404,JUNIN,10.62849537130643,3.416302083634209,0.0
4632,442,14.583093177562588,12756.840782367373,442.0,170.09121043156486,JUNIN,442.0,54.67217478157442,JUNIN,11.663589360675937,3.7490108659315515,0.0
4634,4370,144.5944526350883,102175.29889947949,4370.0,1376.303683519936,LAMBAYEQUE,4370.0,437.8941381406265,LAMBAYEQUE,9.51837126831761,3.0284297229972994,0.0
4637,340,41.34101208688136,30027.37050510042,340.0,400.3649400680056,JUNIN,340.0,128.68873073614466,JUNIN,9.684449408897088,3.1128587385740643,0.0
4638,11020,8.839821554354547,7725.826838226884,11020.0,103.10984367551768,LAMBAYEQUE,11020.0,33.11068644954379,LAMBAYEQUE,11.664244921858765,3.745628375635397,0.0
4639,520,93.92159426956451,66451.37250012114,520.0,861.1038324443244,JUNIN,520.0,276.7833747142472,JUNIN,9.16832640183757,2.946962057733505,0.0
4640,519,24.78270683829608,20929.39853835066,519.0,279.05864717800875,JUNIN,519.0,89.6974223072171,JUNIN,11.260216609865498,3.619355338885338,0.0
4641,432,50.951686291599785,39771.519550221725,432.0,530.2869273362898,JUNIN,432.0,170.44936950095027,JUNIN,10.40764233594593,3.34531360798262,0.0
4642,520,46.372161826048874,32526.220510193758,520.0,420.57267800707433,JUNIN,520.0,134.4844433905024,JUNIN,9.069507684043833,2.9001115776094304,0.0
4643,520,34.82088502762987,28817.545220908964,520.0,390.217999673386,JUNIN,520.0,123.50376523246705,JUNIN,11.206435429879328,3.5468301605335015,0.0
4644,519,27.622542848636883,15013.793395924515,519.0,200.1839119456602,JUNIN,519.0,64.3448288396765,JUNIN,7.2471210577030165,2.329431768547398,0.0
4645,11020,3.82912579950123,1612.9972453387231,11020.0,21.736050779926348,LAMBAYEQUE,11020.0,6.912845337165958,LAMBAYEQUE,5.676504747573877,1.8053325221298302,0.0
4646,25383,28.41846649527748,24734.723454040046,25383.0,329.7963127205339,JUNIN,25383.0,106.00595766017166,JUNIN,11.605000318202908,3.73017867370808,0.0
4647,520,67.08990119962866,51010.53132399231,520.0,680.1404176532309,JUNIN,520.0,218.61656281710998,JUNIN,10.137746598097472,3.258561406531331,0.0
4650,365,42.96145394845857,43036.92534944281,365.0,571.3594464375324,JUNIN,365.0,184.44396578332632,JUNIN,13.29935078833691,4.293243101236895,0.0
4651,25383,18.464934498282396,20640.43435159354,25383.0,275.20579135458047,JUNIN,25383.0,88.45900436397234,JUNIN,14.904238700666934,4.790648153785803,0.0
4654,340,39.11739421266478,28206.762504260198,340.0,376.0901667234693,JUNIN,340.0,120.88612501825796,JUNIN,9.614397234100657,3.090341968103782,0.0
4658,34252,40.141944797384156,35525.18784755757,34252.0,473.66917130076786,JUNIN,34252.0,152.25080506096094,JUNIN,11.799856078015294,3.792810882219198,0.0
4659,365,27.746980755889233,22352.186516932372,34252.0,286.01865300276876,JUNIN,34252.0,91.93456703660428,JUNIN,10.308100024254422,3.3133178649389223,1.0
4661,30057,25.74559534945564,25150.842969631074,30057.0,338.98560721741006,LAMBAYEQUE,30057.0,107.78932701270462,LAMBAYEQUE,13.16674182966903,4.18670943707595,0.0
4662,4370,18.02451865821885,13338.535965155648,4370.0,178.31403990225053,LAMBAYEQUE,4370.0,57.16515413638134,LAMBAYEQUE,9.892860013820265,3.1715218153864586,0.0
4663,30057,2.4274802816818783,2376.5448305771456,30057.0,31.687264407695288,LAMBAYEQUE,30057.0,10.18519213104491,LAMBAYEQUE,13.053562019354812,4.195787791935474,0.0
4664,8653,56.391642763547985,40013.22269802244,8653.0,533.5096359736327,JUNIN,8653.0,171.48524013438185,JUNIN,9.460792589615737,3.0409690466622,0.0
4665,1,16.949583288686693,13694.252097410199,1.0,190.5833061204131,LORETO,1.0,61.03657336553887,LORETO,11.24412930243668,3.6010663109504786,0.0
4667,519,4.623103103355512,3065.6776621680347,519.0,40.87570216224046,JUNIN,519.0,13.13861855214872,JUNIN,8.841615955433118,2.8419479856749312,0.0
4668,4370,35.51438319422889,28922.96973224299,4370.0,392.63789910377534,LAMBAYEQUE,4370.0,123.9555845667557,LAMBAYEQUE,11.055743160635245,3.490292479214409,0.0
4669,340,45.979711874189746,39001.88819369158,340.0,520.0251759158876,JUNIN,340.0,167.1509494015353,JUNIN,11.30988330981253,3.635319635296885,0.0
4673,27857,14.777929027827488,12276.990376174177,27857.0,163.78085624549698,JUNIN,27857.0,52.6156730407465,JUNIN,11.082801652186205,3.5604226371414347,0.0
4674,519,16.35822424310518,16939.350095746657,519.0,230.73648429696584,JUNIN,519.0,72.59721469605711,JUNIN,14.105228102262924,4.437964269052985,0.0
4675,10972,12.417945379905735,10968.400785230837,10972.0,146.0601148789523,LAMBAYEQUE,10972.0,47.00743193670356,LAMBAYEQUE,11.762019433206836,3.785443605893876,0.0
4676,519,29.670780200885773,13391.636835248108,519.0,199.71536851166954,JUNIN,519.0,57.39272929392047,JUNIN,6.731045397508872,1.9343181711213344,0.0
4677,365,21.58146001390086,16539.64170109953,365.0,220.5285560146604,JUNIN,365.0,70.88417871899799,JUNIN,10.218426180277678,3.284494129374968,0.0
4678,30057,56.79872732555805,58149.17049417506,30057.0,775.3222732556677,LAMBAYEQUE,30057.0,249.21073068932185,LAMBAYEQUE,13.650345875034978,4.387611174118387,0.0
4680,1,18.902096166219174,16568.628525141172,1.0,220.9150470018824,LORETO,1.0,71.00840796489078,LORETO,11.68733060393006,3.7566419798346624,0.0
4681,519,86.62026919951069,68637.18628569321,519.0,915.1624838092425,JUNIN,519.0,294.159369795828,JUNIN,10.56522327010284,3.395964622533056,0.0
4683,1,102.55435769200375,81529.43936306074,,,LORETO,1.0,350.4915577902942,LORETO,,3.417617404839174,
4684,4370,30.795431264114924,21355.259329757708,4370.0,284.73679106343604,LAMBAYEQUE,4370.0,91.5225399846759,LAMBAYEQUE,9.246072530090919,2.971951884672082,0.0
4685,8656,22.444481609996103,24005.510548115988,8656.0,320.0734739748799,JUNIN,8656.0,102.88075949192566,JUNIN,14.260675721391076,4.583788624732844,0.0
4686,8653,66.06740537562614,45626.636764810944,8653.0,608.3551568641461,JUNIN,8653.0,195.54272899204682,JUNIN,9.20809820523969,2.959745851684184,0.0
4687,520,30.74546991569425,25750.60877680779,520.0,272.5912546501483,JUNIN,520.0,87.50567250291635,JUNIN,8.866062395455602,2.846132218595509,0.0
4688,340,38.85305439185844,27908.29552084218,340.0,372.1106069445624,JUNIN,340.0,119.60698080360935,JUNIN,9.577383625791263,3.078444736861478,0.0
4689,11129,102.34135061159246,85701.6210321369,30057.0,1151.6029056864609,LAMBAYEQUE,30057.0,365.0182951360021,LAMBAYEQUE,11.252567010347976,3.5666745939412645,1.0
4691,4370,21.824598159724218,25393.79423253289,4370.0,338.5839231004383,LAMBAYEQUE,4370.0,108.83054671085516,LAMBAYEQUE,15.513867454626105,4.986600253272676,0.0
4692,27857,34.88077072130469,18762.076339534466,27857.0,255.59068731972064,JUNIN,27857.0,80.40889859800484,JUNIN,7.327552747095964,2.305250054262482,0.0
4694,432,40.54405750895707,32750.331606993423,432.0,436.6710880932456,JUNIN,432.0,140.35856402997183,JUNIN,10.77028583034087,3.4618775883238513,0.0
4695,753,9.173163433861337,8570.478816957551,8652.0,90.08478957751619,JUNIN,8652.0,31.895302409351913,JUNIN,9.820471446631148,3.477023236238794,1.0
4696,25383,7.91024597718455,5045.793978966615,25383.0,67.2772530528882,JUNIN,25383.0,21.62483133842835,JUNIN,8.50507724373368,2.7337748283429684,0.0
4697,4370,163.512188437264,123836.63815112508,4370.0,1651.1551753483348,LAMBAYEQUE,4370.0,530.7284492191076,LAMBAYEQUE,10.098055631992512,3.245803595997593,0.0
4698,340,68.38452089052319,42116.25525780736,340.0,561.550070104098,JUNIN,340.0,180.49823681917437,JUNIN,8.211654666749567,2.639460428598075,0.0
4699,30057,20.681458289999924,23414.40533001965,30057.0,312.19207106692875,LAMBAYEQUE,30057.0,100.34745141436991,LAMBAYEQUE,15.095263916562525,4.852049116037953,0.0
4701,1,71.61537239062763,57481.659987695624,,,LORETO,,,LORETO,,,
4702,11129,3.5770602405769036,2910.2295953491503,30057.0,33.76229054840384,LAMBAYEQUE,30057.0,10.852164819129808,LAMBAYEQUE,9.438557999503722,3.0338222141261966,1.0
4703,520,57.137215396715476,46034.18842253571,520.0,578.595258196637,JUNIN,520.0,185.9770472774905,JUNIN,10.126416805217593,3.2549196873913697,0.0
4704,340,45.979711874189746,39001.88819369158,340.0,520.0251759158876,JUNIN,340.0,167.1509494015353,JUNIN,11.30988330981253,3.635319635296885,0.0
4705,520,8.033701635574205,8917.040471405468,520.0,114.38508814102073,JUNIN,520.0,36.76663547389951,JUNIN,14.238154879253878,4.576549782617317,0.0
4706,8653,23.741154414399375,26331.592464555317,8653.0,350.985049098775,JUNIN,8653.0,112.84968199095138,JUNIN,14.78382402861999,4.753335917081872,0.0
4707,27694,1.5351711783346227,1286.7339487548993,8652.0,11.930106763945654,JUNIN,8652.0,3.755756561720523,JUNIN,7.771189905276633,2.446474122706515,1.0
4708,4370,109.04608084722403,122434.70376055418,4370.0,1632.4627168073885,LAMBAYEQUE,4370.0,524.7201589738033,LAMBAYEQUE,14.970393288086207,4.8119121283134225,0.0
4709,4370,100.96950641147039,113014.5600984807,4370.0,1506.8608013130754,LAMBAYEQUE,4370.0,484.3481147077741,LAMBAYEQUE,14.923919655230604,4.796974174895549,0.0
4711,4370,164.92296964614098,143558.13117860572,4370.0,1914.1084157147434,LAMBAYEQUE,4370.0,615.2491336225961,LAMBAYEQUE,11.606075368529064,3.7305242255986277,0.0
4712,520,66.50620752615052,31476.277410176255,520.0,440.3480810396369,JUNIN,520.0,134.725521815743,JUNIN,6.621157594446958,2.025758599492662,0.0
4713,8653,29.982871676838542,24044.516017127546,8653.0,320.5935468950339,JUNIN,8653.0,103.04792578768946,JUNIN,10.692556415224534,3.4368931334650283,0.0
4714,8475,110.94840245241544,81934.7857328265,8475.0,1078.5425548933706,JUNIN,8475.0,346.6743926442977,JUNIN,9.721118385241697,3.1246451952562597,0.0
4715,519,18.045037493519626,13536.578820323306,519.0,180.48771760431072,JUNIN,519.0,58.013909229957015,JUNIN,10.002069414880843,3.2149508833545566,0.0
4716,8656,25.91662516921454,25175.377110767575,8656.0,339.1009947909087,JUNIN,8656.0,107.89447333186104,JUNIN,13.084303707633778,4.163137469766903,0.0
4718,8656,45.473772947142606,37553.778232700875,8656.0,500.71704310267836,JUNIN,8656.0,160.94476385443244,JUNIN,11.011117192424242,3.539287668993509,0.0
4720,27857,177.39707637787942,160567.02764778162,432.0,2127.396822047133,JUNIN,432.0,684.4351338405571,JUNIN,11.992287953582133,3.8582097733257963,1.0
4721,4370,142.1308328256369,122049.52076905593,4370.0,1629.3814895130936,LAMBAYEQUE,4370.0,523.0693747245253,LAMBAYEQUE,11.46395512585214,3.6801963678508502,0.0
4723,34252,21.06047179246648,13100.812154723993,34252.0,174.6774953963199,JUNIN,34252.0,56.14633780595996,JUNIN,8.294092227259771,2.665958215904926,0.0
4724,753,60.17735879388525,29198.78081513274,753.0,412.3030682853108,JUNIN,753.0,125.1376320648546,JUNIN,6.851465011907532,2.0794802991182477,0.0
4726,365,1.913678734582316,876.5452919537581,365.0,11.68727055938344,JUNIN,365.0,3.7566226798018194,JUNIN,6.107227063864683,1.9630372705279335,0.0
4727,8653,30.50671288055553,29620.444604886357,8653.0,394.939261398485,JUNIN,8653.0,126.9447625923701,JUNIN,12.945978904538505,4.161207505030231,0.0
4728,8653,107.28261553904488,83028.99568444095,519.0,1099.643194002458,JUNIN,519.0,353.45674092936133,JUNIN,10.249966301411147,3.2946320254535815,1.0
4729,519,28.780313361442218,21052.03924847431,519.0,280.69385664632404,JUNIN,519.0,90.22302535060416,JUNIN,9.752981252190859,3.1348868310613476,0.0
4730,25383,87.84342975338417,59288.18945727383,25383.0,749.9251039601878,JUNIN,25383.0,241.03181636597313,JUNIN,8.537065390838714,2.7438798444306802,0.0
4731,4370,18.960703358473122,10431.728471772041,4370.0,139.08971295696057,LAMBAYEQUE,4370.0,44.70740773616589,LAMBAYEQUE,7.33568319314507,2.357898169225201,0.0
4733,27857,40.940485753138894,35369.469259954414,27857.0,483.4867907773284,JUNIN,27857.0,151.58343968551893,JUNIN,11.809503035519299,3.7025315380850623,0.0
4734,4370,31.165517181834907,22678.991966836955,4370.0,302.386559557826,LAMBAYEQUE,4370.0,97.19567985787262,LAMBAYEQUE,9.70260040266794,3.1186929865718374,0.0
4736,365,25.270756057653376,17390.13948141636,365.0,231.86852641888487,JUNIN,365.0,74.52916920607012,JUNIN,9.175369580945416,2.9492259367324545,0.0
4737,27857,10.00856825348097,7224.193720788064,27857.0,96.32258294384086,JUNIN,27857.0,30.96083023194884,JUNIN,9.624012196783488,3.093432491823263,0.0
4738,4370,117.75671178396537,128892.49276730919,4370.0,1718.5665702307888,LAMBAYEQUE,4370.0,552.3963975741821,LAMBAYEQUE,14.594213308058773,4.690997134733177,0.0
4739,8653,72.01510030274632,49096.125472297725,8653.0,654.6150062973031,JUNIN,8653.0,210.4119663098473,JUNIN,9.089968680809283,2.9217756474029817,0.0
4740,8656,54.23712408551794,43296.19308597019,8656.0,577.2825744796027,JUNIN,8656.0,185.5551132255866,JUNIN,10.643679660620963,3.4211827480567387,0.0
4741,4370,119.65765957768953,124368.32075743673,4370.0,1658.2442767658233,LAMBAYEQUE,4370.0,533.0070889604428,LAMBAYEQUE,13.858237597311382,4.454433513421512,0.0
4743,27857,29.00376862928441,19776.93987433419,27857.0,262.7463040971123,JUNIN,27857.0,84.75831374714653,JUNIN,9.0590401356265,2.922320710473745,0.0
4744,4370,152.08629299141722,140582.63746430055,4370.0,1874.4351661906746,LAMBAYEQUE,4370.0,602.497017704145,LAMBAYEQUE,12.32481329725392,3.961547131260186,0.0
4746,365,12.936281990559536,9582.073886826829,365.0,133.40781661489063,JUNIN,365.0,41.066030943543545,JUNIN,10.312686188523656,3.174484830611466,0.0
4748,11020,6.152834534221146,3622.5014066211734,11020.0,48.107401660992515,LAMBAYEQUE,11020.0,15.525006028376458,LAMBAYEQUE,7.818738078104707,2.5232282685368337,0.0
4752,519,29.708384012504936,21522.523874481078,519.0,286.9669849930809,JUNIN,519.0,92.23938803349034,JUNIN,9.659461277742,3.1048268392742155,0.0
4753,432,71.45864546625658,82088.90312614579,432.0,1092.5617806695657,JUNIN,432.0,351.8095848263392,JUNIN,15.289427521901226,4.92326131472037,0.0
4755,519,57.98037119547185,41165.86428944118,519.0,548.8781905258825,JUNIN,519.0,176.42513266903364,JUNIN,9.466620844413441,3.042842414275749,0.0
4757,25383,84.45064836361115,68103.61590402633,25383.0,860.632056632031,JUNIN,25383.0,276.616194010494,JUNIN,10.190946704476312,3.275477445945635,0.0
4759,365,29.08652123080954,16321.54100762252,365.0,238.88468444183533,JUNIN,365.0,69.94946146123935,JUNIN,8.212899801465417,2.4048754715688117,0.0
4760,11409,19.507831119120596,12067.745471062313,11409.0,161.33104036441634,LORETO,11409.0,51.718909161695635,LORETO,8.270065461366833,2.6511870461603166,0.0
4761,4370,34.37357246413686,26431.147803066608,4370.0,362.0856458770364,LAMBAYEQUE,4370.0,113.27634772742829,LAMBAYEQUE,10.533838059887808,3.2954487883275276,0.0
4762,11129,50.07020333018491,46235.04101149264,30057.0,635.9697789486052,LAMBAYEQUE,30057.0,195.87580933324105,LAMBAYEQUE,12.701561740317713,3.912023445192542,1.0
4763,11409,39.28009942853282,16679.219639836516,11409.0,249.44781723308833,LORETO,11409.0,70.76955746566045,LORETO,6.350488437203165,1.8016644177395815,0.0
4765,4370,28.052206835577408,20071.218660500086,4370.0,267.61624880666784,LAMBAYEQUE,4370.0,86.01950854500038,LAMBAYEQUE,9.539935676905877,3.0664078961483177,0.0
4766,8653,78.53536970083452,52290.939553496835,8653.0,697.2125273799575,JUNIN,8653.0,224.10402665784363,JUNIN,8.877688231886541,2.8535426459635334,0.0
4767,25383,40.13223862018991,34371.18473750547,25383.0,458.28246316673955,JUNIN,25383.0,147.3050774464521,JUNIN,11.419309735096231,3.670492414852362,0.0
4768,753,10.235638435975456,9595.859150148644,753.0,127.9447886686486,JUNIN,753.0,41.1251106434942,JUNIN,12.499932414470388,4.017835418936912,0.0
4769,4370,31.668654077290498,34934.29597968662,4370.0,465.7906130624879,LAMBAYEQUE,4370.0,149.71841134151393,LAMBAYEQUE,14.70825415963936,4.727653122741221,0.0
4770,27857,39.19624793496734,21456.0116523408,27857.0,301.47045318765566,JUNIN,27857.0,91.95433565288914,JUNIN,7.6913089663031515,2.345998418151035,0.0
4771,37783,3.6887288925013793,1657.7850625326573,37783.0,22.10380083376877,LORETO,37783.0,7.1047931251399605,LORETO,5.992254101054271,1.9260816753388725,0.0
4773,442,31.0357928487707,18717.637330777266,442.0,249.5684977436968,JUNIN,442.0,80.2184457033311,JUNIN,8.041312137884757,2.584707472891529,0.0
4774,432,25.747983638991187,27713.3597244906,432.0,369.51146299320794,JUNIN,432.0,118.77154167638827,JUNIN,14.351083493530039,4.6128482657775125,0.0
4779,4370,31.466434214022577,36383.52130059751,4370.0,485.1136173412998,LAMBAYEQUE,4370.0,155.92937700256064,LAMBAYEQUE,15.416860202263264,4.955419350727477,0.0
4781,519,17.415608426807985,9898.399682940744,519.0,139.4277005988206,JUNIN,519.0,42.4217129268889,JUNIN,8.00590465643442,2.4358444383481213,0.0
4782,8653,76.32738329145933,77338.8899110368,8653.0,1009.9577253096568,JUNIN,8653.0,320.17033063825556,JUNIN,13.231918634667334,4.194698112676963,0.0
4783,442,224.2912920500367,195353.46539740614,442.0,2623.126882152424,JUNIN,442.0,837.2291374174548,JUNIN,11.695179327636295,3.7327759351026386,0.0
4784,4370,24.16865026985106,27487.86880635466,4370.0,366.50491741806184,LAMBAYEQUE,4370.0,117.80515202723413,LAMBAYEQUE,15.16447601855759,4.874295863107796,0.0
4785,8653,39.16465013878331,41900.43049015161,8653.0,558.5695561067256,JUNIN,8653.0,179.57327352922115,JUNIN,14.262084663781913,4.585085603800565,0.0
4787,4370,22.157685897058702,16494.27827280969,4370.0,219.9237103041292,LAMBAYEQUE,4370.0,70.68976402632718,LAMBAYEQUE,9.925391637279358,3.190304454839791,0.0
4790,8653,42.17555648616002,36325.1042975796,8653.0,484.23187353909873,JUNIN,8653.0,155.67901841819827,JUNIN,11.481339284711044,3.691214328595394,0.0
4793,340,38.169594835492276,26662.69560940433,340.0,355.50260812539113,JUNIN,340.0,114.2686954688757,JUNIN,9.31376425811113,2.9937099401071485,0.0
4794,37650,6.877400070576008,4949.313295316461,37650.0,65.9908439375528,JUNIN,37650.0,21.211342694213396,JUNIN,9.595318472148417,3.084209508904848,0.0
4795,4370,131.6683800650464,143438.8478135793,4370.0,1912.5179708477235,LAMBAYEQUE,4370.0,614.7379192010535,LAMBAYEQUE,14.525263923676341,4.668834832610249,0.0
4797,520,12.71115309932693,11645.553825261224,520.0,173.84882163872322,JUNIN,520.0,49.90951639397667,JUNIN,13.676872607877621,3.926434997987668,0.0
4800,519,86.62026919951069,68637.18628569321,519.0,915.1624838092425,JUNIN,519.0,294.159369795828,JUNIN,10.56522327010284,3.395964622533056,0.0
4801,520,28.7446812256908,27015.426999451676,520.0,355.3725235919556,JUNIN,520.0,115.78040142622143,JUNIN,12.363070607801294,4.0278895604081955,0.0
4802,4370,206.35039498181848,149245.63390753095,4370.0,1998.2270171113873,LAMBAYEQUE,4370.0,642.2872555000889,LAMBAYEQUE,9.683659763711384,3.1126049240500886,0.0
4803,753,48.9772128154975,52070.90671643464,8652.0,667.4671690250524,JUNIN,8652.0,217.07027080719004,JUNIN,13.628116641497627,4.432066635251733,1.0
4804,520,30.74546991569425,25750.60877680779,520.0,272.5912546501483,JUNIN,520.0,87.50567250291635,JUNIN,8.866062395455602,2.846132218595509,0.0
4805,442,445.71978523482625,350208.15847702196,442.0,4668.064257033883,JUNIN,442.0,1500.8557130200786,JUNIN,10.473091865496897,3.36726293680088,0.0
4806,30057,8.026208135778628,7463.955713828368,30057.0,99.51940951771154,LAMBAYEQUE,30057.0,31.98838163069299,LAMBAYEQUE,12.39930585329346,3.9854911671300406,0.0
4807,4370,29.040719510231085,25040.962205604803,4370.0,342.40236156052316,LAMBAYEQUE,4370.0,107.31840945259202,LAMBAYEQUE,11.790422804087012,3.6954459552830157,0.0
4808,25383,10.069234239726685,11097.394032941973,25383.0,147.96525377255958,JUNIN,25383.0,47.56026014117989,JUNIN,14.694787135727204,4.723324436483747,0.0
4809,519,42.68273521326581,32761.744418609094,519.0,452.1894980112358,JUNIN,519.0,140.40747607975328,JUNIN,10.594201513840545,3.2895613502321797,0.0
4810,432,57.40205160541798,31841.166857771826,432.0,452.6560771004637,JUNIN,432.0,136.462143676165,JUNIN,7.885712521427354,2.3773042924355132,0.0
4811,11129,83.6313582305483,65158.80861022621,30057.0,873.9503181791677,LAMBAYEQUE,30057.0,276.9776704706706,LAMBAYEQUE,10.450031383801404,3.3118877455884492,1.0
4812,340,22.438209336660712,22496.64980203566,340.0,299.95533069380883,JUNIN,340.0,96.41421343729569,JUNIN,13.368060088633108,4.296876457060641,0.0
4813,520,5.59781458999995,5884.557047476305,520.0,78.46076063301743,JUNIN,520.0,25.21953020346988,JUNIN,14.016320006950808,4.505245716519901,0.0
4814,8653,38.61849345091542,34444.93709677969,8653.0,459.2658279570627,JUNIN,8653.0,147.62115898619868,JUNIN,11.892380746048397,3.8225509540869838,0.0
4815,4370,129.47754270704093,133937.19953091015,4370.0,1785.8293270788006,LAMBAYEQUE,4370.0,574.0165694181859,LAMBAYEQUE,13.792579699473151,4.43332918911637,0.0
4817,519,54.334226955721554,36328.146958905214,519.0,489.40496083903736,JUNIN,519.0,155.69205839530798,JUNIN,9.007305123488125,2.865450879096627,0.0
4818,4370,58.824017981384316,67917.64505314318,4370.0,905.5686007085751,LAMBAYEQUE,4370.0,291.0756216563276,LAMBAYEQUE,15.394538349882101,4.948244469604959,0.0
4819,340,87.85803732019747,58598.427858999385,340.0,781.3123714533256,JUNIN,340.0,251.13611939571175,JUNIN,8.892895804237497,2.858430794219195,0.0
4821,520,33.404217576373966,34871.83711380683,520.0,453.10377465233245,JUNIN,520.0,145.6404989953926,JUNIN,13.564268452520269,4.359943431167229,0.0
4822,8475,111.50276072663206,83713.9361935734,8475.0,1102.264561036663,JUNIN,8475.0,354.2993231903559,JUNIN,9.885536051784866,3.1774937309308493,0.0
4823,30057,32.64553493573752,28735.36496243338,30057.0,383.13819949911186,LAMBAYEQUE,30057.0,123.1515641247145,LAMBAYEQUE,11.736312492759465,3.7723861583869702,0.0
4824,519,91.62169711004776,62757.50748108047,519.0,846.6826845995242,JUNIN,519.0,268.96074634748766,JUNIN,9.24107183457391,2.935557349744746,0.0
4826,34252,12.870831006360516,13205.586424205638,34252.0,176.07448565607513,JUNIN,34252.0,56.59537038945273,JUNIN,13.680117901405318,4.397180754023139,0.0
4829,4370,32.92682179184677,30030.94485962385,4370.0,406.146286272787,LAMBAYEQUE,4370.0,128.70404939838792,LAMBAYEQUE,12.33481593942831,3.908790535934968,0.0
4830,8475,108.50439986199261,77167.40208007411,8475.0,1014.9774395233387,JUNIN,8475.0,326.242748418216,JUNIN,9.354251447999294,3.006723679714059,0.0
4831,4370,27.768178274703935,28852.064088582258,4370.0,384.69418784776343,LAMBAYEQUE,4370.0,123.65170323678102,LAMBAYEQUE,13.853778380492807,4.453000193729828,0.0
4832,340,67.89661095150151,41994.27777305194,340.0,559.9237036406925,JUNIN,340.0,179.97547617022258,JUNIN,8.246710635390114,2.650728418518251,0.0
4833,10972,11.953053551262412,10646.670517843831,10972.0,141.77037798045905,LAMBAYEQUE,10972.0,45.62858793361641,LAMBAYEQUE,11.860599249593932,3.8173164487159337,0.0
4834,340,68.38452089052319,42116.25525780736,340.0,561.550070104098,JUNIN,340.0,180.49823681917437,JUNIN,8.211654666749567,2.639460428598075,0.0
4835,4370,109.63802687936925,101477.43237249179,4370.0,1353.0324316332244,LAMBAYEQUE,4370.0,434.90328159639284,LAMBAYEQUE,12.340904612611434,3.9667193397679545,0.0
4836,365,15.603017904072622,13460.12661613134,27857.0,172.59996077740908,JUNIN,27857.0,55.58042579891421,JUNIN,11.061960054045564,3.562158688826915,1.0
4839,8653,46.853274535970854,42587.07726588964,8653.0,567.8276968785285,JUNIN,8653.0,182.5160454252412,JUNIN,12.119274533151101,3.895481099941423,0.0
4840,8656,30.481866745351013,33130.44145623209,8656.0,441.73921941642783,JUNIN,8656.0,141.98760624099467,JUNIN,14.491868989086777,4.658100746492178,0.0
4842,4370,91.921403550818,71950.23889585923,4370.0,959.3365186114561,LAMBAYEQUE,4370.0,308.3581666965395,LAMBAYEQUE,10.436486841512322,3.35458505620039,0.0
4844,432,60.481802429310335,45330.75396388621,432.0,604.4100528518163,JUNIN,432.0,194.27465984522664,JUNIN,9.99325464148057,3.21211756333304,0.0
4845,4370,95.37321454668708,95416.58907974434,4370.0,1272.221187729924,LAMBAYEQUE,4370.0,408.9282389131897,LAMBAYEQUE,13.339397164883716,4.2876633744269075,0.0
4847,519,55.07295858426469,32494.760026031712,519.0,433.2634670137565,JUNIN,519.0,139.26325725442166,JUNIN,7.867081743045261,2.5287048459788326,0.0
4848,37783,253.51826519511204,248884.3585556277,20274.0,3315.14531690388,LORETO,20274.0,1065.5796495401664,LORETO,13.076554126593155,4.20316717109151,1.0
4849,520,55.081039605950764,37082.29867505002,520.0,494.4306490006672,JUNIN,520.0,158.92413717878586,JUNIN,8.976421878341792,2.8852784608955755,0.0
4851,4370,66.8342536129156,72976.3052625118,4370.0,973.0174035001565,LAMBAYEQUE,4370.0,312.7555939821929,LAMBAYEQUE,14.55866342333361,4.679570386071513,0.0
4854,4370,65.83022456826431,66962.77969723953,4370.0,892.8370626298604,LAMBAYEQUE,4370.0,286.9833415595979,LAMBAYEQUE,13.56272241945659,4.359446491968188,0.0
4855,519,36.74114053851143,21760.765474839984,519.0,290.143539664533,JUNIN,519.0,93.26042346359992,JUNIN,7.896966055270101,2.53831051776539,0.0
4856,340,30.286571208729278,19489.467799548464,340.0,259.85957066064617,JUNIN,340.0,83.52629056949343,JUNIN,8.58002607392377,2.7578655237612124,0.0
4861,520,91.91199262295785,65446.57167681781,520.0,847.7064881336134,JUNIN,520.0,272.4770854715187,JUNIN,9.223023720213336,2.9645433386400017,0.0
4862,519,29.708384012504936,21522.523874481078,519.0,286.9669849930809,JUNIN,519.0,92.23938803349034,JUNIN,9.659461277742,3.1048268392742155,0.0
4863,11470,1.80322272299872,993.5589459913517,29146.0,14.293093634310281,LAMBAYEQUE,11470.0,4.258109768534364,LAMBAYEQUE,7.926416106015555,2.361388703805385,1.0
4865,519,55.28776698568048,32620.064926857594,519.0,434.9341990247682,JUNIN,519.0,139.8002782579611,JUNIN,7.866734772222146,2.5285933196428307,0.0
4866,8653,80.74621784964422,72579.73893722135,519.0,960.3197707061966,JUNIN,519.0,308.6742120127059,JUNIN,11.893061944949386,3.8227699108765862,1.0
4867,4370,61.61902613440577,62564.137003404285,4370.0,834.1884933787237,LAMBAYEQUE,4370.0,268.13201572887533,LAMBAYEQUE,13.537839620495784,4.351448449445072,0.0
4868,8653,25.62710528188445,28104.616550370698,8653.0,374.6253702429799,JUNIN,8653.0,120.44835664444581,JUNIN,14.618325640851793,4.700037531339506,0.0
4869,432,81.96043737663194,70630.36177003279,432.0,939.7812292547253,JUNIN,432.0,302.7015504429976,JUNIN,11.466278845440495,3.6932642154164737,0.0
4870,340,54.82466916056436,41529.98021355388,340.0,553.7330695140517,JUNIN,340.0,177.98562948665943,JUNIN,10.100071336360283,3.2464515009729475,0.0
4874,30057,61.149464718793475,60298.55488098588,30057.0,803.9807317464786,LAMBAYEQUE,30057.0,258.4223780613682,LAMBAYEQUE,13.147796721422253,4.226077517600011,0.0
4875,30057,27.861287791588346,22377.251678167504,30057.0,298.3633557089001,LAMBAYEQUE,30057.0,95.90250719214643,LAMBAYEQUE,10.70888603358024,3.4421419393650763,0.0
4876,442,104.31334650587876,94333.7054211623,442.0,1257.6695108732242,JUNIN,442.0,404.25091420925077,JUNIN,12.056650016518702,3.8753517910238697,0.0
4877,4317,3.9855019898347446,2442.6809718276204,,,LAMBAYEQUE,8151.0,10.171177145402712,LAMBAYEQUE,,2.552044176955599,
4878,753,73.600891254454,76427.42910852951,753.0,1021.3503488162655,JUNIN,753.0,325.7461420160417,JUNIN,13.876874741709843,4.425845074210687,0.0
4879,4370,9.980659302882719,9620.455171337002,4370.0,128.2727356178267,LAMBAYEQUE,4370.0,41.230522162872866,LAMBAYEQUE,12.852130478071485,4.13104193938012,0.0
4880,4370,91.29076988422558,99807.32127173824,4370.0,1332.5644511385465,LAMBAYEQUE,4370.0,427.74566259316396,LAMBAYEQUE,14.596924232630494,4.685530236360461,0.0
4882,34252,21.06047179246648,13100.812154723993,34252.0,174.6774953963199,JUNIN,34252.0,56.14633780595996,JUNIN,8.294092227259771,2.665958215904926,0.0
4884,4370,25.87005180108634,25283.650162659782,4370.0,343.83708343142223,LAMBAYEQUE,4370.0,108.35850069711334,LAMBAYEQUE,13.290931385648936,4.188569142817222,0.0
4885,442,78.35515670941645,77924.1055140185,442.0,1039.7208433840856,JUNIN,442.0,333.96045220293644,JUNIN,13.2693352556225,4.262137506041159,0.0
4888,340,78.39846347448014,55211.263993836765,340.0,736.1501865844904,JUNIN,340.0,236.61970283072904,JUNIN,9.389854774693616,3.0181676061515192,0.0
4889,11129,11.500023395761408,11436.160536952926,10972.0,148.40283599279792,LAMBAYEQUE,10972.0,47.70167627756594,LAMBAYEQUE,12.90456818092171,4.147963411548142,1.0
4890,34252,4.80194911679805,3032.66919688496,365.0,36.256270196303596,JUNIN,365.0,11.653801134526159,JUNIN,7.550323694491656,2.426889758943747,1.0
4891,442,54.899094527650206,44774.02723448641,442.0,566.495917768937,JUNIN,442.0,181.8524403980673,JUNIN,10.31885721691855,3.3124852415639823,0.0
4892,8475,98.16312321895317,71996.7637585544,8475.0,946.0355952364092,JUNIN,8475.0,304.08286989741725,JUNIN,9.63738279930513,3.0977301854909345,0.0
4894,34252,3.8225884609518377,2509.5528256390894,365.0,29.281385246358653,JUNIN,365.0,9.41187382918671,JUNIN,7.660093558454233,2.4621729295031467,1.0
4896,8656,13.560897139209708,13986.242288363053,8656.0,186.48323051150737,JUNIN,8656.0,59.941038378698806,JUNIN,13.751540816006449,4.420138119430645,0.0
4897,27857,13.118395962878381,11538.266708394904,27857.0,153.84355611193203,JUNIN,27857.0,49.449714464549594,JUNIN,11.72731457010971,3.769493968963836,0.0
4898,11409,2.8923337648108327,1097.991841857317,,,LORETO,,,LORETO,,,
4899,30057,60.30801393770513,63467.240548015594,30057.0,846.229873973542,LAMBAYEQUE,30057.0,272.00245949149564,LAMBAYEQUE,14.031798076581515,4.5102208103297725,0.0
4901,10972,10.538944987331814,9587.595142013563,10972.0,127.64937296938879,LAMBAYEQUE,10972.0,41.08969346577241,LAMBAYEQUE,12.112158581606401,3.8988431494009776,0.0
4902,4317,5.632404270968269,3438.722781392572,4317.0,45.37595173124784,LAMBAYEQUE,4317.0,14.737383348825297,LAMBAYEQUE,8.056231326493053,2.616535078063881,0.0
4903,27857,20.751177974607533,19043.020779060564,27857.0,253.80509802039214,JUNIN,27857.0,81.61294619597382,JUNIN,12.23087664377243,3.9329307616098053,0.0
4905,8653,77.47705585017201,51827.10324601057,8653.0,691.0280432801411,JUNIN,8653.0,222.1161567686166,JUNIN,8.919131421520156,2.8668636712029048,0.0
4907,4370,58.136682638096715,45602.380347807615,4370.0,608.0317379707682,LAMBAYEQUE,4370.0,195.43877291917545,LAMBAYEQUE,10.458658980523385,3.3617118151682304,0.0
4909,8475,148.73521101574536,116452.26337728574,8475.0,1538.7755901528276,JUNIN,8475.0,494.6064396919804,JUNIN,10.34573844111419,3.3254159275009907,0.0
4910,4370,28.37444926922592,26499.14759257085,4370.0,351.8462254651449,LAMBAYEQUE,4370.0,112.65715048205905,LAMBAYEQUE,12.400107650608987,3.9703731132587525,0.0
4911,8653,35.03591625228227,29408.62171402024,8653.0,392.1149561869366,JUNIN,8653.0,126.03695020294388,JUNIN,11.191799676750108,3.5973641818125346,0.0
4915,27857,85.83579884381562,87359.23406663559,27857.0,1177.4298780926767,JUNIN,27857.0,374.39671742843814,JUNIN,13.717235628401323,4.3617782145848,0.0
4916,442,39.09573920814604,22156.03779710405,442.0,272.3697820953386,JUNIN,442.0,87.39121825307082,JUNIN,6.966738258745783,2.2353131063157354,0.0
4917,30057,46.26994918908366,51980.35193051755,30057.0,693.0713590735675,LAMBAYEQUE,30057.0,222.77293684507524,LAMBAYEQUE,14.978865791300281,4.814635432917948,0.0
4918,8653,42.17555648616002,36325.1042975796,8653.0,484.23187353909873,JUNIN,8653.0,155.67901841819827,JUNIN,11.481339284711044,3.691214328595394,0.0
4919,753,12.438520640105928,8316.990772245968,753.0,111.03487453653865,JUNIN,753.0,35.64424616676843,JUNIN,8.926694560326192,2.865633880273473,0.0
4920,25383,64.99973070609391,59463.62545709413,25383.0,752.264250624458,JUNIN,25383.0,241.7836849366315,JUNIN,11.573344111623081,3.719764409946449,0.0
4922,8653,39.154229111838134,41948.22876623872,8653.0,559.2068664545535,JUNIN,8653.0,179.77812328388018,JUNIN,14.282157486928517,4.591537807330369,0.0
4923,753,62.71663453026267,52506.358487076715,8652.0,673.318023632833,JUNIN,8652.0,218.93649268137034,JUNIN,10.735876194184764,3.4908839468375312,1.0
4924,27857,131.2473318685025,95884.42807978606,,,JUNIN,27857.0,407.6673711779911,JUNIN,,3.1061002564717697,
4926,20274,107.6024094835139,66639.09843241569,,,LORETO,20274.0,285.5961361389244,LORETO,,2.6541797484812037,
4928,519,13.151877714538712,8008.608114119886,519.0,106.78144152159848,JUNIN,519.0,34.322606203370945,JUNIN,8.1191023699648,2.6097114760601143,0.0
4929,365,32.57133217624273,21020.9887031888,34252.0,268.2693488195212,JUNIN,34252.0,86.22943354913183,JUNIN,8.23636403226991,2.6474027246581855,1.0
4930,27857,33.55562045398742,20667.332621644717,27857.0,274.6182073945859,JUNIN,27857.0,88.57428266419168,JUNIN,8.18397048480005,2.639625835130889,0.0
4931,34252,21.032295734452006,15025.336686705035,34252.0,306.54536074316536,JUNIN,34252.0,64.39430008587871,JUNIN,14.574983378587053,3.0616866983473163,0.0
4932,519,49.354880327145864,33143.077138204055,519.0,441.9076951760539,JUNIN,519.0,142.0417591637316,JUNIN,8.953677777089018,2.8779678569214697,0.0
4935,4370,83.4288483591961,95178.4766248824,4370.0,1269.046354998432,LAMBAYEQUE,4370.0,407.9077569637814,LAMBAYEQUE,15.211121571937042,4.8892890766940456,0.0
4937,520,42.60389083381593,30764.693421683452,520.0,397.08565016027023,JUNIN,520.0,126.93504158260109,JUNIN,9.320408122093204,2.9794236887361727,0.0
4938,519,69.08850755007258,40501.14596140143,,,JUNIN,519.0,173.57633983457765,JUNIN,,2.512376457238948,
4940,25383,77.24446959785352,59653.53712756603,25383.0,747.9643396125601,JUNIN,25383.0,240.40157068280706,JUNIN,9.683079494319482,3.1122172491360773,0.0
4942,442,15.87219854082132,15015.787966390737,442.0,200.21050621854303,JUNIN,442.0,64.35337699881741,JUNIN,12.613911406389388,4.054471523482303,0.0
4943,1,68.40557293041667,56518.72014963234,1.0,764.1710188983014,LORETO,1.0,242.22308635556703,LORETO,11.171180741014032,3.540984688513033,0.0
4944,753,117.13076949671563,81553.04161162715,753.0,1089.6918488575675,JUNIN,753.0,347.713052743603,JUNIN,9.303207462392047,2.968588477969087,0.0
4945,4370,92.46464885456726,83077.72104442742,4370.0,1107.7029472590323,LAMBAYEQUE,4370.0,356.0473759046888,LAMBAYEQUE,11.979745351126347,3.85063243429061,0.0
4946,27857,12.968525665265801,10525.197414451512,27857.0,141.70837192304162,JUNIN,27857.0,45.107988919077926,JUNIN,10.927099624175913,3.4782665418855383,0.0
4947,4370,91.921403550818,71950.23889585923,4370.0,959.3365186114561,LAMBAYEQUE,4370.0,308.3581666965395,LAMBAYEQUE,10.436486841512322,3.35458505620039,0.0
4949,442,51.956289543752995,47487.73191447259,442.0,633.0565307840282,JUNIN,442.0,203.48245632343765,JUNIN,12.184406091026263,3.9164162435441567,0.0
4950,520,33.77033308521698,27756.972888669716,520.0,373.56880409771435,JUNIN,520.0,118.95845523715595,JUNIN,11.062040849731645,3.522572754523117,0.0
4951,4370,1.034856541950352,828.1562639914323,,,LAMBAYEQUE,4370.0,3.5492411313918515,LAMBAYEQUE,,3.4296938633665506,
4952,25383,55.54956002222139,47730.391168423186,25383.0,595.8211267755124,JUNIN,25383.0,191.49839512804178,JUNIN,10.725937820878638,3.44734314819842,0.0
4954,34252,7.587088722711207,6901.5731873869745,34252.0,92.02097583182629,JUNIN,34252.0,29.578170803087026,JUNIN,12.128627882836076,3.8984875337687392,0.0
4955,25383,42.7481428443686,39066.336583845914,25383.0,480.3003989811487,JUNIN,25383.0,154.3667326227106,JUNIN,11.235585151143491,3.6110745953270342,0.0
4956,442,41.441861196668825,28150.18259779799,442.0,377.0132155762361,JUNIN,442.0,120.64363970484857,JUNIN,9.097400664199444,2.9111539931161716,0.0
4957,432,7.471954092406224,7946.254044580295,432.0,105.95005392773724,JUNIN,432.0,34.055374476772684,JUNIN,14.179698191054825,4.557760132839051,0.0
4958,25383,81.97423142374375,51661.45591656228,753.0,673.6549840943435,JUNIN,753.0,214.14713963180893,JUNIN,8.217887162760517,2.612371423463953,1.0
4959,11129,14.025541685719379,10583.35909115446,30057.0,136.07068382580798,LAMBAYEQUE,30057.0,43.73700551543831,LAMBAYEQUE,9.701634836988388,3.1183826261748417,1.0
4961,27857,33.985271387409355,22315.490376531954,27857.0,297.5398716870927,JUNIN,27857.0,95.63781589942262,JUNIN,8.754965299389175,2.8140959890893766,0.0
4962,8653,34.79976352317719,34459.34529260083,8653.0,459.4579372346779,JUNIN,8653.0,147.68290839686068,JUNIN,13.202904006191641,4.24379057341874,0.0
4963,519,111.99679377132746,85047.30987363723,519.0,1133.9641316484951,JUNIN,519.0,364.4884708870165,JUNIN,10.124969594788558,3.25445451261061,0.0
4964,8656,51.44152442929048,44895.047488784076,8656.0,598.6006331837875,JUNIN,8656.0,192.40734638050316,JUNIN,11.636525935513452,3.7403119078436102,0.0
4965,8653,58.49653956289433,41210.29837405072,8653.0,549.4706449873431,JUNIN,8653.0,176.61556446021729,JUNIN,9.393216232843365,3.019248074842508,0.0
4966,11129,60.706929340193746,51259.79388952684,30057.0,693.1970931556085,LAMBAYEQUE,30057.0,217.41046452481618,LAMBAYEQUE,11.418747426196145,3.581312164653827,1.0
4967,340,38.22387629726631,23459.429722754092,340.0,312.70899086246516,JUNIN,340.0,100.51360420579238,JUNIN,8.18098584326021,2.629602592476496,0.0
4970,4370,50.27493512022822,46888.72086336353,4370.0,625.1829448448469,LAMBAYEQUE,4370.0,200.9516608429865,LAMBAYEQUE,12.435280987429923,3.9970546031024754,0.0
4971,432,46.24476197658035,52672.705721523496,432.0,700.3458152746015,JUNIN,432.0,225.74016737795785,JUNIN,15.144327386294611,4.881421327074384,0.0
4972,519,15.72694164828248,11564.958374393314,519.0,194.85742008076417,JUNIN,519.0,62.63274216881705,JUNIN,12.390038981421688,3.982512529742685,0.0
4973,519,60.27653031535923,35489.74284466787,519.0,473.19657126223825,JUNIN,519.0,152.0988979057194,JUNIN,7.850428164768829,2.523351910104266,0.0
4974,37783,304.36889693251936,274819.7518656994,20274.0,3660.9505610381707,LORETO,20274.0,1176.7313351547602,LORETO,12.028004825505636,3.866135295077964,1.0
4975,4370,151.62277142425773,116726.26480093901,4370.0,1556.3501973458538,LAMBAYEQUE,4370.0,500.25542057545294,LAMBAYEQUE,10.264620430865289,3.299342281349557,0.0
4976,4317,3.567999654859115,2487.7464397341078,29146.0,29.910841081606417,LAMBAYEQUE,29146.0,9.928051661545085,LAMBAYEQUE,8.383084073697162,2.7825259590550893,1.0
4977,8475,84.35115940792582,65090.781853040724,8475.0,853.9558364962268,JUNIN,8475.0,274.48580458807294,JUNIN,10.123818599415566,3.254084549812147,0.0
4978,520,17.227295177065315,8377.726248616005,520.0,115.06326102662999,JUNIN,520.0,35.90454106549717,JUNIN,6.67912518152087,2.0841658946725925,0.0
4979,520,63.975982743075775,30717.20997525383,520.0,427.33549644096684,JUNIN,520.0,131.4723756660755,JUNIN,6.679623791902095,2.055027059045919,0.0
4980,10972,8.949758478850134,5955.366180358278,10972.0,79.21965348065164,LAMBAYEQUE,10972.0,25.522997915821193,LAMBAYEQUE,8.851596796479114,2.8518085684811005,0.0
4981,8653,4.917480703391076,4813.38411053419,8653.0,64.1784548071225,JUNIN,8653.0,20.628789045146526,JUNIN,13.051084219377879,4.194991356228605,0.0
4982,25383,32.65362883255413,29639.96325676803,25383.0,354.615421286777,JUNIN,25383.0,113.96798979237684,JUNIN,10.859908499151008,3.4902090170987705,0.0
4983,519,25.53869951590858,19872.49344185926,519.0,264.9665792247901,JUNIN,519.0,85.16782903653967,JUNIN,10.375100700007728,3.334853796431055,0.0
4984,753,43.27056942397551,47557.18209308115,8652.0,607.3290050462257,JUNIN,8652.0,197.7257367071036,JUNIN,14.035613885629033,4.569520099671881,1.0
4985,30057,37.43527568853901,38953.37934977778,30057.0,524.2038037609475,LAMBAYEQUE,30057.0,166.94305435619057,LAMBAYEQUE,14.002936912294064,4.459511818348943,0.0
4988,4370,111.39372233199465,126765.96286533665,4370.0,1690.212838204488,LAMBAYEQUE,4370.0,543.2826979942997,LAMBAYEQUE,15.173322183875193,4.8771392733884555,0.0
4990,519,58.95310575084584,41652.23156712818,519.0,555.3630875617091,JUNIN,519.0,178.50956385912076,JUNIN,9.420421205777457,3.0279925304284676,0.0
4991,8653,56.96436572679025,40349.85894269141,8653.0,537.9981192358856,JUNIN,8653.0,172.9279668972489,JUNIN,9.44446782425712,3.035721800654074,0.0
4992,519,86.62026919951069,68637.18628569321,519.0,915.1624838092425,JUNIN,519.0,294.159369795828,JUNIN,10.56522327010284,3.395964622533056,0.0
4993,34252,8.547171224509762,5294.931668475504,365.0,68.22511121064208,JUNIN,365.0,22.110931343596025,JUNIN,7.982186084561007,2.5869297294748224,1.0
4994,442,451.93855975240916,353632.47908214165,442.0,4713.721865102146,JUNIN,442.0,1515.531372756306,JUNIN,10.430005945242911,3.353401341958025,0.0
4995,8475,7.668871399529078,5594.254616234264,8475.0,74.59006154979019,JUNIN,37650.0,22.530582459069212,JUNIN,9.726341421551357,2.9379267541835095,0.0
4996,30057,29.88434508518962,26911.160678487944,30057.0,358.81547571317276,LAMBAYEQUE,30057.0,115.33354576494835,LAMBAYEQUE,12.006804053771889,3.8593298744266775,0.0
4997,4370,27.81400631450752,29160.24838392195,4370.0,391.91187699366407,LAMBAYEQUE,4370.0,124.97249307395111,LAMBAYEQUE,14.090450421349281,4.493149662109865,0.0
4998,4370,112.40417288874228,102016.9092886462,4370.0,1360.2254571819494,LAMBAYEQUE,4370.0,437.2153255227694,LAMBAYEQUE,12.10120071368081,3.8896716579688317,0.0
