pct_poblacion_acumulada,pct_tiempo_acumulado
0.0,0.0
0.00012647985535487008,0.0
0.00025295971070974017,0.0
0.0032456712207939325,1.1376809708761756e-05
0.003627060400531887,1.3926693508424053e-05
0.006619771910616079,3.8258385386238274e-05
0.009612483420700273,7.529971444783283e-05
0.012605194930784464,0.00011786377212042964
0.014965513013144222,0.0001549302249120516
0.017958224523228414,0.00020543532644958802
0.018656787738435345,0.0002180540225593888
0.022335564155102832,0.0002879994378819058
0.022656512267073794,0.000294517135990417
0.022977460379044756,0.00030202965372713817
0.02339819056096129,0.00031211865098030987
0.023621275259730918,0.0003175394497100594
0.025981593342090673,0.0003816308149444205
0.026203209129197966,0.0003876728303261335
0.026524157241168928,0.00039671943504677884
0.02951686875125312,0.00048141173310219224
0.032509580261337316,0.0005663289066947065
0.03486989834369707,0.0006351933979645839
0.03740599416303895,0.0007119209873097338
0.03765956265241328,0.0007197470461093644
0.04019565847175516,0.0007997312643408944
0.04031476128253669,0.0008035008965292443
0.040896528212303655,0.0008229052228377728
0.0417224541680262,0.0008504674924714962
0.044715165678110395,0.0009527816334908753
0.04541372889331733,0.0009772668218826195
0.04611229210852427,0.0010024992804686598
0.04681085532373121,0.001028123263457453
0.046937335179086076,0.001032808479301011
0.047063815034440945,0.001037493695144569
0.050056526544525144,0.0011495404893908318
0.05017562935530668,0.0011540149723396546
0.05316834086539088,0.0012755281882810374
0.05616105237547508,0.0014048419178203046
0.05648200048744604,0.0014190090348321063
0.05947471199753024,0.0015518452843906068
0.060300637953252786,0.0015892607488280305
0.06060839397313855,0.0016032751062928393
0.06428717038980604,0.001775691894358875
0.0666474884721658,0.0018877370046911735
0.06998062471422661,0.0020480391620787794
0.07009972752500816,0.0020537677530354155
0.07309243903509235,0.0022034593542113725
0.07341338714706332,0.002219583786214856
0.07381225892810159,0.002239746048096426
0.07421113070913986,0.00226025427111787
0.07433023351992141,0.002266427306361788
0.0745518493070287,0.0022779228096096575
0.07458486946179596,0.002279683140050766
0.07480648524890327,0.0022915423385897115
0.07716680333126302,0.0024180162786876635
0.08015951484134722,0.002583245950185948
0.08119547074555417,0.00264337606679372
0.08373156656489605,0.0027916426973540022
0.08395318235200334,0.0028046208999971314
0.08694589386208755,0.00298010747576794
0.08948198968142942,0.003129128624766599
0.09184230776378917,0.003271203940505108
0.09209587625316351,0.003286571118877286
0.09251660643508004,0.0033121173089398887
0.09550931794516423,0.0035001481977773885
0.09850202945524843,0.0036885078726483487
0.09953798535945538,0.0037541600102089113
0.10023654857466231,0.0037985735183917535
0.10259686665702207,0.00395010873829932
0.10558957816710626,0.0041458280896916
0.1062881413823132,0.004192413728715618
0.10668701316335147,0.004219056294698173
0.107107743345268,0.004247859379212435
0.10733082804403762,0.004263167805758521
0.10986692386337951,0.0044380828595474795
0.113545700280047,0.004694591649022154
0.11653841179013119,0.004903674757785824
0.11685935990210217,0.004926160746419633
0.11921967798446191,0.005092645584048249
0.11995069940489958,0.005144454489342284
0.12017231519200687,0.005160566814999588
0.12075408212177383,0.005203277220616387
0.12097569790888113,0.005219558062032666
0.12333601599124087,0.005397382983724908
0.1266691522333017,0.0056489887779952635
0.12736771544850864,0.00570188676907754
0.12758933123561592,0.0057189679245387695
0.12841525719133848,0.005783063360756038
0.12924118314706104,0.005848402253089255
0.13323479410548664,0.006168514723659056
0.13393335732069356,0.006224542379508065
0.13451512425046053,0.006271506696512216
0.13536896499905693,0.006340715733474057
0.13559058078616423,0.006358781491144613
0.13581219657327154,0.006377092998437091
0.13666603732186797,0.006448586857498619
0.13965874883195217,0.006702154756117868
0.14219484465129403,0.0069189848804234524
0.14518755616137824,0.0071754188860687134
0.14918116711980384,0.007520580329324411
0.14976293404957078,0.007570873493324723
0.15275564555965498,0.007832890538410606
0.1530092140490293,0.007855135823905702
0.15600192555911352,0.008119388387846023
0.15673294697955117,0.008184479087470622
0.15909326506191093,0.008394949673181301
0.1614535831442707,0.008605482532536233
0.16444629465435487,0.008872572081226724
0.16476724276632584,0.008901319605877263
0.16511736355190387,0.008932993290556978
0.16615331945611084,0.009026730552695589
0.16914603096619502,0.009299076727239265
0.17150634904855477,0.009515386501378597
0.17172796483566208,0.009535956488350119
0.17426406065500397,0.009774827068251824
0.17468479083692048,0.009814568298705821
0.175105521018837,0.009854309529159819
0.17580408423404395,0.009921056177468274
0.17879679574412813,0.010207775079656282
0.17949535895933505,0.010274801837325261
0.18185567704169484,0.010503056786634213
0.1842159951240546,0.010731329449641523
0.18657631320641435,0.010959696448765452
0.18679792899352166,0.010981174454440837
0.1876238549492442,0.011062467312860438
0.19015995076858608,0.011312487710226117
0.19048089888055703,0.011344154577873512
0.19087977066159528,0.01138363354266738
0.19127864244263357,0.01142356213983679
0.19140562364512398,0.011436291524888472
0.19225946439372038,0.011522489882584084
0.19311330514231678,0.011608688240279694
0.1938118683575237,0.01167958052232507
0.19439363528729067,0.011738709435991477
0.1947750244670286,0.011778079169488125
0.1971353425493884,0.012023841231356643
0.1973569583364957,0.012047343864621777
0.20034966984657987,0.012367114230616833
0.20073105902631783,0.012408235774441476
0.20472466998474345,0.012841392702472268
0.20493543611589435,0.012864620377110635
0.20603877000881457,0.012988982560025727
0.20625647590049315,0.013013765290401574
0.21025008685891877,0.013469680871963884
0.21047317155768838,0.01349520302154505
0.21105493848745532,0.013562121309743684
0.21404764999753953,0.013906964648482326
0.21804126095596513,0.014371118010380875
0.22137439719802596,0.01475923959440877
0.22470753344008676,0.015148593731635044
0.2250284815520577,0.015186253268227876
0.22561024848182468,0.015254547630099275
0.22564326863659195,0.015258429551229724
0.2262250355663589,0.015327220849144766
0.22625805572112617,0.015331153917075823
0.2283733034584168,0.015587974943429872
0.22906945403694684,0.015673398036833958
0.23206216554703105,0.01604461880944404
0.23539530178909185,0.016458883349710143
0.23938891274751747,0.01695623580447616
0.24338252370594307,0.01745485123709651
0.2442363644545395,0.01756167160401373
0.24659668253689926,0.017857256682374135
0.24745052328549566,0.01796435396201599
0.24830436403409206,0.018071451241657842
0.24865448481967012,0.018116104474264084
0.25198762106173095,0.018542877147138266
0.2543479391440907,0.01884513230292702
0.2568840349634326,0.019170657645877
0.2573047651453491,0.019224827056737247
0.25737482339407,0.019234174450288792
0.2579565903238369,0.019311928384310294
0.2581747765972254,0.019341193735634733
0.2585248973828034,0.019388926169028684
0.2615176088928876,0.019797905692574478
0.2622161721080945,0.019893969486738827
0.26291473532330145,0.019990456635475266
0.26502998306059206,0.020283246011300125
0.26528355154996636,0.020318397103660537
0.2658653184797333,0.02039907677046587
0.2698589294381589,0.020954625926817294
0.2704406963679259,0.02103652595379744
0.27066229180183604,0.021067927961377485
0.27098323991380696,0.0211144722039921
0.2712048557009143,0.021146684044398026
0.2715258038128852,0.021193432097811056
0.2755194147713108,0.021779756687115376
0.27621797798651776,0.02188232378462165
0.27647255935196213,0.021919718487911053
0.2766833254831131,0.021950748566589573
0.2774143469035507,0.022061463058551008
0.2814079578619763,0.022666886507757136
0.284316312703034,0.02310819869871764
0.284536672316255,0.023141698800801788
0.28853028327468067,0.023752698814596462
0.29152299478476484,0.02421060702042805
0.2915560149395321,0.02421576684521729
0.2917763745527531,0.024250528387898016
0.2920841305726389,0.02429928904797858
0.29230231684602737,0.024334031598171237
0.2923353370007946,0.024339359870214686
0.2930314875793247,0.024451936976544023
0.2941348214722449,0.024630669056104317
0.2944557695842158,0.024682820112098457
0.2968160876665756,0.025068875329737655
0.29935218348591747,0.02548376910481634
0.2995725430991385,0.025519882433969843
0.30193286118149826,0.025907486943832315
0.30233173296253657,0.025973568521704897
0.3024017912112574,0.025985310750476765
0.3026221508244784,0.026022705105403943
0.3033183014030085,0.02614130250182161
0.30343740421379,0.026161745207780383
0.3036590200008973,0.026199978909188498
0.3069921562429581,0.02677994833545782
0.3072152409417277,0.02681880426752919
0.30779700787149467,0.026920764330283235
0.3085280292919323,0.02704918537533184
0.3085610494466996,0.027055003672056707
0.30859406960146685,0.027060821968781575
0.3091758365312338,0.02716351335871208
0.30930281773372426,0.02718594174074825
0.31329642869214985,0.02789504375681491
0.31351951339091944,0.027934998013198608
0.3141012803206864,0.02803928991936606
0.3146830472504534,0.028143851472340976
0.3149034068636744,0.028183597132925963
0.31823654310573524,0.028785252343456195
0.31844730923688613,0.02882355193250361
0.3221260856535536,0.02949814606970341
0.32250747483329156,0.029568307499680854
0.3248677929156514,0.030002879235729446
0.3250102958254582,0.03002922852203552
0.3257088590406651,0.030159064797900523
0.3268121929335853,0.030364537450427203
0.3268822511823061,0.030377795558445334
0.32700923238479657,0.03040188843600186
0.32707929063351737,0.030415261548479712
0.3274002387454883,0.03047691927034256
0.32951548648277895,0.030884990960592648
0.33075096625584105,0.031124220578085327
0.331071914367812,0.03118692916893911
0.3350655253262376,0.03197197503481551
0.3390591362846632,0.03275709004641191
0.33928075207177055,0.03280087945105383
0.3400192614697826,0.03294739703542872
0.3404006506495206,0.03302392507506195
0.34122657660524314,0.03319295914243791
0.34143734273639403,0.033236273068276014
0.34155644554717557,0.03326078483592329
0.34367169328446623,0.03369659106208761
0.3439262746499106,0.033749170110587444
0.3442472227618816,0.03381627648769586
0.3445681708738525,0.03388338286480427
0.3479013071159133,0.034582226324487
0.3491367868889754,0.034844695070888526
0.3497185538187424,0.034968672186979834
0.35003950193071337,0.035037226841660385
0.3501095601794342,0.035052202638561895
0.350179618428155,0.03506720063467671
0.35229486616544564,0.035521466581352544
0.35327333311473336,0.035732439778527
0.35340031431722374,0.035760000636361075
0.3539820812469907,0.035886818434123426
0.35420244086021174,0.03593486034273709
0.35493346228064937,0.036094371828776894
0.3556719716786615,0.03625555001934338
0.35588967757034007,0.03630325891483444
0.3561823880927328,0.03636758773448196
0.3565033362047037,0.03643833564280787
0.35708510313447067,0.03656765660726313
0.35725811803094665,0.03660631246689886
0.3578398849607136,0.03673833177526836
0.35819972185377846,0.03682186587434942
0.3589382312517906,0.03699366777933609
0.35914899738294154,0.03704284977241254
0.3594699454949125,0.03711784482463635
0.36183026357727227,0.03766993083765553
0.36215121168924325,0.037745161348998475
0.36227819289173363,0.03777500244498166
0.3643934406290243,0.0382761788153385
0.36497520755879126,0.0384142229196944
0.3650452658075121,0.03843097257855934
0.3651882800913972,0.038465231411379475
0.3658675553253448,0.03862829003654028
0.36710303509840697,0.038925780169710156
0.37001138993946464,0.03962760923426874
0.3700774897740242,0.03964356650400892
0.37036697011682257,0.03971379182979347
0.3709487370465896,0.039854993430886075
0.37306398478388025,0.04037320343022743
0.37318308759466173,0.04040271902925539
0.3739011846440502,0.040581590665996814
0.37448295157381717,0.04072753151679517
0.37467215998277126,0.040775317487076794
0.37474221823149206,0.04079307262215574
0.3748613210422736,0.040823569281567315
0.3752820512241901,0.040931357136378646
0.3754011540349716,0.040961966541255834
0.37565428420370744,0.0410271755506404
0.379647895162133,0.042056460415509964
0.3836415061205586,0.04308574528037953
0.3841268244719684,0.043211028040684364
0.38433759060311934,0.04326562522732443
0.3853735465073263,0.04353543593569684
0.3855951622944336,0.04359323337484584
0.3859889203346893,0.04369706075262545
0.3861781287436434,0.04374716670291608
0.38829337648093404,0.04430885534499911
0.39065369456329374,0.04494064963327849
0.390686714718061,0.04494951164148593
0.39089748084921194,0.04500684613229976
0.3911520622146563,0.04507617342044671
0.39151189910772116,0.04517455304162281
0.3945046106178054,0.045996508153878436
0.3957400903908675,0.04633762198960482
0.3959292987998215,0.04639004072960556
0.3966603202202592,0.04659407934787068
0.39739134164069684,0.04679811796613581
0.397612937074607,0.046860057678863434
0.4016065480330326,0.04797710080405604
0.40218831496279955,0.04814001123228993
0.4031667819120872,0.048414124644003326
0.4034877300240582,0.04850412085606197
0.4037093458111655,0.048566387732776294
0.4058245935484562,0.049161838801715964
0.40599760844493216,0.04921065510209968
0.40603465465593463,0.049221109098651364
0.40721876974380317,0.049556270034962095
0.40731380956323576,0.04958322641268922
0.4082922765125234,0.04986123452190453
0.4088740434422904,0.050026838897415354
0.4104018246384826,0.05046227815184753
0.4106125907696336,0.050522417708931934
0.41101146255067184,0.05063665019798281
0.41174997194868396,0.05084835447645738
0.41200310211741975,0.050920953465351707
0.4122576834828641,0.05099420667154768
0.4122907036376314,0.05100375370026611
0.4123277498486338,0.05101447401757981
0.4128067220794948,0.05115370143838898
0.41306206820256974,0.051227968663496666
0.4141654020954899,0.05154926010484532
0.41534951718335844,0.0518966864045993
0.4157309063630964,0.05200874201574778
0.41615163654501297,0.05213328204547261
0.41637325233212025,0.05219898509430013
0.4165948681192275,0.05226468814312764
0.41871011585651824,0.05289182517832257
0.4188292186672997,0.052927139759612114
0.419082787156674,0.05300232408961843
0.4192719955656281,0.05305877052805518
0.41948276169677906,0.05312195270954999
0.42006452862654603,0.05329735666111846
0.4202861240604562,0.05336424237011142
0.42066751324019414,0.05347956995058397
0.4209220946056385,0.053557101153083306
0.4212148051280312,0.05364638093132307
0.4237509009473731,0.054422264143133746
0.4240054823128175,0.05450027169268427
0.42403850246758473,0.05451038978113382
0.4245174746984457,0.054657286876591785
0.4248384228104167,0.054755961368072745
0.4254201897401837,0.05493546210476535
0.42567477110562807,0.05501421510404301
0.4258295896078195,0.05506215932699597
0.4260831580971938,0.055141217771146375
0.42656213032805484,0.05529059541476384
0.4267513387370089,0.05534961349386807
0.42886658647429954,0.05601037732317355
0.4291201549636739,0.05608963736389289
0.4293747363291182,0.05616967111826512
0.42985370855997923,0.056320577223078254
0.4310891883330414,0.05671014985488036
0.4321925222259615,0.05705833313314749
0.4323480935844348,0.057107782301860435
0.43260343970750975,0.05718927067130783
0.43413122090370193,0.05767843412024718
0.4344405454017037,0.05777750136493392
0.4347483014215895,0.05787668263869356
0.43774101293167367,0.05884125669239989
0.4380503374296754,0.05894099282342768
0.43817731863216575,0.05898208930114864
0.439705099828358,0.05947693641171719
0.4403843750623056,0.05969823198951201
0.44063895642775,0.05978139551273796
0.440859316040971,0.05985344815138104
0.4410023303248561,0.059900389324328236
0.4410973701442887,0.05993158812348026
0.44207583709357634,0.060252794943272195
0.4423269785853412,0.06033529194370713
0.4425500632841108,0.06040865795634173
0.4427392716930649,0.060471187093005786
0.44277229184783207,0.06048211410690696
0.4428053120025993,0.06049304112080814
0.44283833215736657,0.06050396813470932
0.4432197213371045,0.06063032272929602
0.44391828455231147,0.06086243973243094
0.4441074929612655,0.060925480080217274
0.44534297273432766,0.06133772486049087
0.4457802206061034,0.06148392576900743
0.44647878382131034,0.06171767250616007
0.44695775605217136,0.06187808722609079
0.44717937183927864,0.06195238299110651
0.447306353041769,0.06199495290773918
0.44751711917292,0.062065636323588344
0.4476121589923525,0.06209752177602039
0.4487962740802211,0.0624947899949963
0.4489692889766971,0.06255283866612603
0.44912346826129074,0.0626046394755972
0.44937881438436567,0.06269047811782087
0.4496881388823674,0.06279536265946357
0.45016498746224737,0.06295712328893323
0.4502020336732498,0.06296974841854291
0.45058342285298775,0.06310000039787349
0.450616443007755,0.06311131641120964
0.45109541523861596,0.06327585565743721
0.4511360865236398,0.06328988943875967
0.4518346497388468,0.06353324352921817
0.4519007495734063,0.06355633470431311
0.45193376972817356,0.06356787966359229
0.4519667898829408,0.06357942462287146
0.45203917772468477,0.0636048657166569
0.4525160263045647,0.06377371945208689
0.4534944932538524,0.06412275231206989
0.4535595270493281,0.06414598651317349
0.45359254720409536,0.06415781494882115
0.4536875870235279,0.06419197754965099
0.4540509364696877,0.06432284263809451
0.45616618420697835,0.06508867895845963
0.4576939654031706,0.06564797450854759
0.4578491751840128,0.06570490653862245
0.4583281474148738,0.06588109650778326
0.4583565617242016,0.06589158838898317
0.4585013146799528,0.06594504574249561
0.459306741965359,0.06624249560921971
0.45942883861432887,0.06628792741682484
0.4599078108451899,0.06646634418505179
0.46012940627910004,0.06654949361173353
0.46018164014666085,0.06656930607236143
0.4604019997598819,0.06665294593963664
0.4604680995944414,0.06667807828464217
0.4614465665437291,0.06705022373441341
0.46214512975893607,0.06731602778681818
0.46239869824831037,0.06741255111118742
0.4624357444593128,0.06742666138996452
0.46247279067031527,0.06744077166874163
0.4625098368813177,0.06745488194751872
0.4625174506731495,0.06745778517516017
0.4625250644649812,0.06746068840280163
0.46283438896298296,0.06757864923312067
0.46298996032145623,0.0676381979270849
0.46357172725122325,0.06786098178059985
0.4636047474059905,0.06787366090373975
0.46381551353714146,0.06795460842254257
0.4640262796682924,0.0680355559413454
0.46472484288349936,0.06830507985366131
0.464879022168093,0.06836467063640826
0.465052037064569,0.06843166796976384
0.46513385691708964,0.06846343284621019
0.46724910465438035,0.06928593904028069
0.4676304938341183,0.06943425581569893
0.46765057135447646,0.06944206479155714
0.46768359150924366,0.06945492196736869
0.467905207296351,0.06954131050209657
0.46860377051155794,0.06981495275879206
0.4687302503669128,0.06986465310574802
0.46942881358211974,0.07013961286546001
0.46990778581298076,0.07032814004234955
0.4706258828623692,0.07061147009398497
0.4727411305996599,0.07144665602054404
0.47343969381486684,0.07172264391995771
0.47348036509989067,0.07173873764651685
0.47360246174886056,0.07178706565111062
0.4736546956164214,0.07180784242293582
0.4737720275577097,0.0718545135235233
0.4740503514227008,0.07196545291671377
0.47434306194509357,0.07208217883950907
0.4750416251603005,0.07236136068600814
0.4750746453150677,0.07237459557061045
0.47555361754592873,0.07256685283828604
0.4758629420439305,0.07269106641414345
0.47598992324642087,0.07274207068226285
0.4759975370382526,0.07274514109466038
0.4760051508300844,0.0727482115070579
0.47610590701968464,0.07278890683655587
0.4765848792505456,0.07298237666470578
0.47680647468445575,0.07307217247372923
0.4775050378996627,0.07335562177581292
0.4779840101305237,0.07355068769693496
0.47827672065291643,0.07367030678981382
0.4789948177023049,0.073963836909283
0.4791169143512748,0.07401381336217391
0.47959376293115474,0.07420905191199921
0.4796587967266305,0.07423576162579583
0.47986956285778143,0.07432234347334395
0.48014788672277253,0.0744366883635325
0.4806247353026525,0.07463262844173088
0.48100612448239044,0.07478938642543832
0.4810724894738795,0.07481672465433536
0.48139343758585046,0.07494895220977543
0.4815107695271388,0.07499765961049502
0.4815412915407507,0.07501033864006584
0.4815718135543626,0.07502301766963665
0.48160233556797455,0.07503569669920747
0.4816404613464755,0.07505153437883015
0.4819299416892739,0.07517212874243792
0.48245608879645535,0.07539132606047977
0.4827106701618997,0.07549747679269664
0.48318964239276074,0.07569730781364853
0.48367496074417055,0.07589979060242404
0.48396767126656326,0.07602200109614131
0.4840236124914874,0.07604543594745206
0.4841409444327757,0.07609459181046763
0.48417396458754297,0.07610845168791161
0.48423899838301876,0.07613575400061068
0.48427712416151963,0.07615179838962816
0.48726983567160387,0.07741198355883147
0.48749145145871114,0.07750538262526845
0.4877460328241555,0.07761339863109581
0.48778415860265645,0.07762959958832469
0.4879289115584076,0.07769141030105932
0.4880012994001516,0.07772242229295045
0.4884866177515614,0.07793068351229089
0.48860572056234286,0.07798179523692136
0.4887248233731244,0.07803290696155182
0.4888439261839059,0.0780840186861823
0.49037170738009805,0.07874027495663238
0.49290780319943994,0.07983246239855904
0.49296003706700076,0.07985501190569334
0.49324951740979917,0.07998020856327506
0.49347260210856875,0.08007673656732153
0.49399874921575027,0.08030445871093593
0.4944777214466113,0.08051206178848838
0.49454408643810027,0.08054084578404305
0.49460912023357606,0.08056908037749722
0.49491844473157776,0.08070404488062294
0.4952277692295795,0.08083946965939644
0.4957067414604405,0.08104945284232451
0.4961857136913015,0.08125954637469143
0.49625810153304545,0.08129134554594754
0.4969761985824339,0.08160732178698994
0.4976942956318224,0.08192329802803235
0.49800205165170813,0.08205911853750104
0.49808387150422884,0.08209523349669462
0.4982946376353798,0.08218848937499498
0.49854577912714465,0.08229961013565147
0.4988667272391156,0.08244200472306948
0.4992300766852754,0.08260329328380982
0.4994516924723827,0.08270178404423961
0.49947176999274084,0.08271071283668073
0.499750093857732,0.0828346227983251
0.4998674257990203,0.0828871011113645
0.5000857825304349,0.08298506104090991
0.5010642494797225,0.08342434779768064
0.5010926637890504,0.08343710551755937
0.5012818721980044,0.08352210587041847
0.5013102865073322,0.08353487415466487
0.5015757510188354,0.08365430969513037
0.5018412155303388,0.08377374523559586
0.5019767296610761,0.08383471631369924
0.5020326708860002,0.08385997525550976
0.5021277107054328,0.08390299520688034
0.5023384768365838,0.0839984055916113
0.5028237951879936,0.08421922618096403
0.503297441223141,0.08443504861430312
0.5033792610756617,0.08447240075536563
0.503600876862769,0.08457361876928407
0.5038224926498762,0.08467489813468154
0.5039175324693088,0.08471841524456356
0.5040348644105972,0.08477216802484036
0.5040678845653644,0.08478732597844395
0.5041009047201317,0.08480248393204753
0.5048190017695201,0.08513241692204938
0.5069342495068108,0.08610707680261306
0.5073549796887273,0.08630108470109547
0.5073931054672283,0.0863186712331191
0.5074654933089722,0.08635211439943197
0.5081640565241792,0.08667552738563021
0.5082290903196549,0.08670565428998311
0.5082672160981558,0.08672332585266478
0.5085455399631469,0.0868529700214203
0.5095240069124346,0.08731061302242168
0.5097894714239379,0.08743490625059627
0.5100549359354412,0.08755919947877087
0.5103476464578339,0.08769632345832006
0.5103863820972726,0.08771447037623718
0.5129224779166145,0.08890403160310746
0.5130486168559172,0.08896346825537078
0.5133380971987156,0.08909996285854785
0.5136164210637068,0.08923124292174821
0.5143149842789136,0.08956095061633731
0.5144594352804472,0.08962915118402835
0.5145412551329679,0.08966784367870932
0.5147643398317375,0.08977343589657
0.5148024656102383,0.08979150172281072
0.5148688306017274,0.08982299405779408
0.5153478028325884,0.0900520493551551
0.5154747840350788,0.09011279663300635
0.5157841085330805,0.090260839133584
0.5158402135748089,0.0902877420204509
0.5162609437567255,0.09048958117603494
0.5163616999463257,0.09053812734513289
0.5164837965952956,0.0905969781881253
0.5165168167500629,0.09061290017105197
0.5169936653299428,0.09084351874368686
0.517013742850301,0.0908532771668242
0.5170338203706591,0.09086303558996155
0.5172515262623377,0.09096885185152857
0.5172845464171049,0.09098491776903406
0.5173175665718721,0.09100098368653954
0.5176809160180319,0.09117780847673652
0.5183794792332389,0.09151829559234441
0.5185064604357292,0.09158026613174976
0.5196097943286494,0.09211891976090368
0.5199731437748092,0.0922963840323157
0.5201175947763427,0.09236697510896301
0.5204385428883137,0.09252400025660826
0.5207280232311121,0.09266568165079804
0.5207943882226012,0.09269816861859187
0.5212797065740109,0.09293575419073909
0.5217650249254207,0.0931733397628863
0.5221283743715804,0.0933512612167057
0.5222276661717749,0.09339998226300257
0.5225171465145733,0.09354229627460581
0.5227387419484834,0.09365139495169542
0.5228943133069567,0.09372815164593574
0.5229349845919805,0.0937482507777279
0.5236335478071875,0.09409398625241211
0.5238871162965618,0.09421948582450256
0.5240044482378501,0.09427798379668775
0.5244834204687111,0.09451680107037305
0.5245353858155204,0.09454280930641425
0.5252339490307274,0.0948924613678116
0.525654679212644,0.09510382513407971
0.5260535509936822,0.09530426741487258
0.5261055163404915,0.09533043135411128
0.5263600977059358,0.09545869719096277
0.5266810458179069,0.09562041877732634
0.5269041305166764,0.09573295044895135
0.5271968410390692,0.0958807672258046
0.527281047303955,0.09592342014863861
0.5273760871233876,0.095971569034901
0.5276415516348909,0.09610647759409954
0.5280049010810507,0.09629142483637904
0.5287229981304391,0.09665712228081279
0.5287636694154629,0.09667784297513245
0.5292405179953429,0.096921298173598
0.5293849689968764,0.09699509605193292
0.529451068831436,0.09702893113194037
0.5296694255628505,0.09714156107588585
0.5297213909096598,0.09716838778766614
0.529876600690502,0.09724887334178176
0.5302973308724186,0.09746709638078661
0.5305627953839218,0.09760485545894294
0.5308522757267202,0.09775544478815269
0.5309042410735295,0.09778248553463512
0.5311150072046805,0.0978922417574819
0.5311434215140083,0.09790706030858856
0.5319488487994145,0.09832742646228863
0.5326474120146215,0.09869205949321506
0.5330288011943595,0.09889127476885047
0.5333921506405191,0.09908109289411113
0.533457184435995,0.09911507320385254
0.5335235494274839,0.09914978316216187
0.5336496883667866,0.09921581660988862
0.5338727730655562,0.09933286032560305
0.5346782003509625,0.0997554646400823
0.5347543609970171,0.09979543596113212
0.5350621170169029,0.09995704772959192
0.5352065680184365,0.10003294138109008
0.5352436142294389,0.10005242379880336
0.5353386540488715,0.1001025047624393
0.5354607506978413,0.10016696220209828
0.5355828473468112,0.10023141964175726
0.5363009443961996,0.10061279866170562
0.5367799166270606,0.10086748037438005
0.5371370655281758,0.10105763580071372
0.5376160377590368,0.10131284583757338
0.5378268038901877,0.10142524013967323
0.5381839527913028,0.10161662959610245
0.5384055482252129,0.10173546428862025
0.538726496337184,0.10190767283397764
0.5395319236225902,0.1023403680810439
0.5400087722024701,0.10259734780908764
0.540707335417677,0.10297466905176056
0.5408517864192106,0.10305272696833119
0.5411172509307138,0.10319628259306217
0.5413403356294835,0.10331697480417515
0.5428210476827395,0.10411927350406702
0.5430426634698468,0.1042393847002442
0.5430797096808492,0.10425948074795943
0.5432980664122637,0.10437839910442244
0.5433387376972876,0.10440056106202969
0.5433794089823114,0.10442272301963694
0.5436339903477558,0.10456154643526032
0.5442362185539131,0.10489021599165511
0.5442690601336054,0.10490816021367239
0.5444798262647564,0.10502357233020744
0.5449651446161662,0.10528975936030317
0.5449732380517943,0.10529420210031379
0.5449813314874224,0.1052986448403244
0.5449894249230506,0.105303087580335
0.5453527743692104,0.10550406492412362
0.5457161238153702,0.1057053609943945
0.5460056041581686,0.10586671991915494
0.5461597834427622,0.1059528789688258
0.5465970313145379,0.10619802382406218
0.5468624958260412,0.10634720813860768
0.5469894770285315,0.10641867852450962
0.547116458231022,0.10649014891041157
0.5472434394335123,0.10656161929631353
0.5475643875454833,0.10674280623741769
0.5480433597763443,0.1070132688068291
0.5480717740856721,0.10702931784265647
0.5482933898727794,0.10715491921268776
0.5490988171581856,0.10761140754444547
0.5495777893890467,0.10788388387649776
0.5496300232566075,0.10791370761258932
0.5498407893877584,0.10803413158728715
0.5505393526029654,0.10843360224518059
0.5505723727577325,0.1084525006870866
0.5507939681916427,0.10857935862783945
0.5514925314068497,0.10897965870201459
0.5515686920529043,0.10902330536655033
0.5517042061836417,0.10910112920598232
0.5517448774686655,0.10912450035600267
0.552271024575847,0.10942687876441938
0.552591972687818,0.10961152432600658
0.5528574371993212,0.10976470742330408
0.5528981084843452,0.10978818902841359
0.5529265227936729,0.10980462941298064
0.5535287509998302,0.11015319212330192
0.5535617711545975,0.11017231867131676
0.5536278709891571,0.11021068208078577
0.5547312048820773,0.1108520888835775
0.554769940521516,0.11087465759467574
0.5549251503023581,0.11096533694482823
0.5551906148138614,0.11112131894808548
0.5552236349686287,0.11114076155359333
0.5555163454910215,0.1113131563972219
0.5555813792864972,0.11135147007768212
0.5570620913397532,0.11222536289714799
0.5575410635706142,0.1125084034890445
0.5586443974635343,0.113161142683936
0.5589098619750377,0.11331829376282902
0.5589620958425985,0.11334926207493544
0.5590685980172961,0.11341240752917009
0.5594257469184113,0.11362455063893372
0.559532249093109,0.11368782009109137
0.5595881903180331,0.11372116674204148
0.5598975148160349,0.11390562421340804
0.5601629793275381,0.1140640000296676
0.56269907514688,0.11557884832779688
0.562803736374896,0.11564144418545741
0.563502299590103,0.11605990739646029
0.5637130657212539,0.11618617366893884
0.5647490216254609,0.11680830944862995
0.564970617059371,0.11694139616224249
0.5654287079640598,0.1172168442029461
0.5657496560760307,0.11740983012404214
0.5660042374414751,0.1175638318378459
0.5663675868876349,0.11778436044035343
0.566400607042402,0.11780443247799258
0.5664336271971693,0.11782450451563171
0.5672390544825755,0.11831411740560505
0.5673232607474614,0.11836536795753788
0.567477440032055,0.11845980109855185
0.567858829211793,0.11869347538833655
0.5686642564971992,0.11918707002932417
0.5688858519311093,0.1193230297982915
0.5694880801372667,0.11969358952076206
0.5698514295834265,0.11991728427001291
0.5701723776953974,0.12011525444853655
0.5702283189203217,0.12014977532835736
0.5717090309735776,0.12106367768292592
0.5719197971047285,0.1211939904214472
0.5719585327441673,0.12121795218363644
0.571997268383606,0.12124191394582567
0.5720360040230447,0.1212658757080149
0.5722467701541957,0.12139626375278328
0.5723532723288933,0.12146218458691127
0.5725640384600443,0.12159264149114934
0.5729847686419608,0.12185347481344148
0.5730508684765204,0.12189451073855499
0.5730792827858482,0.1219121635471109
0.5736623953419375,0.1222749039281072
0.5736954154967048,0.12229547265185152
0.5737284356514719,0.12231604137559583
0.5743115482075613,0.1226795061429328
0.5747883967874412,0.1229773285865794
0.5751697859671792,0.12321690385496308
0.5753928706659488,0.12335710635745416
0.5757562201121086,0.1235854855920242
0.5759793048108781,0.12372576391090813
0.5766778680260851,0.12416524793805617
0.5767108881808524,0.12418604541253384
0.5767439083356196,0.1242068428870115
0.5767769284903869,0.12422764036148917
0.5768099486451541,0.12424846734195173
0.5771531658806757,0.12446602972425967
0.5775738960625922,0.12473308285228867
0.5777846621937431,0.12486692420012174
0.5778608228397978,0.1249153088730309
0.5779576884540876,0.12497686396718695
0.5781807731528571,0.12511864836827086
0.5782214444378809,0.12514450898900326
0.5785109247806793,0.12532897854748548
0.578734009479449,0.12547115785366014
0.5787710556904514,0.1254947693034447
0.5790365202019547,0.1256642389703681
0.5790565977223129,0.12567708736038294
0.5793220622338162,0.12584708329604077
0.5799242904399735,0.1262330815286768
0.5799802316648976,0.12626901119001527
0.5804570802447776,0.12657558872203173
0.5805405667979978,0.12662939562673417
0.580685319753749,0.12672295907757458
0.5808297707552825,0.12681634078853293
0.5809132573085027,0.12687031887686023
0.5812946464882407,0.12711731521796546
0.5814371493980475,0.12720990066425597
0.5820393776042049,0.127602622435916
0.5823048421157082,0.12777590345435508
0.5825594234811525,0.12794239440985367
0.5825924436359198,0.12796399970189773
0.582625463790687,0.1279856049939418
0.5826584839454543,0.12800721028598588
0.5826915041002214,0.12802881557802995
0.582835955101755,0.12812352594302007
0.583312803681635,0.12843631175700182
0.5833458238364022,0.1284579803523862
0.5834905767921533,0.128552990724356
0.5839113069740699,0.12883019145374935
0.5839947935272901,0.1288852387001016
0.5850981274202103,0.12961317040338632
0.5855562183248989,0.12991564528013905
0.5855892384796662,0.12993745457837722
0.5856222586344334,0.12995926387661538
0.5859432067464044,0.13017156118708909
0.5866417699616113,0.13063387180006852
0.5870231591413493,0.13088653732300543
0.5870993197874039,0.1309370543598778
0.5873539011528482,0.13110676058953175
0.588332368102136,0.13175935546457335
0.5884768191036694,0.13185584152622276
0.5885736847179592,0.1319205925051316
0.588670550332249,0.13198534348404045
0.5892536628883382,0.13237551225163238
0.5896108117894534,0.13261448557700448
0.5901939243455426,0.1330046543445964
0.5903130271563242,0.13308436331449433
0.5905361118550938,0.13323382074506807
0.5907468779862447,0.1333753260051517
0.5911102274324045,0.13361951458883234
0.5914735768785643,0.13386370317251298
0.5918307257796794,0.13410437235400144
0.5921202061224778,0.13429944815063183
0.5924835555686376,0.13454430428295636
0.5931628308025853,0.13500253843359483
0.5938421060365329,0.13546077258423334
0.5940604627679474,0.13560810377539811
0.5943150441333918,0.13578005039167537
0.5945042525423458,0.13590794684493698
0.5947258479762559,0.13605794591159495
0.5947542622855838,0.1360772244016544
0.5951749924675003,0.13636318731113423
0.595305536042197,0.1364519418432092
0.5954360796168937,0.1365407652167094
0.5964720355211007,0.1372461465520531
0.5965240008679099,0.1372816017160019
0.5972225640831169,0.13776006882831854
0.597958942755803,0.13826445089527073
0.5982666987756887,0.13847544780896204
0.5988689269818461,0.13888982683196685
0.5989531332467319,0.13894784766300836
0.5993738634286485,0.13923803450658345
0.5996816194485343,0.13945066253632815
0.5999047041473039,0.13960501544165144
0.6006032673625109,0.14009019135336
0.6006316816718387,0.1401099278865827
0.600758662874329,0.14019826316154999
0.6008106282211383,0.14023443234154706
0.6011677771222534,0.14048306183989076
0.6013785432534043,0.14063028799203933
0.6015229942549379,0.14073150190981157
0.6018863437010977,0.1409864935977205
0.6019293559430131,0.14101674014591228
0.6020845657238553,0.14112591724379545
0.6023391470892997,0.1413058177519633
0.6024360127035894,0.14137437920321963
0.6024690328583566,0.14139783099080636
0.6025020530131239,0.14142128277839305
0.6025350731678911,0.14144473456597975
0.6030119217477711,0.14178342982567635
0.6032226878789221,0.14193315863287229
0.6033671388804556,0.14203598412559185
0.6036598494028483,0.14224471970702973
0.603952559925241,0.14245345528846762
0.604163326056392,0.14260395500505205
0.6044179074218363,0.14278599429160724
0.6047388555338074,0.14301648462686326
0.6050960044349224,0.1432739467513006
0.6054773936146604,0.1435490258827839
0.6059354845193491,0.14387970482081677
0.6067409118047553,0.1444616803569743
0.6067839240466707,0.14449279948552735
0.6075893513320769,0.14507557055797624
0.6077445611129191,0.14518790315152144
0.6078993796151105,0.1453000103705358
0.608054198117302,0.1454121175895502
0.6080826124266299,0.1454326979779176
0.6084397613277449,0.145691574165915
0.6086943426931893,0.14587613372396396
0.6089159584802966,0.1460369860562909
0.6093532063520724,0.14635488976870192
0.609391941991511,0.14638305464372486
0.6095274561222483,0.14648159718466106
0.6096282123118486,0.146554874736978
0.6098936768233519,0.14674800031191337
0.6099324124627906,0.14677621243918895
0.609975424704706,0.14680757534289002
0.6105585372607953,0.1472330407101385
0.6107693033919462,0.14738701265111392
0.6107977177012741,0.147407791201069
0.6108307378560414,0.14743196149436713
0.6108637580108086,0.14745613178766528
0.6111183393762529,0.147642717205315
0.6112735491570952,0.14775650679927804
0.6112902433900248,0.14776876218134966
0.6115448247554692,0.14795588366156417
0.6115818709664717,0.14798311604157036
0.6116123929800835,0.148005552535094
0.6116494391910859,0.14803278491510016
0.6116661334240157,0.14804505671517773
0.6117220746489398,0.14808625638708167
0.611755094803707,0.14811058177367017
0.6120205593152104,0.14830615210879036
0.6123100396580087,0.14851944441469367
0.6124192085538257,0.14859998447161385
0.6127825579999855,0.1488681187847465
0.613125775235507,0.14912153683878346
0.6134152555783055,0.14933566830624612
0.613758472813827,0.14958966317895553
0.6143415853699163,0.1500222893236482
0.6144384509842061,0.15009422375547765
0.6147039154957094,0.15029139559155757
0.6147239930160675,0.15030633195983342
0.6153071055721568,0.15074051873972824
0.6155248114638354,0.15090281650432455
0.6155576530435277,0.15092730887554054
0.6157021040450612,0.15103506163873992
0.6162852166011505,0.1514700927081431
0.6165068120350606,0.15163552311198064
0.6166551105177543,0.15174635730058023
0.6168767263048617,0.15191216552973077
0.6169328313465902,0.15195442814987584
0.617183972838355,0.15214436169396278
0.6177670853944442,0.15258542058168287
0.6181451450622025,0.15287143973701234
0.6184378555845952,0.15309294877680638
0.6188192447643331,0.15338158939741628
0.6191401928763042,0.1536248487600301
0.6191732130310714,0.15364988887796946
0.6199786403164776,0.15426119717987732
0.620034745358206,0.1543038678481309
0.6200908503999345,0.1543465385163845
0.6204118228630521,0.1545910435125606
0.6207327953261697,0.1548355485087367
0.6213159078822589,0.15528002282220926
0.621673056783374,0.15555260454021266
0.6219625371261724,0.15577408980681512
0.6223832673080889,0.15609670452838
0.6228205151798647,0.15643205407888758
0.6230435998786343,0.1566036803925856
0.6230636773989925,0.15661913178419648
0.623139838045047,0.1566778056358948
0.6231682523543749,0.15669970294293217
0.623389847788285,0.15687062713257555
0.6235790561972391,0.1570168001724989
0.6240371471019277,0.15737093615545783
0.6243942960030429,0.15764715126173692
0.6251997232884491,0.15827140855306404
0.6253188260992305,0.1583637707087914
0.6253518462539978,0.15838941477737353
0.6259349588100871,0.15884460337946493
0.626316347989825,0.15914329997307713
0.6265394326885947,0.15931806441289284
0.6266699762632914,0.1594205219054605
0.6270333257094511,0.1597057450072968
0.6272987902209545,0.15991417354779663
0.6277724362561018,0.16028652567352927
0.6283555488121911,0.16074510004165193
0.6287762789941077,0.16107614802043896
0.6295817062795139,0.16171039351797398
0.6299597659472721,0.16200869754297204
0.6299902879608841,0.16203280329327563
0.6300208099744959,0.16205690904357922
0.6300513319881079,0.16208101479388282
0.6300818540017198,0.16210512054418638
0.6301123760153318,0.16212922629448998
0.6301428980289436,0.16215333204479357
0.6304638461409147,0.16240757950138943
0.630753326483713,0.16263696155987784
0.6310428068265114,0.16286636828358617
0.631200878236034,0.16299165585518974
0.6312338983908012,0.16301787499377002
0.6312669185455685,0.1630440941323503
0.6312999387003357,0.16307031327093058
0.6317371865721114,0.1634178522959695
0.632058159035229,0.16367353163754106
0.6320782365555871,0.16368953153387858
0.6321973393663687,0.16378459563641679
0.6324189551534759,0.16396196274018537
0.6326405709405832,0.16413932984395396
0.6328951523060276,0.16434326778747374
0.6331182370047972,0.16452237999387626
0.633555484876573,0.16487347048879789
0.6335885050313401,0.1648999938376526
0.6336646656773948,0.16496117207343586
0.633730586444937,0.16501419794332123
0.6337636065997042,0.16504084060568833
0.633819687290286,0.1650860968725513
0.6349230211832062,0.1659765234990191
0.6349560413379735,0.16600317412226742
0.6349890614927407,0.16602982474551575
0.6354471523974294,0.1663995749171231
0.6357017337628738,0.16660514661611
0.6360588826639889,0.16689383948669642
0.636091902818756,0.16692056597905897
0.6363277582841056,0.16711157215617306
0.6363927920795813,0.16716427551619398
0.6364578258750571,0.16721697887621487
0.6367655818949428,0.16746658244189921
0.6368085941368583,0.16750148502013182
0.6368516063787737,0.1675363875983644
0.6368946186206891,0.16757129017659697
0.6369274602003814,0.16759797239665541
0.637033962375079,0.16768460740903052
0.638069918279286,0.1685278124629456
0.6383776742991718,0.16877928247439553
0.6386007589979414,0.16896156866229306
0.6386849652628273,0.1690303838305308
0.6389065810499346,0.16921157082486513
0.6389371030635465,0.16923656969861642
0.6393151627313047,0.16954639209180092
0.639568731220679,0.169754326701134
0.6397903266545892,0.16993649734347097
0.6398233468093564,0.16996365600399027
0.6398563669641236,0.16999081466450958
0.6398893871188909,0.17001797332502888
0.6399224072736581,0.1700451319855482
0.6403804981783469,0.17042237423027523
0.6409636107344361,0.17090263237898595
0.6411852265215434,0.17108540387274157
0.6412613871675981,0.17114825004023762
0.6420668144530043,0.1718133767797264
0.6422112654545378,0.1719329122112083
0.6423660839567292,0.17206109426946026
0.6423696134405634,0.17206401900590312
0.6423731429243976,0.172066943742346
0.6424823118202145,0.17215750284093692
0.6425914807160316,0.17224806193952788
0.6426437145835924,0.17229143680497971
0.6427096353511345,0.17234618386658684
0.6430729847972942,0.17264801522544718
0.6432960694960639,0.1728334924084252
0.6436774586758018,0.17315069552084944
0.64369753619616,0.17316744766533215
0.643908302327311,0.1733433324738109
0.644046327872966,0.17345859822479645
0.6444835757447417,0.1738248489731004
0.6448045482078593,0.17409517564265062
0.6451859373875972,0.1744165265190163
0.6452694239408174,0.1744868806956834
0.6453999675155141,0.1745969514976784
0.6457209399786317,0.17486771734173032
0.6457244694624659,0.1748706953967023
0.6457632051019045,0.17490339783842163
0.6458019407413432,0.17493610028014092
0.6461228888533143,0.17520761654913705
0.6461635601383381,0.17524203588154688
0.6461670896221723,0.17524502494351474
0.6465242385232873,0.17554790788213862
0.6465572586780546,0.17557600366256
0.6465902788328218,0.1756040994429814
0.6466232989875891,0.17563224170252192
0.6468448944214993,0.1758213947455639
0.6469997129236907,0.17595367115260654
0.6473630623698505,0.17626573752943753
0.6478003102416262,0.176642031349034
0.6481212583535972,0.17691850117029634
0.6482403611643787,0.17702118862347055
0.6482733813191459,0.1770497514742345
0.6483064014739132,0.17707831432499843
0.6483144949095413,0.1770853244437264
0.6483225883451694,0.17709233456245435
0.6483306817807976,0.17709934468118232
0.6483387752164257,0.1771063547999103
0.6484578780272072,0.17720963817881727
0.6488359376949654,0.1775378295061972
0.6490575534820727,0.17773034329259857
0.6491544190963624,0.17781452822014826
0.6492735219071439,0.17791822336789057
0.6492770513909781,0.1779212962621845
0.6493100715457454,0.1779501708155149
0.6493430917005126,0.17797904536884532
0.6493761118552799,0.1780079199221757
0.6494045261646076,0.17803287156577463
0.6497064073288037,0.17829803421062723
0.6497394274835709,0.1783270840162544
0.6497781631230096,0.17836118129659212
0.6508141190272166,0.17927359686696945
0.6508700602521408,0.17932293968102017
0.6509261652938692,0.17937242698926323
0.6509821065187933,0.17942176980331395
0.6510382115605218,0.179471257111557
0.6512254641879134,0.17963668461940455
0.6514909286994167,0.17987185468265945
0.6518689883671749,0.18020696571575082
0.6522470480349332,0.1805420767488422
0.6522800681897004,0.18057136012094985
0.6523130883444676,0.1806006434930575
0.6523461084992348,0.1806299268651651
0.6528041994039235,0.1810364289493906
0.6528370409836158,0.18106562693532213
0.652973769627789,0.18118718655295388
0.6532273381171634,0.18141275039710017
0.6534809066065377,0.1816383142412465
0.6535009841268958,0.18165617435739922
0.6537240688256655,0.1818550274403647
0.6537570889804326,0.18188446159651792
0.6537901091351999,0.18191389575267117
0.6538231292899671,0.1819433299088244
0.6538561494447344,0.18197276406497762
0.6541770975567054,0.18225958253214036
0.6542962003674868,0.1823661182583489
0.6544153031782683,0.1824726539845574
0.6545344059890499,0.1825791897107659
0.6546535087998313,0.1826857254369744
0.6546616022354594,0.18269296591245796
0.6546696956710876,0.18270020638794152
0.6546777891067157,0.18270744686342508
0.6546858825423438,0.18271468733890864
0.6548750909512979,0.18288408418718508
0.6550967067384053,0.1830825000946554
0.655460056184565,0.18340873650146058
0.6555120215313743,0.18345540489909395
0.6555639868781835,0.18350207329672735
0.6558849349901545,0.18379036362033505
0.6559508557576967,0.1838496014176152
0.6560167765252389,0.18390883921489537
0.656238371959149,0.18410798803538525
0.6567120179942965,0.18453381604142582
0.6567450381490637,0.18456351408536548
0.6568229274400417,0.18463356704551048
0.6568559475948089,0.18466326508945016
0.6568889677495762,0.18469296313338981
0.6572670274173344,0.18503304727275283
0.6576303768634941,0.18536097884344194
0.6579513493266117,0.18565072809540495
0.6583885971983875,0.1860455477001416
0.65854666860791,0.1861882826498604
0.6589038175090252,0.18651120159867252
0.6590521159917189,0.18664535103801463
0.6597313912256665,0.18726074253515493
0.6604106664596142,0.18787613403229525
0.6608479143313899,0.18827273688597748
0.6609001481989507,0.18832028471843795
0.6612815373786887,0.18866789131690115
0.6613479023701777,0.18872841923012265
0.6614142673616666,0.18878894714334418
0.6615448109363634,0.18890802733364337
0.6617993923018077,0.1891404874565278
0.6620539736672522,0.18937294757941225
0.6623617296871379,0.18965406838336257
0.6623945712668302,0.18968410328611252
0.662702327286716,0.18996569765618412
0.6627341259565498,0.18999481863423498
0.662767146111317,0.19002505823882346
0.6630326106228204,0.1902681766552898
0.663139112797518,0.19036575944273773
0.6631910781443273,0.19041341996611816
0.6632430434911366,0.19046108048949856
0.6632952773586974,0.19050904065681973
0.6636733370264556,0.19085627854833448
0.663962817369254,0.1911221649503471
0.6639956589489463,0.19115238170876256
0.664453749853635,0.19157396431220977
0.6649118407583237,0.19199554691565696
0.665166422123768,0.1922301185530755
0.6654873945868856,0.19252658388115598
0.6658507440330453,0.19286223775433603
0.6659269046791,0.19293275210423794
0.666137670810251,0.1931279461828755
0.6662468397060679,0.19322907238341988
0.6662752540153957,0.19325540774044725
0.6663587405686159,0.1933328024098571
0.6665695066997668,0.19352824596192808
0.6667567593271585,0.19370219608799077
0.6671348189949167,0.194053644075143
0.6672831174776104,0.1941915145052771
0.6676611771453687,0.19454304261530284
0.6682442897014579,0.19508546309984165
0.6685875069369795,0.19540499817471757
0.6687242355811528,0.19553229939675756
0.668879445361995,0.19567681083256616
0.6690346551428372,0.1958213222683748
0.6691005759103794,0.19588273983627708
0.6691767365564341,0.19595371770744902
0.6692289704239949,0.19600250556933066
0.6693595139986915,0.19612457707317876
0.6693879283080193,0.19615117252976647
0.6694266639474581,0.1961875069236777
0.6700097765035473,0.1967348005579926
0.6700658815452758,0.19678752661370635
0.6701085386663035,0.19682761466409548
0.6701809265080475,0.19689575742105922
0.6705589861758057,0.19725183940462002
0.671142098731895,0.19780183539330098
0.6715793466036707,0.19821574206235704
0.6720165944754464,0.19862964873141306
0.672239679174216,0.19884094604081065
0.672377704719871,0.19897174796881315
0.6724769965200654,0.19906590080809494
0.6735803304129856,0.20011380131206344
0.6736087447223134,0.20014083766792345
0.6739720941684731,0.20048691581631575
0.6743534833482111,0.20085090414700166
0.6744057172157719,0.20090086465193652
0.6748429650875476,0.201319308315191
0.6752802129593234,0.20173798867071818
0.6753362936499052,0.20179173432519684
0.6756572417618762,0.2020994743556724
0.675964997781762,0.20239467562747931
0.6761094487832956,0.20253347894367504
0.6762474743289506,0.20266610968513524
0.6762804944837179,0.20269794553641066
0.676313514638485,0.20272978138768605
0.6763465347932522,0.20276161723896147
0.676709884239412,0.20311257967030338
0.6767525413604397,0.20315379513222637
0.6767757577435926,0.2031762691689282
0.6768519183896472,0.20325002337528889
0.6768751347727999,0.20327250791504484
0.6772958649547165,0.20368010300086753
0.6776739246224747,0.2040465249191412
0.6779285059879191,0.20429327410661866
0.6780748792976122,0.20443518368521876
0.6784562684773502,0.2048050203664748
0.6793101092259466,0.2056333669029901
0.6796310816890642,0.2059449723427696
0.6796970024566064,0.20600907811681596
0.6800179505685774,0.2063212840573829
0.6801643238782705,0.20646376133830818
0.6804852963413881,0.20677642384597375
0.6805183164961554,0.2068086765440095
0.680976407400844,0.20725662413862525
0.6813577965805819,0.20762979870300668
0.6815613916469375,0.20782905514477043
0.6821445042030269,0.20839999864379344
0.6825652343849434,0.20881204135039808
0.6828010898502929,0.20904314366837065
0.6832218200322094,0.20945545566807272
0.6834434358193167,0.20967281383387262
0.6835526047151336,0.20978004027085773
0.6846559386080537,0.21086630245155824
0.684739425161274,0.21094855763928733
0.685060373273245,0.21126544534196876
0.685381321385216,0.21158243733122922
0.6854200570246547,0.2116207292150645
0.6854587926640934,0.21165902109889975
0.6855247134316356,0.21172419290661126
0.6856710867413287,0.2118691352797146
0.6859069422066782,0.21210272143153683
0.6860533155163714,0.21224786092007764
0.6864313751841297,0.21262275613487366
0.6865148617373499,0.2127055676779443
0.6865872495790938,0.21277738423360268
0.6866104659622465,0.21280043653188757
0.6866433075419388,0.2128330504468597
0.6866761491216311,0.21286566436183185
0.6871133969934069,0.2133004338611071
0.687121490429035,0.21330848274299724
0.6871641475500627,0.21335094298402077
0.687429612061566,0.21361523768815371
0.687750560173537,0.21393484000575796
0.6880583161934228,0.21424138718302158
0.688203069149174,0.21438563959784393
0.6883578876513654,0.2145400278380499
0.6887951355231412,0.2149763041034688
0.6889499540253327,0.21513092541426745
0.6891047725275241,0.21528554672506614
0.6892920251549157,0.21547267162848036
0.6893369124351181,0.21551764263926562
0.6894749379807731,0.215655933097452
0.6896965334146832,0.21587822150533673
0.68982707698938,0.2160091959918245
0.6899576205640766,0.2161401704783123
0.6901448731914682,0.21632825687865767
0.6901529666270964,0.21633638709574296
0.6901610600627245,0.21634451731282825
0.6901691534983526,0.21635264752991354
0.6903564061257443,0.21654076447087356
0.6905027794354375,0.2166879714137595
0.6908808391031958,0.21706861274023653
0.6912441885493555,0.2174347823287495
0.6916075379955152,0.21780118484831087
0.6919855976632735,0.21818254357255037
0.6922510621747768,0.21845065516253018
0.69251652668628,0.21871884815848386
0.6929746175909688,0.21918236123374688
0.6931782126573244,0.21938839510092564
0.6933149413014975,0.21952680256796028
0.6933477828811898,0.21956004752560285
0.6934524441092059,0.2196660006980462
0.6935083853341301,0.2197226579323244
0.6937738498456333,0.21999174173086555
0.6940097053109827,0.22023101874163276
0.6943306534229537,0.22055681728636722
0.6943865946478779,0.22061361063300078
0.694442535872802,0.22067040397963433
0.6944947697403628,0.2207235495530898
0.6948761589201008,0.22111239056572166
0.6954592714761901,0.221706991980097
0.6956075699588838,0.22185843380459294
0.6958621513243282,0.222118433926246
0.6960837671114355,0.22234480810600774
0.6961167872662027,0.22237854523150766
0.6964801367123625,0.22275034358608356
0.6968434861585223,0.2231227310482932
0.697280734030298,0.22357149727030562
0.6973568946763526,0.22364969370495189
0.6977941425481283,0.22409866225372374
0.6982313904199041,0.22454763080249562
0.6983092797108821,0.22462761851619112
0.69838716900186,0.22470760622988664
0.6985133079411627,0.22483717490855146
0.6990964204972521,0.2254363800229409
0.6991390776182798,0.22548021535588847
0.6992169669092577,0.22556025695237147
0.6996542147810334,0.2260096874797272
0.699730375427088,0.22608803753404136
0.7001884663317767,0.22656180732879644
0.7002214864865439,0.22659600383817927
0.700229579922172,0.22660439622808282
0.7002376733578002,0.22661278861798637
0.7006957642624889,0.22708877820674153
0.7009503456279332,0.22735391043590408
0.7011395540368873,0.22755100721413565
0.7011725741916546,0.22758543009574167
0.7013761692580102,0.22779779595498842
0.701428403125571,0.2278522957796972
0.7015252687398607,0.22795343530425802
0.7015333621754888,0.22796189457718383
0.7015414556111169,0.22797035385010966
0.701549549046745,0.2279788131230355
0.7017368016741367,0.22817477644225576
0.7017568791944948,0.22819578793984457
0.7018017664746972,0.22824286712803746
0.702109522494583,0.22856572567292205
0.7021379368039108,0.22859553661223064
0.7024398179681068,0.22891230854017539
0.7025778435137618,0.2290573776993698
0.7029559031815201,0.22945476349377694
0.7031594982478757,0.2296688167418576
0.7032641594758917,0.229778916097567
0.7036422191436499,0.23017681058593614
0.7038472119658195,0.2303927095659168
0.7039479681554197,0.23049886037159206
0.7039928554356221,0.23054615802444195
0.7040921472358164,0.23065078162995487
0.704130882875255,0.23069161283521628
0.7041696185146937,0.23073244404047769
0.7042457791607484,0.23081283246605017
0.7042884362817761,0.23085789347231056
0.7045242917471256,0.23110714452675526
0.7049056809268636,0.23151031821662096
0.7050362245015602,0.23164837700756216
0.7053571726135313,0.23198830462450387
0.7056590537777273,0.23230850935091354
0.706096301649503,0.2327723873746062
0.7064040576693887,0.2330989517818231
0.706550430979082,0.23325451247186935
0.7069876788508577,0.2337195023415524
0.707365738518616,0.23412166336138726
0.7076867109817335,0.2344630978599988
0.7078350094644272,0.2346208778682866
0.7078737451038659,0.23466211690587532
0.7079124807433046,0.23470336271721676
0.7080386196826073,0.23483767717273157
0.7081656008850977,0.23497351907306208
0.7083023295292709,0.23511978858768182
0.7084293107317613,0.23525563048801235
0.7085841292339528,0.23542125216375287
0.708650050001495,0.2354918014444116
0.7087159707690371,0.23556235072507034
0.7087818915365793,0.23563296468009873
0.709239982441268,0.23612384070720363
0.7093407386308682,0.23623196582085115
0.7094414948204685,0.2363400909344987
0.7100246073765577,0.23696686698042307
0.710607719932647,0.23759364302634745
0.7108113149990026,0.23781258784056283
0.7111893746667609,0.23821922585052177
0.7111929041505951,0.23822302909691653
0.7111964336344293,0.2382268323433113
0.7111999631182635,0.23823063558970603
0.7112034926020977,0.2382344388361008
0.7112070220859319,0.23823824208249555
0.7112105515697661,0.2382420453288903
0.7112140810536003,0.23824584857528505
0.7112176105374345,0.23824965182167981
0.7112211400212687,0.23825345506807455
0.7112246695051029,0.2382572583144693
0.7112281989889371,0.23826106156086405
0.7112317284727713,0.2382648648072588
0.7122676843769782,0.23938143026300832
0.7126457440447365,0.23978899261542763
0.7127116648122785,0.2398601416804783
0.7127565520924809,0.23990869152521827
0.7128224728600231,0.23998006485980874
0.7129592015041963,0.24012817884198792
0.713146454131588,0.2403310798820854
0.7131696705147408,0.24035623811811435
0.7132743317427568,0.2404697358531039
0.7133393655382325,0.2405403013977335
0.7133913308850418,0.24059670529786
0.7134435647526026,0.2406534053901604
0.7135099297440917,0.240725486958468
0.7135758505116339,0.2407971954027238
0.7136768009995436,0.2409070157825794
0.7138803960658991,0.24112852505747856
0.7143176439376748,0.24160425559132212
0.7146990331174128,0.24201928994515298
0.7151571240221014,0.24251875236489284
0.7152031325373197,0.24256894734631532
0.715249141052538,0.2426191423277378
0.7155568970724238,0.2429549687995053
0.7157461054813778,0.2431615008948837
0.7160670535933489,0.24351195450731755
0.7163748096132346,0.2438485810462198
0.7164716752275243,0.2439546131836448
0.7165551617807445,0.2440461252148406
0.7169185112269043,0.2444446123798795
0.717066809709598,0.24460725271133496
0.7174875398915145,0.2450691027188889
0.717908270073431,0.24553095272644287
0.7183290002553476,0.24599280273399682
0.7185339930775171,0.2462179464825066
0.718915382257255,0.24663702242380728
0.7190218844319527,0.24675407237755181
0.7201252183248729,0.2479672433844018
0.7203797996903173,0.24824720338460587
0.7204457204578596,0.24831975065234257
0.720681575923209,0.24857997939728924
0.7209174313885585,0.24884026904880854
0.7211532868539079,0.24910055870032782
0.721257948081924,0.24921608557272937
0.7214810327806935,0.24946237058145293
0.7217829139448897,0.2497957254851701
0.7220045297319969,0.25004048612210605
0.7222261455191042,0.250285246759042
0.7224311383412737,0.25051183739974586
0.7227238488636664,0.25083589719101523
0.7230165593860591,0.2511599569822846
0.72306879325362,0.2512177964190622
0.723088870773978,0.2512400331265201
0.7233104865610853,0.25148588539346656
0.723416988735783,0.25160412307836605
0.7235633620454762,0.2517668150731098
0.7237506146728678,0.2519751490456522
0.7237738310560207,0.25200100876029125
0.7239202043657138,0.2521641354135104
0.7243574522374895,0.25265143225665326
0.7245682183686404,0.25288677692457356
0.7246650839829301,0.2529952376879523
0.7255189247315265,0.25395176038501605
0.7256769961410491,0.25412895563204463
0.7257002125242018,0.2541549903900373
0.7257234289073545,0.25418105349973374
0.7260311849272404,0.25452672304509677
0.7261775582369335,0.25469152578946286
0.7263648108643252,0.25490238675325844
0.726429844659801,0.2549757304070258
0.7266170972871927,0.25518696529217283
0.7267719157893842,0.25536183275930113
0.7268238811361935,0.25542053422650357
0.7268439586565515,0.25544322550216997
0.7269486198845675,0.25556154335335823
0.7270949931942607,0.255727023979467
0.7271510738848426,0.2557904507633693
0.7276091647895312,0.25630865990447754
0.7278307602234413,0.2565594648531728
0.7278966809909836,0.2566341233869587
0.728101673813153,0.2568664286793695
0.7284094298330388,0.2572152769871092
0.728555803142732,0.2573812042890792
0.72893719232247,0.2578146121522608
0.729318581502208,0.25824817596872834
0.7293417978853607,0.258274569882346
0.7294773120160981,0.2584287628904389
0.7296809070824537,0.2586607504764956
0.7297459408779295,0.25873487198672707
0.7300536968978153,0.25908574450821853
0.730490944769591,0.2595843375225713
0.7309281926413667,0.2600834467854878
0.7311640481067161,0.26035274745776926
0.7313690409288855,0.26058693646813674
0.731574033751055,0.2608211254785043
0.731678694979071,0.26094094539872675
0.7320994251609876,0.2614227906602374
0.7324808143407255,0.2618600775656152
0.7325467351082677,0.2619356683110864
0.73261265587581,0.2620112814573128
0.7326785766433523,0.2620868946035392
0.7329144321087018,0.2623576778248653
0.7329531677481406,0.26240215068486045
0.7333904156199161,0.26290466822386843
0.7337718047996541,0.2633430645054751
0.7338377255671964,0.2634188667773311
0.733913886213251,0.26350647024111723
0.7342919458810092,0.26394267695339796
0.7345027120121601,0.2641859510614131
0.7345977518315928,0.26429583614873253
0.7348027446537622,0.2645330605166529
0.735110500673648,0.26488935632928723
0.7351764214411902,0.2649657469050719
0.7352771776307905,0.2650827161554648
0.7355485468083174,0.2653983167081626
0.7366518807012375,0.26668239406004696
0.7367178014687799,0.2667591630183955
0.736783722236322,0.26683593197674405
0.7372209701080977,0.2673455408675258
0.737272935454907,0.267406110990938
0.7373249008017163,0.2674666811143502
0.7396852188840761,0.27021783676554434
0.7397371842308854,0.27027840688895655
0.7398133448769401,0.27036720538901515
0.7398582321571423,0.2704195770370995
0.7399589883467426,0.2705375480201524
0.7402303575242695,0.27085538139442417
0.7404353503464388,0.27109574737084385
0.740455427866797,0.27111932266087524
0.7406018011764901,0.2712914088142363
0.7408248858752597,0.2715537428606424
0.7408771197428206,0.2716151959223076
0.7413143676145962,0.2721298335210531
0.7417516154863718,0.27264447111979856
0.7419566083085413,0.2728859355118434
0.742087151883238,0.27303980926676974
0.7421155661925657,0.27307330707169386
0.7423386508913353,0.27333632246841705
0.742486949374029,0.273511505085219
0.7425430300646109,0.2735777622325718
0.7428507860844967,0.27394141665854566
0.7431585421043825,0.27430514352730356
0.7432952707485557,0.2744669710211364
0.743347236095365,0.2745286132422692
0.7434133359299245,0.2746070220448452
0.7434334134502826,0.2746308384708295
0.7435399156249803,0.2747572113816239
0.7439213048047183,0.27520988176668576
0.7443026939844563,0.27566255215174756
0.7445257786832259,0.27592770770539127
0.744672151992919,0.27610204340497446
0.7449648625153118,0.2764511810542751
0.7452575730377045,0.2768003187035757
0.7452859873470322,0.2768342518904852
0.7453092037301849,0.27686205568908373
0.7453324201133378,0.27688985948768224
0.7457531502952544,0.27739418821903894
0.7461903981670299,0.27791878555645544
0.7463284237126849,0.27808493182762434
0.7463611206613249,0.27812429696525837
0.7465661134834943,0.2783711709919725
0.7467711063056638,0.2786180471849917
0.7467995206149914,0.2786522946910594
0.7468774099059694,0.27874617622139414
0.747100494604739,0.2790152653716793
0.7472877472321307,0.27924114103661124
0.7475423285975752,0.27954843290459314
0.7477459236639308,0.27979421054181824
0.7481273128436687,0.2802548271571876
0.7481308423275029,0.2802590911576258
0.7481343718113371,0.28026335515806405
0.7481379012951713,0.28026761915850235
0.7484456573150572,0.2806394399423301
0.7486672527489673,0.2809072663783501
0.7490879829308839,0.28141591511059455
0.7491971518267007,0.2815480695613298
0.7493435251363939,0.28172529524858747
0.7504468590293141,0.2830613822354851
0.7515501929222342,0.2843974692223827
0.7519874407940099,0.28492700373929336
0.7521982069251607,0.285182421400182
0.7522058207169926,0.2851916494068898
0.7522134345088244,0.2852008774135975
0.7523325373196059,0.2853452314439003
0.7523401511114377,0.285354459450608
0.7524671323139281,0.2855086241028723
0.7524706617977623,0.28551291117901034
0.7524741912815965,0.2855171982551484
0.7526777863479522,0.28576456375567
0.7528158118936072,0.2859322911282866
0.7528919725396619,0.28602485555833496
0.7528955020234961,0.28602914591521844
0.7528990315073303,0.28603343627210187
0.7529025609911645,0.28603772662898536
0.7529060904749987,0.28604201698586884
0.7529096199588329,0.28604630734275227
0.7529131494426671,0.28605059769963576
0.7529415637519947,0.2860851913891544
0.7530194530429727,0.2861801220863677
0.7531187448431671,0.2863013540276592
0.7532739546240094,0.28649110794909344
0.7534291644048517,0.2866808618705277
0.7534679000442904,0.28672822134345527
0.7535066356837292,0.2867755808163829
0.753545371323168,0.2868229402893105
0.7536422369374578,0.28694139622382225
0.7538294895648494,0.2871708394853115
0.7540344823870189,0.2874226254735343
0.7542452485181698,0.28768152233827754
0.7546824963899453,0.2882190779772151
0.7547475301854212,0.28829903310017313
0.754844395799711,0.28841843801765904
0.7549811244438841,0.288587065900869
0.7550818806334844,0.2887113583162061
0.7551826368230846,0.28883565073154316
0.7552027143434428,0.2888604262120929
0.7553394429876159,0.28902931109507873
0.7555752984529654,0.2893209154502959
0.7558111539183149,0.28961251980551306
0.7562318841002315,0.2901330185858735
0.7562519616205895,0.2901578625545531
0.7565729097325604,0.2905550949580204
0.7566775709605765,0.2906847491726111
0.7568155965062315,0.2908557768332552
0.7572528443780071,0.29139778482160494
0.7574564394443628,0.29165063470270464
0.757602812754056,0.2918328545100852
0.7577395413982292,0.29200319856048335
0.75779177526579,0.2920684934892312
0.7578440091333508,0.2921337884179791
0.7579807377775241,0.29230517352955154
0.7581251887790575,0.29248647347114815
0.7582298500070735,0.2926178876637879
0.7583345112350895,0.2927493018564276
0.7583380407189237,0.2927537425607887
0.7583415702027579,0.2927581832651498
0.7587229593824959,0.2932381873801694
0.7587559795372633,0.2932798524400973
0.7588008668174655,0.29333651854555204
0.7588209443378235,0.29336188490911885
0.7590317104689744,0.29362842907071646
0.7591800089516682,0.293816866255926
0.7594335774410426,0.29413923829609145
0.759687145930417,0.29446161033625695
0.7597432266209988,0.2945329164283716
0.7598211159119768,0.2946322356843641
0.7598990052029548,0.2947315549403566
0.7599768944939328,0.2948308741963491
0.7600329751845146,0.2949024053048551
0.7603407312044004,0.29529524137845836
0.7603949630810071,0.29536448184840614
0.7604336987204459,0.29541394097115065
0.7604724343598847,0.2954634000938952
0.7606188076695779,0.29565038156737994
0.7608418923683474,0.295935382601533
0.7611496483882333,0.29632881760735214
0.7615868962600089,0.2968882331689167
0.7616647855509869,0.29698799874261594
0.7619725415708727,0.29738246024912324
0.7620112772103115,0.29743212644928285
0.7620635110778723,0.29749911159772185
0.7622671061442279,0.29776085508452493
0.7623058417836667,0.2978107294790442
0.7626077229478627,0.29819958319474926
0.7626727567433386,0.2982833555674842
0.7627377905388144,0.2983671279402191
0.763158520720731,0.2989092071713887
0.7632890642954276,0.29907754779544915
0.7633091418157858,0.2991034390044162
0.7634471673614408,0.29928143174563854
0.7638285565411788,0.2997740219700537
0.7641363125610645,0.3001715685240259
0.7641823210762828,0.30023105891900215
0.7643873138984523,0.3004961457445113
0.764394927690284,0.3005060052903661
0.7643984571741183,0.3005105758261091
0.7644019866579524,0.30051514636185217
0.7644055161417866,0.3005197168975952
0.7644090456256208,0.30052428743333826
0.764412575109455,0.3005288579690813
0.7644161045932892,0.30053342850482434
0.7644196340771234,0.3005379990405674
0.7644231635609576,0.3005425695763104
0.7644307773527895,0.30055242912216523
0.7644343068366237,0.3005569996579083
0.7644378363204579,0.3005615701936513
0.7644545305533875,0.3005832042548071
0.7644712247863172,0.30060483831596285
0.764487919019247,0.3006264723771186
0.7647237744845964,0.30093319951350683
0.7648206400988861,0.3010592928079059
0.7650256329210555,0.30132652944917365
0.7654837238257441,0.3019250876860287
0.7657914798456299,0.30232779836516066
0.7657990936374618,0.3023377802819933
0.765802623121296,0.3023424075445813
0.7658102369131278,0.302352389461414
0.765813766396962,0.30235701672400195
0.7658213801887939,0.30236699864083466
0.7658289939806256,0.3023769805576674
0.7659595375553223,0.30254831472518284
0.7661703036864732,0.3028250688035594
0.7663919194735805,0.30311641744146445
0.7665299450192355,0.30329792681402873
0.7665466392521653,0.30331995146839436
0.7665633334850949,0.30334197612276
0.7666003796960973,0.30339085108433034
0.7666170739290269,0.3034128757386959
0.7666337681619566,0.30343490039306154
0.7670710160337323,0.30401254283058304
0.7671028147035661,0.3040545867934616
0.7673244304906734,0.30434767293584974
0.7675460462777808,0.3046407590782379
0.7676021269683626,0.3047149406123267
0.7679040081325587,0.30511455105920365
0.7682117641524444,0.30552265439073256
0.7685195201723303,0.30593075772226147
0.7685395976926883,0.3059575039057025
0.7689209868724263,0.3064656161077885
0.7693023760521642,0.30697445090263964
0.7694506745348579,0.30717263011557333
0.7694835161145503,0.3072165295082465
0.7696942822457012,0.3074983216747501
0.7701150124276177,0.3080619796579255
0.7704227684475036,0.3084742923505244
0.7705292706222012,0.30861709668973913
0.7709106598019392,0.3091293792833864
0.7709628936695,0.3091997792886907
0.7710016293089388,0.30925199242294094
0.7710403649483776,0.3093042055571912
0.7710479787402094,0.30931449867795646
0.7711785223149061,0.30949118545588905
0.7713333408170976,0.30970082699506984
0.7717540709990142,0.3102709826998853
0.7720618270188999,0.3106883375161111
0.7721985556630732,0.31087377143909006
0.7724035484852425,0.3111525034839527
0.7725415740308976,0.3113403500223324
0.7725451035147318,0.3113451564210574
0.7726831290603868,0.31153323759129004
0.7729062137591564,0.31183758366156705
0.7732695632053161,0.31233340776852325
0.7736509523850541,0.3128541370400529
0.7736544818688883,0.3128589605544775
0.7736580113527225,0.3128637840689021
0.7736615408365567,0.3128686088671209
0.7736650703203909,0.3128734336653398
0.7736685998042251,0.31287825846355866
0.7736721292880593,0.3128830832617775
0.7736756587718935,0.31288790805999633
0.7736791882557277,0.3128927328582152
0.7736827177395619,0.312897557656434
0.7736862472233961,0.31290238245465285
0.7736897767072303,0.3129072072528717
0.7736933061910645,0.3129120320510906
0.7736968356748987,0.3129168568493094
0.7737003651587329,0.31292168164752826
0.7737038946425671,0.3129265064457471
0.7737074241264013,0.31293133124396594
0.7737109536102355,0.3129361560421848
0.7737976883358415,0.3130547715011941
0.7739068572316583,0.31320409979954256
0.7739588225784676,0.3132751936494413
0.7740107879252769,0.31334628749934007
0.7740627532720862,0.31341738134923885
0.7741147186188955,0.3134884751991376
0.7741666839657048,0.31355956904903637
0.774218649312514,0.3136306628989351
0.7742706146593233,0.3137017567488339
0.7743225800061326,0.3137728505987326
0.7753585359103394,0.31519317502219835
0.7763944918145463,0.3166134994456641
0.7774304477187532,0.3180338238691298
0.77846640362296,0.3194541482925956
0.779502359527167,0.32087447271606134
0.7795673933226428,0.32096393990213495
0.7797904780214123,0.321271100963857
0.779994073087768,0.3215515210530041
0.7804148032696846,0.3221313797341049
0.7806197960918541,0.32241436382448907
0.7807578216375091,0.32260508275118277
0.7807778991578671,0.32263283875266674
0.7807979766782251,0.3226605947541507
0.7808180541985833,0.3226883507556347
0.7810396496324934,0.3229950462791127
0.7810472634243253,0.32300558457154077
0.7810548772161571,0.3230161228639688
0.781062491007989,0.32302666115639683
0.7810701047998208,0.3230371994488249
0.7810777185916526,0.32304773774125295
0.7812813136580082,0.3233299051259351
0.7814990195496868,0.3236318061361419
0.7817167254413654,0.32393370714634867
0.7820244814612511,0.3243609942174292
0.782032095253083,0.32437156832193903
0.7820397090449148,0.32438214242644886
0.7820473228367467,0.32439271653095875
0.7820549366285785,0.3244032906354686
0.782259929450748,0.3246884354609195
0.7823360900968026,0.32479461691739686
0.7823809773770048,0.32485730518228273
0.7826887333968906,0.32528721142652994
0.7828923284632463,0.32557184637113945
0.7828999422550781,0.3255824942923039
0.7831035373214338,0.32586724055038135
0.7832583558236252,0.32608401072208404
0.7833125877002319,0.32615997715346323
0.7833513233396707,0.32621423843717695
0.7833680175726003,0.32623762888759666
0.7834129048528027,0.3263005924576832
0.7835434484274993,0.3264840940456034
0.7838512044473851,0.3269182287157692
0.7838899400868239,0.3269729378647732
0.7839286757262627,0.32702764701377723
0.7839362895180946,0.3270384079291115
0.7841831263765073,0.32738741977657637
0.784237358253114,0.3274641343955
0.7843208448063342,0.32758223171236006
0.7845424605934415,0.3278958501671507
0.7847640560273517,0.3282098032643382
0.7851847862092682,0.3288062765042419
0.785237020076829,0.3288803678696606
0.7853675636515257,0.3290655629295172
0.7857882938334423,0.32966262530135815
0.7858049880663719,0.3296863470989084
0.7861683375125316,0.33020277314738955
0.7861850317454613,0.33022650389316843
0.7863217603896345,0.33042090346995945
0.7865433558235446,0.3307364233050749
0.7867306084509363,0.3310031275486344
0.7870383644708221,0.33144171243858683
0.7873402456350181,0.33187223360823787
0.7874954554158604,0.33209358383587656
0.7876015038195371,0.33224503280926526
0.7877075522232138,0.3323964817826539
0.7877359665325415,0.3324370853135851
0.787971821997891,0.332774254133736
0.7882076774632404,0.3331114229538869
0.7885154334831261,0.3335517417772145
0.7885355110034843,0.33358048186836897
0.7885877448710451,0.3336553265146474
0.7889691340507831,0.3342024077200261
0.7891907294846932,0.33452081348094237
0.7892668901307478,0.3346302579702731
0.7893974337054445,0.3348179226222597
0.7897051897253303,0.33526069760464666
0.7898143586211471,0.3354179021093947
0.7899691771233386,0.3356408482276229
0.7901922618221082,0.3359623392122607
0.7902789965477143,0.3360873882377273
0.7905867525676,0.3365314683949292
0.7906251482379757,0.3365869144906823
0.7909884976841354,0.33711249283335143
0.7910333849643376,0.3371775095963151
0.7911343354522473,0.33732374930166814
0.7914976848984071,0.33785065095411076
0.7915057783340351,0.33786241562165426
0.7915138717696631,0.33787418028919775
0.7915598802848814,0.3379410629407954
0.7918617614490775,0.3383799741355798
0.7918698548847055,0.338391753338381
0.7918779483203336,0.3384035325411822
0.7918860417559617,0.3384153117439834
0.7918941351915897,0.33842709094678464
0.7919022286272177,0.33843887014958585
0.7919103220628458,0.33845064935238706
0.7919184154984739,0.33846242855518827
0.7919265089341019,0.3384742077579895
0.79193460236973,0.3384859869607907
0.7921901473605021,0.3388580644224017
0.7924456923512742,0.3392301418840127
0.7926943134993676,0.33959296994880045
0.7928815661267592,0.3398662760224912
0.7931834472909552,0.34030750174536334
0.7931910610827871,0.3403186338912822
0.7932920115706968,0.34046662298678765
0.7935150962694665,0.3407936603312252
0.7937619331278792,0.34115554226330075
0.7938986617720525,0.3413561110215114
0.7940292053467491,0.34154781175679816
0.7942508211338565,0.3418735393955919
0.794369923944638,0.3420488695192667
0.7944890267554194,0.34222419964294154
0.794608129566201,0.34239952976661636
0.7947272323769825,0.34257485989029124
0.7948463351877639,0.34275019001396606
0.7949654379985455,0.3429255201376409
0.795084540809327,0.3431008502613157
0.7952036436201084,0.3432761803849906
0.7952798042661631,0.3433883634703871
0.7963831381590832,0.3450137232318057
0.7966047539461906,0.3453405104642244
0.7966914886717966,0.34546850505772997
0.7969130841057067,0.3457956630347175
0.7970177453337228,0.34595036446177974
0.7971044800593289,0.34607883563885417
0.798207813952249,0.3477132320099502
0.7982945486778551,0.34784206602798534
0.7983914142921448,0.34798596637489965
0.7984374228073631,0.34805437646191945
0.7984541170402928,0.3480792014722986
0.7988714769610834,0.3486999759141548
0.7990764697832529,0.3490053185373977
0.7992872359144036,0.3493192847847408
0.7993394697819645,0.3493971024385245
0.7995502359131154,0.3497111183316276
0.7995830774928078,0.3497600641589395
0.7996234516938433,0.34982024495448716
0.7996884854893191,0.3499172803230051
0.799744566179901,0.3500009644110383
0.8000523221997867,0.35046089142200054
0.8000599359916186,0.3504722779883956
0.8000675497834504,0.35048366455479063
0.8000751635752823,0.3504950511211857
0.800091857808212,0.35052001949685246
0.8001568916036877,0.3506173399165607
0.8002219253991636,0.35071466033626897
0.8005852748453233,0.35125890373038865
0.800601969078253,0.35128391475286086
0.8006423432792885,0.3513444567326474
0.8006504367149165,0.35135659778402034
0.8006585301505447,0.3513687388353933
0.8006666235861727,0.35138087988676625
0.8007675740740824,0.35153238815522186
0.8007842683070121,0.351557537920572
0.8009892611291816,0.35186675755966873
0.8010759958547876,0.3519977539492169
0.8021793297477078,0.35366598719873354
0.8022572190386857,0.3537838813555952
0.8023351083296637,0.3539017755124568
0.8024129976206417,0.3540196696693184
0.8024908869116196,0.35413756382618006
0.8025687762025976,0.3542554579830417
0.8026351411940865,0.35435614741914234
0.8027360916819963,0.35450940464766023
0.802837042169906,0.35466266187617806
0.8031447981897919,0.35513014463156817
0.803231532915398,0.3552620287280819
0.8033863514175894,0.3554984293789071
0.8036941074374752,0.3559691082766449
0.8040754966172131,0.3565526407810047
0.8040921908501428,0.3565782244030683
0.8043280463154923,0.3569404129710439
0.8045388124466432,0.357264144550099
0.8046693560213398,0.35746489827745176
0.8048241745235313,0.3577035267897423
0.8048629101629701,0.35776329865232326
0.8049016458024089,0.35782307051490425
0.8049403814418477,0.3578828423774852
0.8049852687220499,0.3579522160695888
0.8052083534208195,0.3582971786390353
0.8052467490911951,0.3583565562399632
0.8053950475738888,0.3585863131577198
0.8054268462437226,0.3586356341791854
0.8054586449135566,0.358684955200651
0.8054904435833904,0.3587342762221166
0.8058718327631283,0.3593262314491665
0.8061737139273244,0.3597954766786289
0.8062197224425427,0.3598671427385236
0.8063165880568325,0.360018136722852
0.8067339479776231,0.3606690161171
0.8071153371573611,0.3612644844993419
0.807496726337099,0.3618599801935901
0.8076515448392905,0.36210179384510294
0.8076843864189828,0.3621531870259934
0.8077270435400106,0.3622200029612791
0.8077697006610383,0.3622868188965647
0.807812357782066,0.36235363483185035
0.8081201138019517,0.3628368171459741
0.8084278698218376,0.3633200282620845
0.8085325310498536,0.36348491171374064
0.8087432971810045,0.36381696692285653
0.8088211864719824,0.3639400858192386
0.8088990757629604,0.36406320471562065
0.8089769650539383,0.36418632361200265
0.8090330457445202,0.3642749949821669
0.80915514239349,0.36446819267278496
0.8095758725754065,0.3651348321380613
0.8097064161501033,0.3653418163130673
0.810014172169989,0.36583029008812845
0.810046869118629,0.3658821993843771
0.8103024141094011,0.3662883038110598
0.8104329576840977,0.3664959644910878
0.8105635012587944,0.36670362517111577
0.8106940448334912,0.36691128585114374
0.8110573942796508,0.36748976793988125
0.8110902358593433,0.36754206519438204
0.8115075957801339,0.3682114797119634
0.8118153518000196,0.36870538822185367
0.8121231078199054,0.36919929673174395
0.8121679951001077,0.3692713851819218
0.8125887252820242,0.36994720336451514
0.8126947736857009,0.3701175487367277
0.8128008220893775,0.37028789410894025
0.8129068704930542,0.3704582394811528
0.8130076266826544,0.37062044100835184
0.8131624451848459,0.37087033690025983
0.8131908594941736,0.3709162015077225
0.8132192738035013,0.3709620661151851
0.813247688112829,0.37100793072264776
0.8134945249712418,0.37140657243501773
0.8137303804365913,0.3717875564450521
0.8141477403573819,0.3724619737523024
0.8141804373060217,0.37251483794926626
0.8152837711989419,0.3742997750988275
0.8153121855082697,0.374345749928377
0.8153405998175974,0.3743917247579265
0.8153690141269251,0.37443769958747597
0.8153857083598548,0.3744647203448788
0.8154024025927844,0.3744917411022816
0.8156239980266946,0.3748505495337745
0.8158708348851074,0.37525052202850234
0.8158789283207354,0.3752636421319919
0.8158870217563635,0.3752767622354815
0.816041840258555,0.3755282821275798
0.8162904614066484,0.3759324491209688
0.8165390825547418,0.3763366709595695
0.8167946275455139,0.3767530024653817
0.817050172536286,0.37716933397119384
0.8172987936843794,0.37757452939670244
0.8174451669940725,0.37781316430585377
0.8174769656639065,0.3778650551341736
0.8175087643337403,0.3779169459624934
0.8175405630035742,0.3779688367908132
0.8178424441677703,0.3784621656578026
0.8182598040885609,0.3791444476681427
0.8182674178803927,0.37915689896691146
0.8183683683683025,0.3793221085957536
0.8184693188562122,0.3794873182245958
0.8185472081471902,0.3796148782521388
0.8186250974381682,0.37974243827968174
0.8187029867291462,0.37986999830722473
0.8187808760201242,0.37999755833476767
0.818788489811956,0.3800100292061229
0.8187961036037879,0.3800225000774781
0.8188037173956196,0.3800349709488333
0.8188113311874515,0.38004744182018857
0.8188189449792833,0.38005991682972307
0.8190061976066749,0.38036683913777714
0.819327145718646,0.380893394749924
0.8194280962065557,0.38105903187594997
0.8195290466944655,0.38122466900197594
0.8198309278586615,0.381720082764254
0.8201942773048212,0.38231638323649114
0.8202503579954031,0.38240843571707556
0.8205581140152889,0.38291404248792765
0.8205662074509169,0.38292734780161813
0.820574300886545,0.38294065311530867
0.8205823943221731,0.38295395842899915
0.8207306928048668,0.38319806650054467
0.8207694284443056,0.38326191489299466
0.8209910238782157,0.3836272158023519
0.8210111013985738,0.38366038304306166
0.8210311789189318,0.3836935502837715
0.8213945283650915,0.38429563254978455
0.8214394156452938,0.3843700324455813
0.8216880367933872,0.3847826613501494
0.8219957928132731,0.38529425357421515
0.8223035488331588,0.3858058457982809
0.8223439230341943,0.3858730099088993
0.8223474525180285,0.38587888134750586
0.8226029975088006,0.3863041884786062
0.8230203574295912,0.38699904914739264
0.8241236913225114,0.38883772153685636
0.8243452867564215,0.38920721491494137
0.8245668821903317,0.38957670829302643
0.8256702160832519,0.3914180127217356
0.8257569508088579,0.39156284308461947
0.8259442034362495,0.39187580326858007
0.8261658192233569,0.39224647978704874
0.8263874350104641,0.39261715630551736
0.8266090507975714,0.392987832823986
0.8268198169287223,0.39334113414591165
0.8268274307205541,0.3933539212282455
0.826835044512386,0.3933667083105793
0.8268426583042178,0.3933794953929131
0.8268502720960497,0.39339228247524693
0.8268578858878814,0.39340506955758076
0.8268654996797133,0.3934178566399146
0.8268731134715451,0.3934306437222484
0.826880727263377,0.3934434308045822
0.8268883410552088,0.39345621788691604
0.8268959548470407,0.39346900791974543
0.8269035686388725,0.3934817979525749
0.8269111824307044,0.39349458798540426
0.8269187962225362,0.39350737801823366
0.8269264100143681,0.3935201680510631
0.8269340238061998,0.3935329580838925
0.8269416375980317,0.39354574811672194
0.8269492513898635,0.39355853814955133
0.8270797949645603,0.3937784647043687
0.82718074545247,0.3939485358324553
0.8274275823108828,0.3943643994235595
0.8277353383307686,0.3948836547255944
0.8280986877769283,0.3954974299999113
0.8283455246353411,0.39591460210493196
0.8285505174575105,0.3962611123828727
0.8287973543159233,0.39667945026671037
0.829044191174336,0.3970978154526089
0.82907598984417,0.39715180343468254
0.8291077885140038,0.3972057914167561
0.829329383947914,0.39758202192037023
0.8297467438687046,0.3982913279870476
0.8300544998885904,0.3988146092325499
0.8300928955589659,0.39888005758324835
0.8303415167070594,0.3993041777555655
0.8305631324941667,0.39968236518574957
0.8305949311640006,0.3997366641675073
0.8306710918100552,0.399866720056971
0.8307578265356612,0.4000149926157649
0.8307659199712893,0.4000288317643374
0.8309875357583966,0.4004082264531897
0.8311747883857883,0.40072884051336466
0.831482544405674,0.40125597763521414
0.831863933585412,0.40190958522087544
0.83224532276515,0.40256370765886645
0.83246691819906,0.40294379315925205
0.8325056538384988,0.4030103073791202
0.8325443894779376,0.40307682159898833
0.8325831251173764,0.4031433358188565
0.8326218607568152,0.4032098500387246
0.8328091133842068,0.4035315923383673
0.8330198795153577,0.4038940606202616
0.8330399570357158,0.40392861773871264
0.8330726539843557,0.40398492442351114
0.8330807474199837,0.403998866797461
0.8330888408556119,0.40401280917141086
0.8330969342912399,0.4040267515453607
0.8331836690168459,0.40417664991157765
0.833270403742452,0.40432659085853445
0.83327849717808,0.404340584139279
0.8332861109699119,0.4043537541259347
0.8332937247617437,0.4043669241125904
0.8333013385535756,0.4043800940992461
0.8335481754119883,0.4048071635436753
0.8335865710823639,0.40487390565701203
0.8338334079407768,0.4053030607749412
0.8338652066106106,0.4053583794270847
0.8338970052804445,0.40541369807922817
0.8339748945714225,0.4055493870022882
0.8341964900053326,0.4059358188965977
0.8342041037971645,0.4059491089059816
0.8345118598170502,0.4064866436481841
0.834758696675463,0.4069179592339445
0.835060577839659,0.4074455401504006
0.8353624590038551,0.4079731210668566
0.835670215023741,0.40851100286235514
0.8359170518821537,0.40894250546552774
0.8363344118029443,0.4096727696684557
0.8365095939514663,0.4099798762585946
0.8365618278190271,0.4100714779969878
0.8366140616865879,0.41016307973538096
0.8368190545087574,0.41052279915169826
0.8370240473309268,0.41088331630101066
0.8371019366219048,0.41102030792318245
0.8371798259128828,0.4111572995453542
0.8372577152038607,0.4112942911675259
0.8373356044948387,0.4114312827896977
0.8374839029775324,0.4116924737634975
0.8374919964131604,0.4117067287371148
0.8377475414039326,0.41215716798311797
0.837983396869282,0.41257427739310615
0.8380701315948881,0.4127278431722192
0.8380777453867199,0.4127413491070164
0.8380853591785518,0.4127548550418136
0.8383931151984375,0.4133009449359213
0.8384215295077653,0.41335139306299795
0.8384499438170929,0.41340184119007456
0.8384783581264207,0.4134522893171512
0.8387269792745141,0.4138941813742616
0.8389319720966836,0.41425857789376064
0.8389520496170416,0.41429427167851873
0.8391736450509517,0.4146883595562032
0.8395369944971115,0.41533462067387256
0.8399003439432712,0.4159808817915419
0.8402817331230091,0.4166598062093452
0.8406990930437998,0.4174043756387967
0.8410624424899594,0.41805392207381054
0.8412840379238695,0.418451618090284
0.8415917939437554,0.41900419673076955
0.841698296118453,0.41919542832974543
0.8419341515838025,0.41961902887796015
0.8421896965745747,0.42007808509907324
0.8425530460207343,0.42073161730110853
0.8427998828791471,0.42117560576699503
0.842830404892759,0.4212305654732933
0.8428609269063709,0.4212855987770269
0.842947661631977,0.42144207853926935
0.8430486121198867,0.4216242129241723
0.8431577810157036,0.4218211989383084
0.8434046178741164,0.4222666411442248
0.8434730947968413,0.4223902760084286
0.8445764286897615,0.42438452042580416
0.8447814215119309,0.4247553729717355
0.8447895149475589,0.42477001751107635
0.8451709041272969,0.4254601994336104
0.8451993184366247,0.425511626070754
0.8452277327459523,0.42556305270789757
0.8452561470552801,0.42561447934504115
0.8454777628423874,0.42601563021291117
0.8456885289735383,0.4263978495533879
0.8467918628664585,0.4283987786016129
0.8478951967593785,0.4303997076498379
0.8479471621061878,0.43049401712017565
0.8479931706214061,0.43057751581628156
0.8480451359682154,0.43067182528661924
0.8482667314021256,0.4310740859346898
0.8486300808482853,0.4317339184751059
0.849067328720061,0.4325282027615621
0.8491060643594996,0.43259858111093946
0.8491447999989384,0.4326689594603168
0.849380655464288,0.4330975584869773
0.8496884114841737,0.4336578312237464
0.849825140128347,0.4339071170245528
0.8498700274085492,0.43398915215058087
0.850116864266962,0.43444147333903504
0.850372409257734,0.4349100323272889
0.8506801652776198,0.43547439876254773
0.8506877790694517,0.4354883768123465
0.8506953928612835,0.4355023548621452
0.8507963433491933,0.43568769278686875
0.8508830780747993,0.4358471118991878
0.8510582602233213,0.43616952580890334
0.851074954456251,0.43620026962706193
0.8510916486891806,0.43623101344522053
0.8511083429221104,0.43626175726337907
0.8511250371550401,0.43629250108153766
0.8511417313879697,0.43632324489969626
0.8511584256208994,0.43635398871785486
0.851175119853829,0.43638473253601345
0.8515384692999888,0.43705482593536593
0.8516045691345483,0.43717696267734907
0.8516706689691078,0.4372990994193322
0.851678762404736,0.4373140561318492
0.8518539445532579,0.43763943349953105
0.8521617005731437,0.4382118988840042
0.8522004362125825,0.43828400707247317
0.8522085296482105,0.4382990817605118
0.8525162856680963,0.43887252288711204
0.852646829242793,0.43911626418004013
0.8528954503908864,0.43958064489706916
0.8532032064107722,0.44015596860076883
0.8534248221978795,0.4405706410283326
0.8536464379849869,0.4409853134558963
0.8536791349336268,0.4410465144782869
0.8536872283692548,0.4410617076192652
0.8541045882900454,0.441845208260254
0.8541363869598793,0.4419049226000926
0.8542231216854853,0.4420680956752299
0.854410374312877,0.44242056693883053
0.8545409178875737,0.44266647656966057
0.8545727165574075,0.44272640851120987
0.8546055581370999,0.4427884219335402
0.8546383997167923,0.4428504353558705
0.8550197888965303,0.4435713588393515
0.8554371488173209,0.444360780119823
0.8557449048372067,0.4449433887540639
0.855777924991974,0.4450060106632055
0.8558109451467413,0.4450686325723471
0.8558439653015086,0.4451312544814887
0.8558827009409474,0.44520476104388546
0.8559694356665535,0.4453693689632089
0.8561802017977044,0.44576969793142074
0.8562189374371431,0.4458433038696479
0.8564675585852366,0.44631580729158815
0.85671617973333,0.44678831071352837
0.8567491998880973,0.4468511502943894
0.8567809985579312,0.44691166530706505
0.8570365435487033,0.4473986829867847
0.8574179327284412,0.44812850690804656
0.8576395281623513,0.44855255052832216
0.8580209173420893,0.449283246383633
0.858384266788249,0.4499794934700983
0.8584226624586246,0.45005307582978155
0.8584544611284585,0.4501141579093184
0.8584862597982923,0.45017528321839473
0.8585872102862021,0.45036935473426265
0.8586881607741118,0.4505634362868025
0.8589959167939977,0.45115525910814985
0.8592009096161671,0.45154959702392106
0.8592090030517952,0.4515651792488555
0.8592170964874232,0.45158076147378984
0.859222414777837,0.45159100146696163
0.859227733068251,0.4516012414601335
0.8592330513586648,0.45161148145330526
0.8592406651504967,0.4516261412725897
0.8592459834409105,0.45163638126576156
0.8592513017313244,0.45164662125893335
0.8592566200217383,0.45165686125210514
0.8592619383121521,0.451667101245277
0.859267256602566,0.45167734123844877
0.8592725748929799,0.4516875812316206
0.8592801886848117,0.45170224105090506
0.8592855069752257,0.45171248104407685
0.8592908252656395,0.4517227210372487
0.8593226239354733,0.4517839869457386
0.8593307173711014,0.4517995911757271
0.8595775542295142,0.45227576085078114
0.859609352899348,0.4523371245750483
0.8596174463349762,0.45235275765984523
0.8596255397706042,0.45236839074464213
0.8607288736635244,0.4545012130146253
0.8609504690974344,0.45492962416142013
0.8610997077907141,0.455218185046023
0.861310473921865,0.45562589149315535
0.8613866345679196,0.4557733556469087
0.8614250302382952,0.45584780082700027
0.8614298892286212,0.455857222615441
0.8614384085413354,0.4558737419243239
0.8617461645612212,0.4564714790548818
0.8619511573833906,0.4568705804106472
0.8620033912509514,0.456972283480559
0.8620437654519869,0.4570509373947616
0.862051858887615,0.4570667314140415
0.8621528093755247,0.457263926515395
0.8621812236848525,0.4573194715172402
0.8622096379941802,0.4573750165190853
0.8622380523035079,0.4574305615209304
0.8622461457391359,0.4574464288474367
0.8624009642413274,0.45775043580352287
0.8626368197066768,0.4582144155724537
0.8626421379970908,0.45822488349503687
0.8626469969874166,0.4582344745524366
0.8627479474753263,0.45843375142161596
0.8629231296238484,0.45877987373914486
0.8631447250577585,0.459217715462273
0.8634524810776443,0.459826383565339
0.8634577993680582,0.45983690762966656
0.8634658928036862,0.45985292599465355
0.863712729662099,0.4603422790697772
0.8638610281447927,0.46063634164438205
0.8638691215804208,0.46065240367672045
0.8638744398708347,0.4606629761623534
0.8638797581612485,0.4606735486479863
0.8638850764516625,0.46068412113361923
0.8638903947420763,0.4606946953701763
0.8638957130324901,0.4607052696067334
0.8639010313229041,0.46071584384329045
0.8639063496133179,0.46072641807984754
0.8639287427473373,0.46077096786269917
0.864292092193497,0.4614938449630626
0.8653954260864172,0.463694048000638
0.8662492668350136,0.4653967266011252
0.8663502173229233,0.4655980532200731
0.8663555356133372,0.46560866496808617
0.8663939312837128,0.4656854032165638
0.8667016873035985,0.4663006002381785
0.8668026377915083,0.46650247669423667
0.866903588279418,0.4667043531502949
0.8670045387673279,0.4669062296063531
0.8672261545544351,0.4673502488740924
0.8674477703415424,0.46779426814183167
0.8676693861286497,0.46823828740957096
0.8676779054413639,0.46825535957351055
0.8676864247540782,0.46827243173745015
0.8676945181897062,0.4682886504706406
0.8679500631804783,0.4688014492197931
0.8679549221708042,0.4688112326798622
0.8681656883019551,0.46923628242788323
0.8681710065923689,0.4692470152117154
0.8684178434507818,0.46974529036702933
0.8686536989161312,0.47022160810599806
0.8686920945865068,0.4702991710342888
0.8688970874086762,0.4707132831206218
0.86892888607851,0.4707776353581044
0.8689369795141382,0.4707940268695228
0.8689450729497662,0.4708104353892633
0.8689531663853942,0.47082684390900376
0.8690216433081192,0.47096573029000693
0.8692574987734687,0.47144432720825163
0.8703608326663889,0.47368401216324074
0.8703656916567147,0.47369388451985317
0.8703742109694289,0.4737112052608133
0.8704710765837187,0.4739081839961543
0.8705757378117347,0.4741211310884136
0.870621746326953,0.4742147702841509
0.8709295023468387,0.4748422026996874
0.8711840837122833,0.47536171994987453
0.8712619730032612,0.47552069606580816
0.8713398622942392,0.4756796721817418
0.8714177515852172,0.4758386482976754
0.8714956408761951,0.47599762441360904
0.8719163710581117,0.47685657010776683
0.8720915532066337,0.4772142414179477
0.8720968714970475,0.47722510007035646
0.8721021897874615,0.4772359587227652
0.8721102832230895,0.47725248654299174
0.8721183766587175,0.4772690143632183
0.8723291427898684,0.47769945234562955
0.8725846877806405,0.4782217365211245
0.8726164864504743,0.4782867855288143
0.8726482851203082,0.47835183453650415
0.872956041140194,0.47898182090460023
0.8730020496554123,0.47907611240845444
0.8730480581706306,0.47917040391230864
0.8730940666858489,0.4792646954161628
0.8731400752010672,0.479358986920017
0.8733956201918393,0.47988366843606167
0.8736314756571887,0.4803679798273397
0.8739392316770744,0.4810002415611292
0.8739473251127026,0.4810168852275831
0.8739554185483306,0.48103352889403705
0.8740333078393085,0.4811938010749538
0.8740651065091425,0.4812592330541519
0.8743206514999146,0.4817853298341035
0.8744958336484365,0.4821466463927947
0.8747513786392086,0.4826739477626835
0.8750591346590944,0.48330988164936295
0.8751600851470042,0.48351863879728074
0.8752143170236107,0.48363081727596163
0.8755220730434966,0.48426956314395486
0.8757689099019094,0.4847823612486442
0.8758149184171277,0.4848779835288559
0.875860926932346,0.4849736058090677
0.875869020367974,0.484990441211171
0.875877113803602,0.48500727661327436
0.8761129692689515,0.4854979121621504
0.8761891299150061,0.4856564295457875
0.8762652905610607,0.4858149469294246
0.8765011460264102,0.4863060547841525
0.8765092394620383,0.4863229107071108
0.8765173328976663,0.4863397666300691
0.8767389486847736,0.4868021872708
0.8767673629941013,0.48686157137219
0.8767957773034291,0.48692095547357994
0.8769325059476023,0.48720684836717737
0.8773498658683929,0.48808049863946257
0.877571461302303,0.4885446761020221
0.8775763202926289,0.48855486782492985
0.8775811792829549,0.4885650595478375
0.8775860382732807,0.48857525127074525
0.8775908972636067,0.488585442993653
0.8775957562539326,0.4885956347165607
0.8776607900494084,0.4887322332164829
0.8780241394955681,0.4894955211985914
0.8782796844863402,0.4900325782041113
0.87838063497425,0.4902449663991964
0.8784815854621597,0.4904573545942816
0.8787284223205725,0.4909769421530989
0.878964277785922,0.4914736021093556
0.8789809720188516,0.4915087614625903
0.8789976662517813,0.49154392081582504
0.8792192616856914,0.4920110437948324
0.8793202121736012,0.4922240290537885
0.8795418076075113,0.4926918280000585
0.8795499010431395,0.4927089177309229
0.8798054460339115,0.4932490517800384
0.8801868352136495,0.4940553835455024
0.8802196767933418,0.4941248260411699
0.8802525183730342,0.4941942685368374
0.880499355231447,0.4947162090225854
0.8807209506653572,0.49518484517694555
0.8809425460992673,0.4956534813313057
0.8809885546144856,0.4957508785510432
0.8814059145352762,0.49663522556577444
0.8814601464118829,0.49675046212939944
0.8814682398475109,0.49676766637651687
0.8818315892936707,0.4975406110236947
0.8818369075840845,0.49755193158631483
0.8818422258744983,0.497563252148935
0.8818475441649123,0.4975745727115552
0.882210893611072,0.49834938549656316
0.8825742430572316,0.4991241982815711
0.8828100985225811,0.49962729941481737
0.883056935380994,0.5001541365467621
0.8831029438962121,0.5002526138481451
0.883410699916098,0.5009129275181087
0.8835589983987917,0.5012311181047959
0.8837072968814854,0.5015493086914833
0.8837121558718113,0.5015597355796642
0.8838168170998274,0.5017845656476262
0.8838282292646737,0.5018091029428283
0.8838396414295202,0.5018336402380305
0.8840951864202923,0.50238325186197
0.8841181982538137,0.5024328014058923
0.8843540537191631,0.5029416074454747
0.8844000622343814,0.503041039894548
0.8844460707495997,0.5031404723436214
0.8844787676982396,0.5032112596731172
0.8845114646468796,0.503282047002613
0.8845441615955194,0.5033528460411582
0.8845768585441594,0.5034236450797032
0.8848324035349314,0.5039772934546998
0.8851401595548173,0.5046445858818416
0.8853451523769866,0.5050892177083554
0.8855667478108968,0.5055701776373119
0.8858222928016689,0.5061248698605503
0.8860691296600817,0.5066613039468809
0.8863049851254311,0.5071739398079828
0.886336783795265,0.5072430680383421
0.8863685824650989,0.5073121962687015
0.8863909755991183,0.5073608842336984
0.8864133687331376,0.5074095721986953
0.8864214621687656,0.5074271910856502
0.8866430576026758,0.507909942167754
0.8868986025934479,0.5084670059293543
0.88715414758422,0.5090240971043606
0.8874619036041057,0.5096955025600103
0.8875999291497608,0.5099970076236982
0.8877379546954158,0.5102985126873861
0.887959570482523,0.5107831943756163
0.8880463052081291,0.510973061363674
0.8881330399337352,0.5111629283517318
0.888440795953621,0.5118369893690462
0.8884522081184674,0.5118620594143262
0.8884636202833138,0.5118871294596061
0.8887122414314073,0.5124359920160679
0.8887236535962536,0.5124611930192108
0.8887466654297751,0.5125120231179296
0.8887580775946214,0.5125372673646617
0.8887661710302496,0.5125552229293657
0.8887979697000834,0.5126258226783179
0.8888060631357114,0.5126437962940612
0.8889070136236212,0.5128680002274719
0.8890079641115309,0.5130922041608826
0.8890621959881376,0.5132126551868957
0.8891682443918143,0.5134485671779114
0.8902715782847345,0.5159030617125552
0.8903762395127505,0.5161359408448256
0.8904809007407665,0.5163690514887068
0.8905351326173732,0.5164898474773425
0.8905669312872071,0.5165607389982734
0.8906118185674093,0.5166609727449128
0.890666050444016,0.516782138519991
0.8908768165751669,0.5172530861250538
0.8911845725950527,0.5179408612742091
0.8914331937431461,0.5184970311801257
0.8916548095302534,0.5189930819879811
0.89170904140686,0.5191146025707982
0.8919306368407702,0.5196113692706253
0.8920789353234639,0.5199439187580497
0.8921798858113736,0.5201704053691293
0.8922223866792107,0.5202658089058679
0.8922648875470478,0.5203612124426065
0.8922762997118943,0.5203868478517256
0.8923080983817281,0.5204582902663449
0.8924141467854048,0.5206966284576394
0.8925201951890814,0.520934966648934
0.8925980844800594,0.5211100309203067
0.8926286064936713,0.5211787689826914
0.8926746150088896,0.5212824067173165
0.8927206235241079,0.5213861382974699
0.8930839729702675,0.5222062814000503
0.8933198284356171,0.522738927042588
0.8935684495837105,0.523300499687302
0.8939498387634485,0.5241630828994288
0.8941984599115419,0.5247265272509506
0.8942214717450633,0.5247786871282926
0.8944430875321706,0.5252811053266251
0.8944950528789799,0.5253989457477471
0.8945064650438262,0.5254248370145747
0.8945178772086727,0.5254507282814022
0.894529289373519,0.5254766195482297
0.8945407015383655,0.5255025108150572
0.8945521137032119,0.5255284020818847
0.8946530641911217,0.5257582179555705
0.89469907270634,0.5258629929263433
0.8949476938544334,0.5264304264208783
0.8949901947222705,0.5265275816281093
0.8952009608534213,0.5270094599512853
0.8954495820015147,0.5275788320161634
0.8957051269922869,0.5281648191365348
0.8957455011933223,0.5282574514554279
0.8957858753943578,0.5283500837743211
0.8958176740641918,0.528423047927092
0.8958290862290381,0.5284492586169013
0.895897563151763,0.5286066001142273
0.8959435716669814,0.5287124407769299
0.8959520909796956,0.5287320578070813
0.8959744841137149,0.5287836316832832
0.8959968772477342,0.528835205559485
0.8960192703817537,0.5288867794356868
0.8960277896944678,0.528906409011747
0.8960363090071821,0.5289260385878072
0.8960448283198963,0.5289456681638672
0.8960908368351146,0.5290517210238002
0.8960956958254405,0.5290629249406693
0.8961005548157664,0.5290741288575385
0.8961058731061803,0.5290863928819727
0.8961111913965942,0.529098656906407
0.8961165096870081,0.5291109209308412
0.8961218279774219,0.5291231849552754
0.8961271462678359,0.5291354489797097
0.8961324645582497,0.5291477130041439
0.8961377828486635,0.5291599770285781
0.8961431011390775,0.5291722410530123
0.8961484194294913,0.5291845050774465
0.8964561754493771,0.5298943586840897
0.896487974119211,0.5299678309900279
0.8965339826344293,0.5300743285349451
0.8965799911496476,0.5301808260798622
0.8966259996648659,0.5302873236247794
0.8966340931004939,0.5303060792474108
0.8968557088876011,0.5308199725359208
0.8969005961678035,0.5309241704875475
0.8971492173158969,0.5315016077113629
0.8973978384639903,0.5320790449351782
0.89776118791015,0.5329232101027372
0.8977841997436714,0.5329766858061165
0.8980397447344435,0.5335710834234463
0.8982952897252156,0.5341672123298469
0.8986030457451014,0.5348853309650815
0.8986348444149352,0.5349595544329762
0.898783142897629,0.5353058058023739
0.899038687888401,0.5359024864532757
0.8990501000532475,0.5359291504950634
0.8991510505411572,0.5361652683795921
0.8993618166723081,0.5366585951377935
0.8993703359850224,0.5366785376304655
0.8993788552977365,0.5366984801231375
0.8993873746104507,0.5367184226158096
0.8996419559758952,0.5373145752544809
0.8996472742663091,0.5373271230488171
0.8996525925567229,0.5373396708431533
0.8996611118694372,0.5373597732806432
0.8997620623573469,0.537598059316014
0.900017607348119,0.5382034948520567
0.9002662284962124,0.5387926909628562
0.9004769946273633,0.5392925539611163
0.9005194954952004,0.5393935111209813
0.9005619963630375,0.5394944682808465
0.9006629468509472,0.5397344145774967
0.9009115679990406,0.5403278446940066
0.901160189147134,0.5409212748105167
0.9011825822811534,0.5409747272029317
0.9022859161740736,0.5436090691711201
0.9023543930967985,0.5437725719385631
0.9024004016120168,0.5438824281085964
0.9024464101272351,0.5439922842786299
0.9024924186424534,0.5441021404486632
0.9025791533680595,0.5443092608876878
0.9026015465020788,0.5443628295667748
0.9029829356818168,0.5452764925603981
0.9031937018129677,0.5457815457072503
0.9034044679441185,0.5462872850002537
0.903640323409468,0.5468533230253776
0.9047436573023881,0.5495021428660272
0.9058469911953083,0.5521509627066769
0.9069503250882285,0.5547997825473265
0.9071489939176303,0.5552770084495059
0.9071807925874641,0.5553534568463128
0.9072330264550249,0.5554790376869274
0.9074437925861758,0.5559862374773514
0.9074960264537366,0.5561121972016779
0.9078037824736224,0.5568545710935435
0.9078261756076418,0.5569087553914835
0.908047791394749,0.5574451303539634
0.9082694071818563,0.5579815053164433
0.9086507963615943,0.5589048109780321
0.9097541302545145,0.561577573243642
0.90979450445555,0.5616754269331824
0.9098954549434597,0.5619206107720159
0.9099964054313695,0.5621657946108495
0.9110997393242897,0.5648531480110018
0.9111045983146155,0.5648649841531589
0.911353219462709,0.5654712230527308
0.9113756125967284,0.5655258844291702
0.9114158406908843,0.5656243094454831
0.9114243600035986,0.5656451767251297
0.9114328793163128,0.5656660440047764
0.911441398629027,0.565686911284423
0.9115423491169368,0.5659345284192548
0.9115827233179723,0.5660335747551161
0.9118043391050795,0.5665772462883486
0.9118361377749135,0.566655288617705
0.9118860535668852,0.5667778876583492
0.9119320620821035,0.5668909510941903
0.9119819778740752,0.5670136164511634
0.9130853117669954,0.5697305563410429
0.9130934052026235,0.5697504888902883
0.9131359060704606,0.5698551638700817
0.9133575218575678,0.5704014574893296
0.9134584723454776,0.5706506287915816
0.9135180500082917,0.5707978504057462
0.9135830838037675,0.5709589079624086
0.9136054769377868,0.5710143650278433
0.9136278700718061,0.5710698220932781
0.9136562843811339,0.5711402548682349
0.9136846986904616,0.5712106876431918
0.9137131129997893,0.5712811204181487
0.9137415273091171,0.5713515531931056
0.9138424777970268,0.5716018343029377
0.9138473367873527,0.571613882635512
0.9138898376551897,0.5717193057906614
0.9139122307892091,0.5717749469197931
0.9139346239232284,0.5718305880489247
0.9141901689140005,0.5724659170396653
0.9141954872044145,0.5724791494040049
0.9142178803384338,0.5725349366934898
0.9144734253292058,0.5731722749308913
0.9147289703199779,0.5738096131682928
0.9148837888221694,0.5741957589971408
0.9150386073243608,0.5745819048259888
0.9154199965040988,0.5755341897101807
0.9165233303970189,0.5782921430899145
0.9176266642899391,0.5810500964696483
0.9178752854380325,0.5816722154071655
0.9178801444283585,0.5816843752963714
0.9179486213510835,0.581855939669659
0.9179946298663018,0.5819715262790749
0.9179999481567156,0.5819848943679944
0.9180052664471294,0.581998262456914
0.9180105847375434,0.5820116305458335
0.9182213508686942,0.5825415490601091
0.9183744376723024,0.5829274569272958
0.9184204461875207,0.5830435218346515
0.9186759911782928,0.5836882049716074
0.9186813094687067,0.5837016349304046
0.9186861684590326,0.5837139360246358
0.9189417134498047,0.5843610540771739
0.918950232762519,0.5843826773908147
0.9189587520752331,0.5844043007044556
0.9193401412549711,0.5853729931701652
0.9193719399248049,0.5854537961217022
0.9193943330588243,0.5855107948793203
0.9195930018882261,0.5860166823959291
0.9196452357557869,0.5861498674771721
0.9196974696233478,0.5862830525584152
0.9197497034909086,0.5864162376396582
0.919998324639002,0.5870501782266493
0.9202033174611713,0.5875731225940029
0.9202351161310053,0.5876544740469044
0.9202669148008391,0.587735825499806
0.9204200016044474,0.5881278129117432
0.9204603758054829,0.5882313200627058
0.9205613262933927,0.5884901872803447
0.920583719427412,0.588547652608358
0.9206067312609335,0.5886067485119327
0.9206291243949528,0.5886642755030582
0.9208846693857249,0.5893236501644514
0.9208931886984392,0.5893456819639143
0.9209017080111533,0.5893677137633772
0.9209477165263716,0.5894868949225855
0.9209976323183434,0.5896162837186252
0.9210475481103151,0.5897456725146648
0.9210560674230294,0.5897677948329398
0.9210645867357435,0.589789917151215
0.921086979869763,0.5898481168962
0.9211093730037823,0.589906316641185
0.9211497472048178,0.5900113189277968
0.9212182241275427,0.590190881849269
0.9212867010502677,0.5903704447707414
0.9215422460410397,0.59104054505102
0.9217977910318118,0.5917108056068444
0.9218520229084185,0.5918530656318233
0.9219062547850252,0.5919953256568022
0.921911573075439,0.5920093045780361
0.922292962255177,0.5930118322397858
0.9226007182750628,0.5938219680613014
0.9226055772653887,0.5938347598495883
0.9227065277532985,0.5941005397616446
0.9227289208873178,0.5941595673783768
0.9227513140213371,0.5942187151660102
0.9229499828507389,0.5947436502273858
0.9229909901815857,0.5948521360034891
0.9230505678443998,0.5950098155579675
0.9230729609784191,0.5950690849935741
0.9230814802911332,0.5950916385181686
0.9230899996038475,0.595114192042763
0.9230985189165617,0.5951367455673573
0.9233092850477126,0.595695774040383
0.9233495131418686,0.5958027713111391
0.9233897412360246,0.5959097685818951
0.923625596701374,0.5965374059539017
0.9236304556917,0.5965503508960834
0.9236353146820259,0.5965632958382652
0.9236577078160453,0.5966229565925121
0.9237261847387702,0.5968058632913126
0.9237664128329262,0.596913423066807
0.9237717311233401,0.5969276632749104
0.9240203522714335,0.5975936144190578
0.924268973419527,0.5982602841345785
0.924328551082341,0.5984201655405819
0.924368779176497,0.5985281248291472
0.9244097865073437,0.5986386859936434
0.9246147793295132,0.5991916298478908
0.924620097619927,0.5992060118339947
0.9246254159103409,0.5992203938200987
0.925728749803261,0.6022048313206558
0.9259395159344119,0.6027753237131707
0.9259443749247379,0.6027884919533809
0.9259496932151517,0.6028029076889888
0.9259550115055656,0.6028173234245966
0.9259868101753995,0.6029035480853506
0.9260186088452333,0.6029897727461048
0.9260504075150673,0.6030759974068588
0.9260906356092232,0.6031851630236352
0.9264720247889612,0.6042220013343768
0.9267206459370546,0.6048981637657763
0.9267259642274686,0.6049126310557357
0.9267312825178824,0.604927098345695
0.9267366008082962,0.6049415656356544
0.926837551296206,0.6052162974291175
0.9268917831728127,0.6053640510591564
0.9268966421631386,0.6053772902435763
0.9269051614758528,0.6054005061663423
0.9272685109220126,0.606393184617799
0.927517132070106,0.6070731383437258
0.9275631405853243,0.6071989884660685
0.92787089660521,0.6080411352889611
0.9278762148956239,0.6080556988588091
0.9278815331860378,0.6080702624286569
0.9278868514764517,0.6080848259985048
0.9278921697668655,0.6080993895683527
0.9279323978610216,0.6082095608782979
0.9279726259551775,0.608319732188243
0.9279774849455035,0.6083330515996542
0.9279823439358293,0.6083463710110654
0.9282378889266014,0.6090469131260486
0.9283063658493264,0.6092348472846203
0.9283177780141728,0.6092663412100711
0.9283230963045866,0.6092810196648228
0.9284761831081949,0.6097036489593121
0.9285523437542496,0.6099139340448619
0.9285841424240835,0.6100020551921791
0.9287333811173631,0.610417764430238
0.9288864679209714,0.6108443809046662
0.9288917862113852,0.6108592086158467
0.9288971045017991,0.6108740363270273
0.928902422792213,0.6108888640382079
0.9289248159262323,0.6109513022054243
0.9289333352389465,0.610975097319118
0.9289418545516608,0.610998990508265
0.928950373864375,0.6110228836974121
0.9291719896514823,0.6116449247483686
0.929272940139392,0.6119289315051739
0.9293189486546103,0.6120585240370033
0.9293649571698286,0.6121881165688328
0.9295141958631082,0.6126086073227681
0.9295190548534342,0.6126223016887529
0.9296057895790403,0.6128669560182798
0.9298165557101912,0.6134620735199725
0.930027321841342,0.6140571910216651
0.9300733303565603,0.6141872423769025
0.93043667980272,0.6152143826777392
0.9307444358226058,0.616084789191436
0.9307492948129317,0.6160985438043224
0.9307541538032577,0.6161122984172087
0.9307590127935835,0.6161260530300949
0.9307638717839095,0.616139814146166
0.9309131104771892,0.6165651891257826
0.9310140609650989,0.616853192943999
0.9311150114530087,0.6171411967622155
0.9311834883757336,0.6173368707171027
0.9313383068779251,0.6177797657764345
0.9314931253801165,0.6182226608357663
0.931647943882308,0.6186655558950981
0.9316797425521418,0.6187565326177804
0.9317021356861612,0.6188206042723929
0.9317245288201805,0.6188846759270056
0.9318776156237888,0.6193227612081795
0.932030702427397,0.6197623633835879
0.9320806182193688,0.6199060724062633
0.9321305340113406,0.6200497814289386
0.9321358523017544,0.6200650941997834
0.9321411705921683,0.620080406970628
0.9322096475148932,0.6202778936978793
0.9322320406489126,0.6203425294992309
0.9322544337829319,0.6204071653005824
0.9323553842708417,0.6206990059388428
0.9334587181637619,0.6238987004785232
0.9345620520566821,0.6270983950182036
0.934630528979407,0.6272970447364713
0.9347797676726867,0.627731626395159
0.9349905338038376,0.6283467020742549
0.9351436206074458,0.6287935714694429
0.9353982019728903,0.6295371505752161
0.9354392093037369,0.6296570682768179
0.9354802166345837,0.6297769859784197
0.9357160720999331,0.6304680658468984
0.9358653107932128,0.630905850116687
0.9358971094630467,0.630999158846549
0.9359566871258608,0.631174566373396
0.9359976944567074,0.6312954418493253
0.9360986449446173,0.6315933497816714
0.9361039632350311,0.6316090639442908
0.936109281525445,0.6316247781069103
0.9361141405157709,0.6316391544843017
0.9361189995060968,0.6316535308616932
0.9361238584964228,0.6316679072390846
0.9361287174867486,0.631682283616476
0.9363773386348421,0.6324179888956488
0.9364175667289981,0.632537119381192
0.9364260860417123,0.632562370435247
0.9364346053544266,0.632587621489302
0.9365838440477062,0.6330301252658743
0.9366434217105203,0.6332073936433648
0.9368920428586137,0.63394935090598
0.9372553923047734,0.6350372923349631
0.9373014008199917,0.6351751339579782
0.93734740933521,0.6353129755809932
0.9373884166660567,0.6354361280974546
0.9374294239969034,0.6355592806139161
0.9374890016597175,0.6357382225686437
0.9375485793225316,0.6359171645233711
0.9375709724565509,0.6359844439418948
0.9375933655905703,0.6360517233604185
0.9376801003161763,0.6363123149283314
0.9377668350417824,0.6365729064962443
0.9377892281758017,0.6366401859147679
0.9377940871661277,0.6366547968301046
0.9377989461564535,0.6366694077454413
0.9378038051467794,0.6366840186607781
0.9378086641371054,0.6366986295761148
0.9378546726523237,0.6368370952030914
0.9380533414817254,0.6374352583716957
0.9380851401515593,0.6375310085181952
0.9381169388213931,0.6376267586646948
0.9382661775146728,0.6380764010078406
0.9383065517157083,0.638198182021677
0.9383750286384333,0.6384047389471296
0.9384175295062703,0.6385329405111042
0.9385706163098786,0.6389956928901762
0.9385791356225929,0.639021450039505
0.938587654935307,0.6390472071888338
0.9385961742480213,0.6390729643381625
0.9386046935607355,0.6390987214874913
0.9386132128734497,0.6391244786368201
0.9387624515667293,0.6395763181829134
0.9388028257677649,0.6396986252746749
0.9389520644610445,0.6401512039204316
0.9389569234513705,0.6401659542157376
0.9390165011141846,0.6403469548353565
0.9391657398074642,0.6408006710225996
0.9391705987977901,0.6408154806205645
0.9391754577881161,0.6408302902185293
0.9391839771008302,0.6408562966143669
0.9391953892656767,0.6408911526788406
0.9392549669284908,0.6410731376469233
0.9392634862412049,0.6410991972206317
0.9393826364014382,0.641464520730478
0.9395017865616714,0.6418298442403242
0.9398095425815571,0.6427736046626044
0.9398144015718831,0.642788519030918
0.9399335517321163,0.6431542555310613
0.9399857855996772,0.6433147389915914
0.940017584269511,0.6434124648966933
0.940210965743474,0.644006948783338
0.9402158247337999,0.6440218889330327
0.9403349748940332,0.6443887232026735
0.9404381216680481,0.6447063139069946
0.9405873603613277,0.6451658498126039
0.9407981264924786,0.6458148417505587
0.9408577041552927,0.6459983678355606
0.940903712670511,0.6461400948230919
0.9409497211857293,0.6462818218106231
0.9409532506695635,0.646292698364002
0.9409567801533977,0.6463035749173811
0.9409603096372319,0.64631445147076
0.9409638391210661,0.6463253280241391
0.9409673686049003,0.6463362045775181
0.9409708980887345,0.6463470811308971
0.940993909922256,0.646418047894827
0.9410053220871023,0.6464532689840062
0.9410283339206238,0.6465242898509097
0.9410513457541452,0.6465953107178133
0.9410598650668595,0.646621611434874
0.9414412542465974,0.6477991893713749
0.9415943410502057,0.6482723273886488
0.9415992000405315,0.6482873525916357
0.9416040590308574,0.6483023777946226
0.9416442871250135,0.6484267796342711
0.9417973739286217,0.6489003968050746
0.9418058932413359,0.6489268941942327
0.941848394109173,0.6490592420929628
0.941853253099499,0.6490743762046102
0.9419542035874087,0.6493890807141142
0.942000212102627,0.6495325624643162
0.9421494507959066,0.6499980554549053
0.9422986894891863,0.6504644754040692
0.9423035484795123,0.6504797076614421
0.9423084074698381,0.6504949399188152
0.9424614942734464,0.6509752986167673
0.9426145810770546,0.6514558723026959
0.9428079625510176,0.6520631485525912
0.9430187286821685,0.6527254123883194
0.9432294948133194,0.6533876762240475
0.943452579512089,0.6540900772503209
0.9434749726461084,0.654160615238428
0.9434973657801277,0.6542311532265351
0.9435197589141471,0.6543016912146422
0.943524617904473,0.6543170544378715
0.9435294768947989,0.6543324176611007
0.9435343358851248,0.65434778088433
0.9435939135479389,0.6545361593482658
0.943602432860653,0.6545631216561671
0.9436727235521367,0.6547855918209485
0.9437758703261516,0.6551124133868342
0.9438790171001666,0.6554392349527198
0.9439108157700006,0.6555400440308277
0.9439426144398344,0.6556408531089355
0.944160320331513,0.6563313715925474
0.9442287972542379,0.6565486787910843
0.9444395633853888,0.657217836218104
0.9445926501889971,0.6577047166606844
0.9446386587042154,0.6578511970432599
0.9446610518382347,0.6579225447214248
0.9448102905315143,0.6583980792035544
0.9448151495218403,0.6584136047113113
0.9448200085121662,0.658429130219068
0.9448367027450959,0.6584825036074063
0.9449897895487042,0.6589719587070687
0.9449983088614183,0.6589992030663396
0.9450068281741325,0.6590264474256106
0.9450153474868468,0.6590536917848815
0.9450838244095717,0.6592729354815245
0.9452330631028514,0.6597509384074396
0.9454876444682958,0.6605676571079885
0.9457234999336452,0.6613243789996384
0.9458266467076603,0.6616553165161152
0.94584334094059,0.6617089542075927
0.9458717552499176,0.6618003111257302
0.9459001695592454,0.6618916680438677
0.945928583868573,0.6619830249620052
0.9459569981779008,0.6620743818801428
0.945965517490615,0.6621018338129998
0.9459740368033293,0.6621292857458569
0.9460425137260542,0.6623502864548156
0.9460510330387684,0.6623778319988876
0.946200271732048,0.6628605187219786
0.9463495104253277,0.6633432498869719
0.946358029738042,0.6633708437396
0.9463665490507561,0.663398437592228
0.9465157877440358,0.6638819182478825
0.9466650264373154,0.6643653989035369
0.9466735457500297,0.66439304479435
0.9466820650627439,0.6644206906851631
0.9468928311938948,0.6651048429979988
0.947045917997503,0.6656018770078352
0.947086146091659,0.6657326174831661
0.947126374185815,0.6658633579584972
0.9471581728556488,0.665966924785961
0.9472591233435587,0.6662957178684428
0.9473600738314684,0.6666245109509247
0.947509312524748,0.6671113004499221
0.9475178318374623,0.6671391321418586
0.9475263511501765,0.6671670277673334
0.947566725351212,0.6672992354889951
0.9475891184852314,0.6673725641570475
0.947812203184001,0.6681038866751764
0.9479652899876092,0.6686063683123561
0.9479738093003235,0.6686343365480258
0.9481230479936031,0.6691250663028989
0.9481915249163281,0.6693504622810181
0.9482082191492578,0.6694057602655119
0.948216738461972,0.6694340361486326
0.9485981276417099,0.6707029543418774
0.948657705304524,0.6709011901293628
0.9487261822272489,0.6711291426311198
0.9487347015399631,0.6711576154172978
0.9487942792027771,0.6713569325410089
0.9488027985154914,0.6713854725434758
0.9488527143074632,0.6715529816993836
0.9489558610814781,0.6718992043326445
0.9489643803941924,0.6719278272912894
0.9491174671978007,0.6724422055946143
0.9491259865105148,0.672470885856155
0.9492320349141915,0.6728279688730786
0.9493380833178682,0.6731850518900021
0.9493783114120241,0.6733205697348202
0.9494007045460435,0.6733961556202213
0.9494230976800628,0.6734717415056223
0.9494454908140821,0.6735473273910233
0.9494678839481016,0.6736229132764243
0.9494908957816229,0.673700647748578
0.9495139076151444,0.6737783822207316
0.9495369194486658,0.6738561166928853
0.9498446754685517,0.6748958167846585
0.9498531947812658,0.6749246135702077
0.9498617140939801,0.6749534478744753
0.9498702334066943,0.6749824428795586
0.9498926265407136,0.6750586598628375
0.949915019674733,0.6751348768461165
0.9499374128087523,0.6752110938293955
0.950086651502032,0.6757192447939331
0.950146229164846,0.6759233741834078
0.9501547484775602,0.6759525718054864
0.9501596074678862,0.6759692381489522
0.9501644664582121,0.6759859044924178
0.9503137051514917,0.6764985529712073
0.9503367169850132,0.6765776272687397
0.9503452362977274,0.6766069996341126
0.9504048139605414,0.6768125212270006
0.9505540526538211,0.6773275042047594
0.9507032913471007,0.6778424871825183
0.9509263760458704,0.6786149334961601
0.9510794628494786,0.6791454010146926
0.9511254713646969,0.679305916301246
0.9511957620561805,0.6795511476553117
0.9512010803465945,0.6795697172828359
0.9512059393369203,0.6795867015183545
0.9512107983272463,0.6796036857538732
0.9512193176399605,0.6796334934493881
0.9513685563332401,0.6801594445614573
0.9515177950265198,0.6806857692709742
0.9517285611576707,0.6814303807854911
0.9517370804703849,0.6814604906520254
0.9518863191636645,0.6819882327005139
0.9520355578569442,0.682517060331159
0.9520673565267781,0.6826300619980753
0.952135833449503,0.6828734110667913
0.9522889202531113,0.6834202540024812
0.9523484979159254,0.6836331107613774
0.952497736609205,0.6841664741294208
0.952691118083168,0.6848586918163613
0.952884499557131,0.6855509095033018
0.9530778810310939,0.6862431271902424
0.9532271197243736,0.6867777556241849
0.9533763584176533,0.6873123840581273
0.9533877705824997,0.6873532845352605
0.9533991827473461,0.6873941850123935
0.9535484214406258,0.6879306268822534
0.9536976601339054,0.6884673464375991
0.9537061794466196,0.6884980120729208
0.9537146987593338,0.6885287122779897
0.9537232180720481,0.6885595827636479
0.9537317373847622,0.6885904532493062
0.9538809760780419,0.6891328687887215
0.9539197117174807,0.6892738442727766
0.9541304778486316,0.6900412312215851
0.9542349686186216,0.6904217596383345
0.9542398276089474,0.6904394714754281
0.9542446865992734,0.6904571833125217
0.9542560987641198,0.6904989255886355
0.9542675109289662,0.6905406678647492
0.9542789230938126,0.690582410140863
0.9542874424065269,0.6906135776923528
0.9543559193292518,0.6908642450808259
0.9545666854604026,0.691635963795786
0.9546070596614381,0.6917842090482906
0.9546155789741524,0.69181551815423
0.9546240982868666,0.6918468767322722
0.9547733369801462,0.6923966275930731
0.9547847491449927,0.6924386957682047
0.954796161309839,0.6924807639433365
0.9549454000031187,0.6930318700644418
0.954953919315833,0.6930633640824883
0.9550223962385579,0.6933193630779442
0.9550272552288838,0.6933375343689246
0.9550957321516087,0.6935936898425699
0.9551005911419347,0.6936118847183191
0.9551091104546489,0.6936437946162618
0.9552583491479285,0.69420364509776
0.9553268260706534,0.6944607903034674
0.9554328744743301,0.6948590807034242
0.9555389228780068,0.6952573711033808
0.9556449712816835,0.6956556615033376
0.95575101968536,0.6960539519032942
0.9559002583786397,0.6966154816824696
0.9559598360414537,0.6968400323461716
0.9559646950317797,0.6968583467660414
0.9559695540221056,0.6968766611859112
0.9559744130124316,0.6968949812251858
0.9560428899351565,0.6971534612807373
0.9562536560663074,0.6979495291676542
0.9563221329890323,0.6982082271677117
0.9563906099117573,0.698467176134196
0.9565398486050369,0.6990317422912622
0.9565447075953628,0.6990501302456802
0.9566042852581769,0.6992757642329948
0.9566727621809018,0.6995352096587141
0.9567412391036267,0.6997946550844334
0.9568115297951104,0.7000610922755399
0.9569607684883901,0.7006269531142938
0.9570310591798736,0.7008938744234087
0.9570628578497076,0.7010147104166472
0.9572120965429872,0.7015818916784764
0.9572523246371432,0.7017348660849649
0.9574015633304228,0.7023028881495144
0.9575508020237025,0.7028720179663068
0.9575556610140284,0.7028905754523255
0.9575605200043543,0.702909136584723
0.957666568408031,0.7033144170852587
0.9577350453307559,0.7035764640617986
0.9578035222534809,0.7038385110383387
0.9579969037274438,0.7045787608671704
0.9580054230401581,0.7046114683684783
0.9581988045141211,0.7053564950077412
0.9582306031839549,0.7054790361642878
0.9582624018537889,0.7056015773208342
0.9583684502574655,0.7060105751314241
0.9584744986611421,0.7064196983431382
0.9585805470648188,0.7068288215548525
0.9586865954684954,0.7072379447665667
0.9587926438721721,0.7076479924401927
0.9588011631848863,0.7076809557061149
0.9588096824976006,0.707713918972037
0.9588692601604145,0.7079446352421915
0.9588777794731288,0.7079777159415197
0.9590270181664085,0.7085579668927255
0.9591762568596881,0.7091382178439315
0.959244733782413,0.7094045003396124
0.9593939724756927,0.7099852192267393
0.9594535501385067,0.7102170882802646
0.9595131278013208,0.7104489573337899
0.9596623664946005,0.7110298118756914
0.9597122822865722,0.7112241849098094
0.9597718599493863,0.711456191438852
0.9598314376122004,0.7116881979678945
0.9598910152750144,0.7119202044969372
0.9599505929378285,0.7121529221549517
0.9600101706006425,0.7123856398129664
0.9600186899133567,0.7124189428512526
0.9600686057053285,0.7126141090300414
0.9600771250180427,0.7126474364717477
0.9601456019407677,0.7129155611394802
0.9603563680719185,0.7137416290577021
0.9604248449946434,0.7140102874282909
0.9604933219173685,0.7142789457988796
0.9605617988400934,0.7145476041694684
0.9605841919741127,0.7146356394459877
0.9607334306673924,0.715223221861007
0.9607382896577183,0.7152423616583213
0.9607431486480442,0.7152615014556356
0.9607516679607584,0.7152950743803907
0.960900906654038,0.7158849626783835
0.960905765644364,0.7159041944292502
0.9609106246346899,0.7159234261801171
0.9609154836250159,0.7159426579309838
0.9609839605477408,0.7162147262003843
0.960992479860455,0.7162487282359352
0.9610242785302889,0.7163758599220804
0.9610927554530139,0.71665020701433
0.961101274765728,0.7166846231678005
0.9611097940784423,0.7167190393212709
0.9611183133911565,0.7167534554747413
0.9611268327038707,0.7167878716282117
0.961135352016585,0.7168222877816821
0.9612845907098646,0.7174255773452182
0.9612931100225788,0.7174600756111441
0.9613016293352931,0.7174945738770702
0.9613064883256189,0.7175142740035964
0.9614557270188986,0.7181215130708327
0.9615153046817126,0.7183640469060568
0.9615748823445267,0.7186065807412809
0.9616066810143606,0.7187360342500458
0.9617559197076403,0.7193439217614421
0.9618590664816552,0.7197642502357539
0.9619622132556702,0.7201845787100657
0.9621114519489499,0.7207932526126793
0.9622606906422295,0.7214025042578294
0.9622721028070759,0.721449131966166
0.9622835149719223,0.7214957596745027
0.9623059081059416,0.7215873099345949
0.962328301239961,0.7216788601946871
0.9623506943739804,0.7217704104547792
0.9623555533643063,0.7217903064190354
0.9623604123546322,0.7218102023832916
0.9623652713449581,0.721830098347548
0.9623701303352841,0.7218499943118042
0.9623749893256099,0.7218698902760604
0.9623864014904564,0.7219167602008751
0.962535640183736,0.7225301560242042
0.9626848788770157,0.7231455601868344
0.9627551695684993,0.7234364506184264
0.9628236464912242,0.7237200001493468
0.9629728851845039,0.724338076694502
0.9631221238777835,0.7249571971664639
0.9632713625710632,0.7255763176384258
0.9633416532625468,0.7258683019335006
0.9634448000365617,0.7262977104940077
0.9635940387298414,0.726919595444139
0.9636971855038564,0.7273498113643382
0.9637656624265813,0.7276358063681218
0.9638341393493063,0.7279218013719053
0.9639026162720312,0.7282081587710669
0.964051854965311,0.7288352086116668
0.9642010936585906,0.7294645389908098
0.9643503323518703,0.7300967931277391
0.9644206230433539,0.7303954072521891
0.9644909137348374,0.7306940213766391
0.9645133068688568,0.7307893150172726
0.9645357000028761,0.730884608657906
0.9645442193155904,0.7309209572315465
0.9645527386283046,0.730957305805187
0.9645612579410188,0.7309936543788275
0.964569777253733,0.731030002952468
0.9646015759235669,0.7311657433759979
0.9646100952362812,0.7312021435506099
0.964641893906115,0.7313380222321675
0.964646752896441,0.7313587944961929
0.9646516118867668,0.7313795667602182
0.9647200888094918,0.7316736250216481
0.9647885657322167,0.7319682394046488
0.9649378044254964,0.7326121609234755
0.9650062813482213,0.7329088187489499
0.965155520041501,0.7335556872586101
0.9652600108114909,0.7340090150564085
0.9653645015814809,0.734462342854207
0.965424079244295,0.7347208429587461
0.9654354914091413,0.7347704966212365
0.9656462575402922,0.7356876324977452
0.9656511165306181,0.735708801333011
0.9656559755209441,0.7357299701682768
0.9656608345112699,0.7357511390035427
0.9658716006424208,0.7366699552756252
0.9659747474164359,0.7371197402267341
0.9660778941904508,0.7375695251778429
0.9662886603216017,0.7384907237845917
0.9664994264527526,0.7394119223913403
0.9666486651460322,0.7400681293009248
0.9667171420687571,0.7403694728099036
0.9667856189914821,0.7406708163188825
0.9668887657654971,0.741126087841889
0.9669919125395121,0.7415813593648954
0.9670622032309957,0.7418916901359988
0.9671324939224794,0.7422020209071021
0.9671847277900402,0.7424327653971713
0.967236961657601,0.7426635098872404
0.9673072523490845,0.7429747905671623
0.9674564910423642,0.7436361094650842
0.9675267817338478,0.7439476277098153
0.9675970724253314,0.7442591459545463
0.9676288710951653,0.744400382603978
0.9677781097884449,0.7450647744614447
0.9677829687787709,0.7450864084343201
0.9678839192666806,0.7455366766964163
0.9679542099581643,0.7458517469796557
0.9679860086279981,0.7459943680317752
0.9680178072978319,0.7461371846448998
0.9680700411653927,0.7463720832284626
0.9681385180881178,0.7466800806152124
0.9682069950108427,0.7469881190645128
0.9682754719335677,0.7472961575138131
0.9684247106268473,0.7479686419724562
0.9686354767579982,0.7489184997573364
0.9687847154512779,0.7495929494995907
0.9689339541445575,0.750268564396438
0.9690042448360411,0.7505870899537257
0.9690127641487553,0.7506257140784354
0.9691159109227703,0.7510942030208335
0.9691843878454952,0.7514053541527806
0.9693336265387749,0.7520840300414102
0.9695443926699258,0.7530477685461947
0.9695943084618975,0.7532764348417864
0.9696442242538693,0.7535051011373781
0.9696769212025093,0.7536548872036166
0.9697268369944809,0.7538835534992083
0.9697382491593274,0.7539358707975329
0.969887487852607,0.754621732632267
0.9700367265458867,0.7553095139654585
0.9701859652391663,0.7559987857267899
0.970335203932446,0.7566892727023303
0.9704036808551709,0.7570075303889854
0.9704739715466546,0.7573342527769535
0.9706232102399343,0.7580296730460947
0.9707724489332139,0.7587250933152357
0.9708427396246975,0.7590542460911577
0.9708949734922583,0.7593005352963229
0.9710442121855379,0.7600048427386941
0.9711126891082629,0.7603283865628037
0.9712158358822779,0.7608175090152286
0.9713189826562928,0.7613067750654194
0.9714221294303078,0.7617960411156104
0.9715713681235875,0.7625167983792589
0.9717821342547384,0.7635392539763268
0.9720307554028318,0.7647462452078265
0.9722793765509252,0.7659536680464115
0.9723496672424088,0.7662951767794272
0.9724528140164238,0.7667990495990278
0.9726635801475747,0.7678300931985214
0.9728743462787256,0.7688611367980149
0.9729428232014505,0.7691975102392745
0.9730113001241755,0.769533883680534
0.9730227122890218,0.7695900764000051
0.9731719509823016,0.7703259279878374
0.9733211896755812,0.7710662095788763
0.9733896665983062,0.7714059179453544
0.9734581435210311,0.7717456263118325
0.9735284342125147,0.7720951288395087
0.9735987249039983,0.7724446313671849
0.973747963597278,0.7731878823277575
0.9738511103712929,0.7737061339073699
0.9739033442388537,0.7739686811928668
0.9740064910128687,0.7744872940791606
0.9741557297061484,0.7752404879479367
0.9742588764801634,0.7757613787816153
0.9743620232541783,0.776282269615294
0.9744651700281933,0.7768075863934899
0.9745683168022083,0.7773361182350985
0.9746714635762233,0.7778661762420166
0.9748207022695029,0.778635265563399
0.974880279932317,0.7789431919246113
0.974939857595131,0.7792511182858235
0.975043004369146,0.7797848599262632
0.9751922430624257,0.7805572923346321
0.9752518207252397,0.7808665859555197
0.9755004418733332,0.782157665997827
0.9755707325648167,0.7825227796862746
0.9756410232563004,0.7828885223633885
0.9757441700303153,0.7834282358158069
0.9758473168043303,0.7839699117005019
0.9759387293292155,0.7844499752843103
0.9760301418541006,0.7849301972283292
0.9761793805473803,0.7857147955575915
0.9762825273213953,0.7862606712892294
0.9763510042441202,0.7866241743035206
0.9764194811668452,0.7869876773178117
0.9764879580895701,0.7873511803321029
0.976556435012295,0.787714683346394
0.97662491193502,0.7880781863606852
0.9766933888577449,0.7884416893749764
0.9767965356317599,0.788989294626303
0.976899682405775,0.7895368998776296
0.9770028291797899,0.7900845051289562
0.9771520678730695,0.7908838165822701
0.9772552146470845,0.7914369447384741
0.9773583614210996,0.7919900728946782
0.9774497739459846,0.7924813618673647
0.9775411864708698,0.7929726508400513
0.9776443332448848,0.793527887252086
0.9777474800188998,0.794083722435912
0.9778967187121794,0.7948896095643375
0.9780459574054591,0.7956959864712247
0.9781951960987387,0.7965027819345816
0.9785585455448984,0.7984743655920397
0.9787693116760493,0.7996184442160862
0.9788724584500643,0.8001803675948901
0.9789756052240792,0.8007425657650185
0.9791863713552301,0.8018991456752379
0.9792895181292451,0.8024693935989902
0.9793926649032602,0.8030427117472239
0.9794840774281453,0.803551494695007
0.9795872242021603,0.8041266770442459
0.9796786367270454,0.8046384670096802
0.9797817835010604,0.8052179912062574
0.9799618237033257,0.8062308576399067
0.9800303006260507,0.8066160936907166
0.9802103408283162,0.8076289601243659
0.9803134876023311,0.8082100497044535
0.9804049001272163,0.8087300663838415
0.9805080469012312,0.8093187466635678
0.9807188130323821,0.8105216800203331
0.9809674341804755,0.8119416014100983
0.9809992328503094,0.8121241435486443
0.9810310315201433,0.8123066856871903
0.9812110717224086,0.8133430783868241
0.9813911119246741,0.8143794710864578
0.981601878055825,0.8155967979970928
0.9818126441869758,0.8168141249077278
0.9819618828802554,0.8176795147665967
0.9821726490114063,0.8189026499877525
0.9822411259341313,0.8193042833294171
0.9823442727081463,0.8199092635458317
0.9824356852330315,0.8204504115122239
0.9826464513641823,0.8217078033447083
0.9828572174953332,0.8229668688754266
0.9829603642693482,0.8235861991869119
0.9830635110433632,0.8242055294983972
0.9831666578173781,0.8248306611957095
0.9832698045913931,0.8254557928930218
0.983480570722544,0.826751245082442
0.9835719832474291,0.8273172573831885
0.9836633957723143,0.8278832696839351
0.9837548082971994,0.8284577002212543
0.9839040469904791,0.8293987762839263
0.9839954595153643,0.8299759501309284
0.984096410003274,0.8306197400722182
0.9841973604911838,0.8312635300135078
0.9844459816392772,0.8328554143675522
0.9846946027873706,0.8344505542309928
0.984874642989636,0.8356067411937813
0.9849660555145211,0.8361981308366708
0.9850574680394063,0.8367895204795603
0.9851606148134213,0.8374617680130317
0.9852637615874362,0.8381372970299634
0.9853669083614512,0.838812826046895
0.9854583208863363,0.8394121100645227
0.9855497334112215,0.8400167654093255
0.9856411459361066,0.8406214207541283
0.9857942327397149,0.8416363653241825
0.9859473195433232,0.8426521531274757
0.9860387320682084,0.8432605243398287
0.9862187722704737,0.8444723509820936
0.9863101847953589,0.845088256026817
0.986401597320244,0.8457041610715403
0.9864930098451292,0.8463200661162638
0.9866730500473946,0.8475394159546955
0.98685309024966,0.8487651205373083
0.9870638563808108,0.8502198975477941
0.9872438965830762,0.8514678340705633
0.9874239367853417,0.8527157705933324
0.987603976987607,0.8539637071161016
0.9878147431187579,0.8554352051948937
0.9879947833210233,0.8566960840257404
0.9881748235232887,0.857956962856587
0.9883548637255541,0.8592317437486287
0.9884462762504392,0.8598883981453671
0.9886263164527046,0.8611851249953901
0.9888063566549701,0.862481851845413
0.9889863968572354,0.8637785786954361
0.9891664370595008,0.8650753055454591
0.9893464772617663,0.866372032395482
0.9895265174640316,0.8676715694887671
0.989706557666297,0.8689711065820521
0.9899551788143904,0.8707923696083038
0.9902037999624839,0.8726165001790837
0.9903838401647493,0.8739424435345355
0.9904599709806494,0.8745077026987661
0.9907085921287428,0.8764199002365625
0.9908886323310082,0.877813056638164
0.9909647631469083,0.878404018005784
0.9910408939628084,0.8789951884054865
0.9912895151109018,0.8809415529605078
0.9915381362589952,0.8828879175155292
0.9916142670748953,0.883485072749048
0.9916903978907955,0.8840822279825669
0.9917665287066956,0.8846830960627643
0.9918426595225956,0.8852839641429617
0.992022699724861,0.8867065159847688
0.9922027399271265,0.8881290678265759
0.9922788707430266,0.8887459982646712
0.9924319575466348,0.8899950453957283
0.9925080883625349,0.8906164610799847
0.992584219178435,0.8912562501896721
0.9927940908881066,0.8930384965430636
0.9928702217040067,0.8936976675311354
0.9929463525199068,0.8943588328740514
0.9931562242295784,0.8962159395941004
0.9932323550454785,0.8969062115202817
0.9934422267551501,0.8989418681484409
0.9936520984648217,0.9010669617253364
0.9938619701744934,0.9032114515290336
0.994071841884165,0.9053906899570594
0.9942817135938365,0.9076202946896111
0.99453033474193,0.911244457016352
0.9947789558900234,0.9148893172228106
0.9950275770381168,0.9185401979150305
0.9952761981862103,0.9222556672829604
0.9955248193343038,0.9260090358263651
0.9957734404823972,0.9298158694801937
0.9960220616304907,0.9336837556719556
0.9962706827785841,0.9375516418637175
0.9965193039266775,0.9414248179294167
0.996767925074771,0.9453129299339265
0.9970165462228644,0.9492347816728395
0.9972651673709578,0.953162419282306
0.9975137885190513,0.9570929754133141
0.9977624096671447,0.961050435795748
0.9980110308152381,0.9650298909962806
0.9982596519633316,0.9691327147048864
0.998508273111425,0.9732557043991639
0.9987568942595184,0.9774304397117544
0.9990055154076118,0.9818568814958891
0.9992541365557053,0.9863372646310206
0.9995027577037987,0.9908550670695714
0.9997513788518921,0.9954007082673646
0.9999999999999856,1.0000000000000002
