DEMAND_ID,UBIGEO,DISTRITO,PROVINCIA,DEPARTAMENTO,POBLACION_CP,ES_URBANO,time_min_car,ALCANZABLE
0,120206,COMAS,CONCEPCION,JUNIN,134.95555555555555,False,70.40609449574427,True
1,160107,NAPO,MAYNAS,LORETO,371.00000000000006,False,,False
2,120303,PICHANAQUI,CHANCHAMAYO,JUNIN,1118.71875,False,60.571969467355565,True
3,120433,YAULI,JAUJA,JUNIN,108.66666666666667,False,10.91234508705475,True
4,120604,MAZAMARI,SATIPO,JUNIN,1065.8032786885246,False,26.46631356956053,True
5,120112,COLCA,HUANCAYO,JUNIN,159.0769230769231,False,78.05663409568147,True
6,120606,PANGOA,SATIPO,JUNIN,618.2346938775511,False,125.22145394278101,True
7,120306,VITOC,CHANCHAMAYO,JUNIN,96.33333333333333,False,28.451501394055075,True
8,140309,PACORA,LAMBAYEQUE,LAMBAYEQUE,429.3529411764706,False,36.59847405459023,True
9,120803,HUAY-HUAY,YAULI,JUNIN,22.333333333333332,False,48.11680212868452,True
10,160402,PEBAS,MARISCAL RAMON CASTILLA,LORETO,346.1372549019608,False,,False
11,120127,QUICHUAY,HUANCAYO,JUNIN,193.88888888888886,False,16.62811877386506,True
12,120706,PALCA,TARMA,JUNIN,223.4,False,59.6310654927146,True
13,160401,RAMON CASTILLA,MARISCAL RAMON CASTILLA,LORETO,595.7142857142858,False,,False
14,160605,SARAYACU,UCAYALI,LORETO,676.5200000000001,False,,False
15,120802,CHACAPALPA,YAULI,JUNIN,10.352941176470587,False,30.87234070422402,True
16,140115,SAÑA,CHICLAYO,LAMBAYEQUE,885.5,False,50.07020333018491,True
17,120305,SAN RAMON,CHANCHAMAYO,JUNIN,746.7567567567568,False,26.160626768224407,True
18,160603,PADRE MARQUEZ,UCAYALI,LORETO,564.3571428571429,False,,False
19,160701,BARRANCA,DATEM DEL MARAÑON,LORETO,379.5405405405405,False,,False
20,120418,MOLINOS,JAUJA,JUNIN,89.52941176470588,False,22.627353680264253,True
21,120807,SANTA BARBARA DE CARHUACAYAN,YAULI,JUNIN,24.989473684210523,False,96.45057935793186,True
22,140109,NUEVA ARICA,CHICLAYO,LAMBAYEQUE,582.75,False,68.82093490769692,True
23,120205,COCHAS,CONCEPCION,JUNIN,146.41666666666669,False,70.40609449574427,True
24,140203,INCAHUASI,FERREÑAFE,LAMBAYEQUE,302.5576923076923,False,154.22279963934523,True
25,120909,YANACANCHA,CHUPACA,JUNIN,65.68518518518518,False,,False
26,140306,MORROPE,LAMBAYEQUE,LAMBAYEQUE,1282.5675675675675,False,32.70349884135969,True
27,120201,CONCEPCION,CONCEPCION,JUNIN,2144.285714285714,False,6.2515563678995605,True
28,120302,PERENE,CHANCHAMAYO,JUNIN,902.7325581395348,False,43.51964375702199,True
29,160802,ROSA PANDURO,PUTUMAYO,LORETO,82.77777777777777,False,,False
30,120502,CARHUAMAYO,JUNIN,JUNIN,228.47058823529414,False,49.91061695560102,True
31,120703,HUARICOLCA,TARMA,JUNIN,295.5454545454545,False,33.26030787572207,True
32,140304,JAYANCA,LAMBAYEQUE,LAMBAYEQUE,601.3000000000001,False,48.42880576286647,True
33,120810,YAULI,YAULI,JUNIN,113.62222222222222,False,16.692535973141677,True
34,120303,PICHANAQUI,CHANCHAMAYO,JUNIN,1118.71875,False,14.96513235625091,True
35,140110,OYOTUN,CHICLAYO,LAMBAYEQUE,449.0454545454545,False,96.26561275981443,True
36,120433,YAULI,JAUJA,JUNIN,108.66666666666667,False,8.290679710705325,True
37,140307,MOTUPE,LAMBAYEQUE,LAMBAYEQUE,749.5833333333334,False,71.45438669110297,True
38,120809,SUITUCANCHA,YAULI,JUNIN,15.599999999999998,False,77.65886747030407,True
39,120803,HUAY-HUAY,YAULI,JUNIN,22.333333333333332,False,46.92692466545157,True
40,120708,SAN PEDRO DE CAJAS,TARMA,JUNIN,153.21621621621622,False,35.81406042208007,True
41,120405,CANCHAYLLO,JAUJA,JUNIN,118.42857142857143,False,105.19694947233806,True
42,120105,CHACAPAMPA,HUANCAYO,JUNIN,67.5,False,96.78069213116312,True
43,120108,CHONGOS ALTO,HUANCAYO,JUNIN,33.475,False,104.79350912150122,True
44,120802,CHACAPALPA,YAULI,JUNIN,10.352941176470587,False,30.87234070422402,True
45,160106,MAZAN,MAYNAS,LORETO,379.9189189189189,False,,False
46,120503,ONDORES,JUNIN,JUNIN,23.740259740259738,False,29.94514452209522,True
47,140201,FERREÑAFE,FERREÑAFE,LAMBAYEQUE,1710.4285714285716,False,22.364813395573673,True
48,120414,LLOCLLAPAMPA,JAUJA,JUNIN,125.125,False,26.924626517980297,True
49,140120,TUMAN,CHICLAYO,LAMBAYEQUE,2362.538461538462,False,22.560948181885298,True
50,120804,MARCAPOMACOCHA,YAULI,JUNIN,14.252747252747252,False,81.10145221687232,True
51,140107,LAGUNAS,CHICLAYO,LAMBAYEQUE,549.2631578947369,False,49.054735353341286,True
52,160703,MANSERICHE,DATEM DEL MARAÑON,LORETO,396.55555555555554,False,,False
53,140202,CAÑARIS,FERREÑAFE,LAMBAYEQUE,528.1071428571429,False,161.1791940944475,True
54,120503,ONDORES,JUNIN,JUNIN,23.740259740259738,False,56.70372131822157,True
55,160601,CONTAMANA,UCAYALI,LORETO,638.5909090909091,False,,False
56,120206,COMAS,CONCEPCION,JUNIN,134.95555555555555,False,61.323115959430865,True
57,120121,HUAYUCACHI,HUANCAYO,JUNIN,2166.25,False,6.2528288690836265,True
58,120601,SATIPO,SATIPO,JUNIN,650.0597014925373,False,64.12860013125638,True
59,160804,YAGUAS,PUTUMAYO,LORETO,113.8181818181818,False,,False
60,120709,TAPO,TARMA,JUNIN,404.8666666666666,False,62.58372817301481,True
61,120803,HUAY-HUAY,YAULI,JUNIN,22.333333333333332,False,34.724275734433654,True
62,160403,YAVARI,MARISCAL RAMON CASTILLA,LORETO,362.55555555555554,False,,False
63,120408,HUAMALI,JAUJA,JUNIN,452.25000000000006,False,11.073358416518563,True
64,120105,CHACAPAMPA,HUANCAYO,JUNIN,67.5,False,88.35478444966357,True
65,120805,MOROCOCHA,YAULI,JUNIN,284.1333333333333,False,19.15150881764214,True
66,160105,LAS AMAZONAS,MAYNAS,LORETO,283.59999999999997,False,,False
67,120606,PANGOA,SATIPO,JUNIN,618.2346938775511,False,7.421569075515533,True
68,120501,JUNIN,JUNIN,JUNIN,96.85714285714286,False,18.745944629574257,True
69,140306,MORROPE,LAMBAYEQUE,LAMBAYEQUE,1282.5675675675675,False,9.579628344980927,True
70,140309,PACORA,LAMBAYEQUE,LAMBAYEQUE,429.3529411764706,False,32.390045325397004,True
71,120108,CHONGOS ALTO,HUANCAYO,JUNIN,33.475,False,,False
72,120127,QUICHUAY,HUANCAYO,JUNIN,193.88888888888886,False,52.93857559736872,True
73,120134,SICAYA,HUANCAYO,JUNIN,907.3333333333333,True,9.714567295164777,True
74,160402,PEBAS,MARISCAL RAMON CASTILLA,LORETO,346.1372549019608,False,,False
75,160106,MAZAN,MAYNAS,LORETO,379.9189189189189,False,,False
76,140308,OLMOS,LAMBAYEQUE,LAMBAYEQUE,437.7578947368421,False,108.63117935388715,True
77,160506,PUINAHUA,REQUENA,LORETO,617.0,False,,False
78,160106,MAZAN,MAYNAS,LORETO,379.9189189189189,False,,False
79,120503,ONDORES,JUNIN,JUNIN,23.740259740259738,False,47.09973834232328,True
80,120806,PACCHA,YAULI,JUNIN,58.89285714285714,False,21.31381694429214,True
81,120504,ULCUMAYO,JUNIN,JUNIN,93.27419354838709,False,77.68708645249527,True
82,160108,PUNCHANA,MAYNAS,LORETO,3038.7419354838707,False,,False
83,120606,PANGOA,SATIPO,JUNIN,618.2346938775511,False,38.3049046543892,True
84,140203,INCAHUASI,FERREÑAFE,LAMBAYEQUE,302.5576923076923,False,160.96898927674124,True
85,120808,SANTA ROSA DE SACCO,YAULI,JUNIN,743.7857142857143,False,25.4859306661947,True
86,120401,JAUJA,JAUJA,JUNIN,2422.6666666666665,False,2.2233727893782516,True
87,160605,SARAYACU,UCAYALI,LORETO,676.5200000000001,False,,False
88,120431,SINCOS,JAUJA,JUNIN,307.0,False,35.97350367176547,True
89,120604,MAZAMARI,SATIPO,JUNIN,1065.8032786885246,False,21.1423951193966,True
90,160202,BALSAPUERTO,ALTO AMAZONAS,LORETO,311.0689655172414,False,,False
91,160701,BARRANCA,DATEM DEL MARAÑON,LORETO,379.5405405405405,False,,False
92,120119,HUANCAN,HUANCAYO,JUNIN,3624.0,False,6.0865087484307185,True
93,120402,ACOLLA,JAUJA,JUNIN,555.0,False,25.650225367771796,True
94,120503,ONDORES,JUNIN,JUNIN,23.740259740259738,False,55.1598206756408,True
95,160705,PASTAZA,DATEM DEL MARAÑON,LORETO,138.2127659574468,False,,False
96,120427,RICRAN,JAUJA,JUNIN,48.96874999999999,False,,False
97,160301,NAUTA,LORETO,LORETO,567.2407407407408,False,,False
98,120804,MARCAPOMACOCHA,YAULI,JUNIN,14.252747252747252,False,87.32197057245043,True
99,120108,CHONGOS ALTO,HUANCAYO,JUNIN,33.475,False,124.65495458200903,True
100,120607,RIO NEGRO,SATIPO,JUNIN,650.0,False,23.55287220310157,True
101,120431,SINCOS,JAUJA,JUNIN,307.0,False,31.62448655692876,True
102,160602,INAHUAYA,UCAYALI,LORETO,687.75,False,,False
103,160702,CAHUAPANAS,DATEM DEL MARAÑON,LORETO,278.6774193548387,False,,False
104,160501,REQUENA,REQUENA,LORETO,1107.2857142857142,False,,False
105,120128,QUILCAS,HUANCAYO,JUNIN,152.42857142857142,False,39.19624793496734,True
106,120214,SAN JOSE DE QUERO,CONCEPCION,JUNIN,254.41666666666669,False,,False
107,120303,PICHANAQUI,CHANCHAMAYO,JUNIN,1118.71875,False,72.76857116308507,True
108,120604,MAZAMARI,SATIPO,JUNIN,1065.8032786885246,False,31.420719693907426,True
109,120303,PICHANAQUI,CHANCHAMAYO,JUNIN,1118.71875,False,27.782281592314604,True
110,120606,PANGOA,SATIPO,JUNIN,618.2346938775511,False,8.174961102213445,True
111,160706,ANDOAS,DATEM DEL MARAÑON,LORETO,221.87931034482762,False,,False
112,160304,TROMPETEROS,LORETO,LORETO,533.1428571428572,False,,False
113,160601,CONTAMANA,UCAYALI,LORETO,638.5909090909091,False,,False
114,120601,SATIPO,SATIPO,JUNIN,650.0597014925373,False,4.942787533678307,True
115,120403,APATA,JAUJA,JUNIN,83.34693877551021,False,51.85340922387684,True
116,120606,PANGOA,SATIPO,JUNIN,618.2346938775511,False,140.15303286513858,True
117,160106,MAZAN,MAYNAS,LORETO,379.9189189189189,False,,False
118,120128,QUILCAS,HUANCAYO,JUNIN,152.42857142857142,False,51.99574066163288,True
119,160303,TIGRE,LORETO,LORETO,279.48387096774195,False,,False
120,120803,HUAY-HUAY,YAULI,JUNIN,22.333333333333332,False,52.59832061380949,True
121,160705,PASTAZA,DATEM DEL MARAÑON,LORETO,138.2127659574468,False,,False
122,120803,HUAY-HUAY,YAULI,JUNIN,22.333333333333332,False,50.82178836659327,True
123,120124,PARIAHUANCA,HUANCAYO,JUNIN,174.75757575757575,False,85.24601786738714,True
124,140305,MOCHUMI,LAMBAYEQUE,LAMBAYEQUE,778.68,False,16.960442908883515,True
125,120606,PANGOA,SATIPO,JUNIN,618.2346938775511,False,155.5182429482875,True
126,120206,COMAS,CONCEPCION,JUNIN,134.95555555555555,False,78.36853302785869,True
127,120604,MAZAMARI,SATIPO,JUNIN,1065.8032786885246,False,64.6682974909745,True
128,140111,PICSI,CHICLAYO,LAMBAYEQUE,1423.5714285714287,False,13.03584368798633,True
129,160511,YAQUERANA,REQUENA,LORETO,237.69230769230768,False,,False
130,120608,RIO TAMBO,SATIPO,JUNIN,729.2738095238095,False,,False
131,120433,YAULI,JAUJA,JUNIN,108.66666666666667,False,15.54150779149941,True
132,160706,ANDOAS,DATEM DEL MARAÑON,LORETO,221.87931034482762,False,,False
133,120606,PANGOA,SATIPO,JUNIN,618.2346938775511,False,9.608221329723662,True
134,160202,BALSAPUERTO,ALTO AMAZONAS,LORETO,311.0689655172414,False,64.38961033965003,True
135,160105,LAS AMAZONAS,MAYNAS,LORETO,283.59999999999997,False,,False
136,120704,HUASAHUASI,TARMA,JUNIN,296.11538461538464,False,182.70989071359344,True
137,140109,NUEVA ARICA,CHICLAYO,LAMBAYEQUE,582.75,False,75.7010915055446,True
138,120301,CHANCHAMAYO,CHANCHAMAYO,JUNIN,654.3684210526316,False,1.9660160754321103,True
139,120124,PARIAHUANCA,HUANCAYO,JUNIN,174.75757575757575,False,148.07771392365908,True
140,140203,INCAHUASI,FERREÑAFE,LAMBAYEQUE,302.5576923076923,False,90.77815463990036,True
141,120810,YAULI,YAULI,JUNIN,113.62222222222222,False,20.866585928470794,True
142,120909,YANACANCHA,CHUPACA,JUNIN,65.68518518518518,False,91.28328457874645,True
143,120303,PICHANAQUI,CHANCHAMAYO,JUNIN,1118.71875,False,44.46791689804456,True
144,140308,OLMOS,LAMBAYEQUE,LAMBAYEQUE,437.7578947368421,False,92.6723536471856,True
145,120504,ULCUMAYO,JUNIN,JUNIN,93.27419354838709,False,48.64233728575464,True
146,140206,PUEBLO NUEVO,FERREÑAFE,LAMBAYEQUE,1047.6153846153848,False,25.904219122459082,True
147,160103,FERNANDO LORES,MAYNAS,LORETO,349.93220338983053,False,,False
148,160402,PEBAS,MARISCAL RAMON CASTILLA,LORETO,346.1372549019608,False,,False
149,120501,JUNIN,JUNIN,JUNIN,96.85714285714286,False,27.622542848636883,True
150,120501,JUNIN,JUNIN,JUNIN,96.85714285714286,False,10.017044294362343,True
151,120704,HUASAHUASI,TARMA,JUNIN,296.11538461538464,False,93.31265419787348,True
152,120504,ULCUMAYO,JUNIN,JUNIN,93.27419354838709,False,90.82742103794536,True
153,120302,PERENE,CHANCHAMAYO,JUNIN,902.7325581395348,False,53.292852641609464,True
154,140203,INCAHUASI,FERREÑAFE,LAMBAYEQUE,302.5576923076923,False,152.10316385287825,True
155,120101,HUANCAYO,HUANCAYO,JUNIN,7439.062500000001,False,4.68702806490547,True
156,140117,PATAPO,CHICLAYO,LAMBAYEQUE,1343.7058823529412,False,30.700570591288393,True
157,140103,ETEN,CHICLAYO,LAMBAYEQUE,1766.5,False,18.68315337836466,True
158,160201,YURIMAGUAS,ALTO AMAZONAS,LORETO,1234.1166666666666,False,46.02062338542541,True
159,120116,HUACRAPUQUIO,HUANCAYO,JUNIN,212.33333333333334,False,13.236344245360158,True
160,120806,PACCHA,YAULI,JUNIN,58.89285714285714,True,11.143209573471653,True
161,120403,APATA,JAUJA,JUNIN,83.34693877551021,False,20.95098403751811,True
162,120406,CURICACA,JAUJA,JUNIN,164.5,False,47.027125809199056,True
163,160105,LAS AMAZONAS,MAYNAS,LORETO,283.59999999999997,False,,False
164,120117,HUALHUAS,HUANCAYO,JUNIN,1543.3333333333333,False,12.40007664658017,True
165,160705,PASTAZA,DATEM DEL MARAÑON,LORETO,138.2127659574468,False,,False
166,120608,RIO TAMBO,SATIPO,JUNIN,729.2738095238095,False,46.58091323164247,True
167,120206,COMAS,CONCEPCION,JUNIN,134.95555555555555,False,64.5365858826141,True
168,160404,SAN PABLO,MARISCAL RAMON CASTILLA,LORETO,575.0,False,,False
169,120503,ONDORES,JUNIN,JUNIN,23.740259740259738,False,58.02462961829061,True
170,120503,ONDORES,JUNIN,JUNIN,23.740259740259738,False,42.97834355275424,True
171,120809,SUITUCANCHA,YAULI,JUNIN,15.599999999999998,False,66.06740537562614,True
172,140102,CHONGOYAPE,CHICLAYO,LAMBAYEQUE,724.0400000000001,False,60.58111583885515,True
173,120702,ACOBAMBA,TARMA,JUNIN,849.125,False,14.903950990173566,True
174,120303,PICHANAQUI,CHANCHAMAYO,JUNIN,1118.71875,False,11.775723355543896,True
175,140203,INCAHUASI,FERREÑAFE,LAMBAYEQUE,302.5576923076923,False,172.02555968683197,True
176,140307,MOTUPE,LAMBAYEQUE,LAMBAYEQUE,749.5833333333334,False,45.52989454934581,True
177,140110,OYOTUN,CHICLAYO,LAMBAYEQUE,449.0454545454545,False,93.0196379009476,True
178,120133,SAPALLANGA,HUANCAYO,JUNIN,858.6,False,13.42150962341813,True
179,120301,CHANCHAMAYO,CHANCHAMAYO,JUNIN,654.3684210526316,False,39.44778931227229,True
180,160305,URARINAS,LORETO,LORETO,293.6538461538462,False,,False
181,120802,CHACAPALPA,YAULI,JUNIN,10.352941176470587,False,39.16465013878331,True
182,160305,URARINAS,LORETO,LORETO,293.6538461538462,False,,False
183,120112,COLCA,HUANCAYO,JUNIN,159.0769230769231,False,36.578986424247674,True
184,140110,OYOTUN,CHICLAYO,LAMBAYEQUE,449.0454545454545,False,94.0391583218047,True
185,140304,JAYANCA,LAMBAYEQUE,LAMBAYEQUE,601.3000000000001,False,73.08750361419895,True
186,120501,JUNIN,JUNIN,JUNIN,96.85714285714286,False,3.3681691698200695,True
187,140106,LA VICTORIA,CHICLAYO,LAMBAYEQUE,6204.599999999999,False,3.478529023864785,True
188,120804,MARCAPOMACOCHA,YAULI,JUNIN,14.252747252747252,False,89.81410118239974,True
189,160105,LAS AMAZONAS,MAYNAS,LORETO,283.59999999999997,False,,False
190,120608,RIO TAMBO,SATIPO,JUNIN,729.2738095238095,False,523.8215702288026,True
191,160104,INDIANA,MAYNAS,LORETO,363.64516129032256,False,,False
192,120807,SANTA BARBARA DE CARHUACAYAN,YAULI,JUNIN,24.989473684210523,False,86.62026919951069,True
193,160601,CONTAMANA,UCAYALI,LORETO,638.5909090909091,False,,False
194,120601,SATIPO,SATIPO,JUNIN,650.0597014925373,False,1.533136906417252,True
195,120807,SANTA BARBARA DE CARHUACAYAN,YAULI,JUNIN,24.989473684210523,False,87.45847529978042,True
196,120302,PERENE,CHANCHAMAYO,JUNIN,902.7325581395348,False,53.383687970367355,True
197,120909,YANACANCHA,CHUPACA,JUNIN,65.68518518518518,False,97.5131462346652,True
198,140111,PICSI,CHICLAYO,LAMBAYEQUE,1423.5714285714287,False,14.025541685719379,True
199,120608,RIO TAMBO,SATIPO,JUNIN,729.2738095238095,False,,False
200,120207,HEROINAS TOLEDO,CONCEPCION,JUNIN,119.30000000000001,False,15.611567772090464,True
201,120402,ACOLLA,JAUJA,JUNIN,555.0,False,8.936571401412788,True
202,140203,INCAHUASI,FERREÑAFE,LAMBAYEQUE,302.5576923076923,False,156.15650175317745,True
203,140308,OLMOS,LAMBAYEQUE,LAMBAYEQUE,437.7578947368421,False,154.8846230016563,True
204,140307,MOTUPE,LAMBAYEQUE,LAMBAYEQUE,749.5833333333334,False,75.14543162346632,True
205,120502,CARHUAMAYO,JUNIN,JUNIN,228.47058823529414,False,46.920555709069546,True
206,160701,BARRANCA,DATEM DEL MARAÑON,LORETO,379.5405405405405,False,,False
207,160703,MANSERICHE,DATEM DEL MARAÑON,LORETO,396.55555555555554,False,,False
208,160205,JEBEROS,ALTO AMAZONAS,LORETO,272.65000000000003,False,,False
209,120606,PANGOA,SATIPO,JUNIN,618.2346938775511,False,11.003453460839923,True
210,120606,PANGOA,SATIPO,JUNIN,618.2346938775511,False,7.793659530289413,True
211,160201,YURIMAGUAS,ALTO AMAZONAS,LORETO,1234.1166666666666,False,27.755660355890942,True
212,160702,CAHUAPANAS,DATEM DEL MARAÑON,LORETO,278.6774193548387,False,,False
213,120803,HUAY-HUAY,YAULI,JUNIN,22.333333333333332,False,49.5576414857473,True
214,160501,REQUENA,REQUENA,LORETO,1107.2857142857142,False,,False
215,160509,TAPICHE,REQUENA,LORETO,207.5,False,,False
216,120305,SAN RAMON,CHANCHAMAYO,JUNIN,746.7567567567568,False,5.917147623277254,True
217,120106,CHICCHE,HUANCAYO,JUNIN,112.625,False,49.801679924017634,True
218,140108,MONSEFU,CHICLAYO,LAMBAYEQUE,1404.9565217391305,False,10.672142767931105,True
219,160404,SAN PABLO,MARISCAL RAMON CASTILLA,LORETO,575.0,False,,False
220,120214,SAN JOSE DE QUERO,CONCEPCION,JUNIN,254.41666666666669,False,62.71663453026267,True
221,140307,MOTUPE,LAMBAYEQUE,LAMBAYEQUE,749.5833333333334,False,71.45438669110297,True
222,120807,SANTA BARBARA DE CARHUACAYAN,YAULI,JUNIN,24.989473684210523,False,70.17583185871278,True
223,120403,APATA,JAUJA,JUNIN,83.34693877551021,False,34.214786826870366,True
224,120801,LA OROYA,YAULI,JUNIN,349.3611111111111,False,1.0763341997317277,True
225,160201,YURIMAGUAS,ALTO AMAZONAS,LORETO,1234.1166666666666,False,35.443968452611216,True
226,160113,SAN JUAN BAUTISTA,MAYNAS,LORETO,3236.38,False,46.349202129018664,True
227,140102,CHONGOYAPE,CHICLAYO,LAMBAYEQUE,724.0400000000001,False,50.0840802761359,True
228,120134,SICAYA,HUANCAYO,JUNIN,907.3333333333333,False,10.925713230757541,True
229,120602,COVIRIALI,SATIPO,JUNIN,372.4705882352941,False,16.1254923980974,True
230,120805,MOROCOCHA,YAULI,JUNIN,284.1333333333333,False,24.89952135781038,True
231,160201,YURIMAGUAS,ALTO AMAZONAS,LORETO,1234.1166666666666,False,38.825414346908744,True
232,140118,POMALCA,CHICLAYO,LAMBAYEQUE,2870.1111111111113,False,8.140247257691204,True
233,120504,ULCUMAYO,JUNIN,JUNIN,93.27419354838709,False,55.03400943749063,True
234,120127,QUICHUAY,HUANCAYO,JUNIN,193.88888888888886,False,33.985271387409355,True
235,160603,PADRE MARQUEZ,UCAYALI,LORETO,564.3571428571429,False,,False
236,120302,PERENE,CHANCHAMAYO,JUNIN,902.7325581395348,False,33.86063672015329,True
237,160305,URARINAS,LORETO,LORETO,293.6538461538462,False,,False
238,120804,MARCAPOMACOCHA,YAULI,JUNIN,14.252747252747252,False,109.44217802903218,True
239,140308,OLMOS,LAMBAYEQUE,LAMBAYEQUE,437.7578947368421,False,119.38641257442974,True
240,120807,SANTA BARBARA DE CARHUACAYAN,YAULI,JUNIN,24.989473684210523,False,92.79702937579928,True
241,140306,MORROPE,LAMBAYEQUE,LAMBAYEQUE,1282.5675675675675,False,23.004757569093492,True
242,140301,LAMBAYEQUE,LAMBAYEQUE,LAMBAYEQUE,2049.0769230769233,False,2.907498751985883,True
243,140101,CHICLAYO,CHICLAYO,LAMBAYEQUE,8778.44117647059,False,2.5297677341729345,True
244,120704,HUASAHUASI,TARMA,JUNIN,296.11538461538464,False,59.246026126683645,True
245,160201,YURIMAGUAS,ALTO AMAZONAS,LORETO,1234.1166666666666,False,1.9613794640488849,True
246,120803,HUAY-HUAY,YAULI,JUNIN,22.333333333333332,False,39.78953768376691,True
247,160705,PASTAZA,DATEM DEL MARAÑON,LORETO,138.2127659574468,False,,False
248,160106,MAZAN,MAYNAS,LORETO,379.9189189189189,False,,False
249,160101,IQUITOS,MAYNAS,LORETO,10790.857142857143,False,0.5447310773180677,True
250,140112,PIMENTEL,CHICLAYO,LAMBAYEQUE,1706.4814814814818,False,5.057213574052825,True
251,120422,PACA,JAUJA,JUNIN,247.0,False,23.413485208814397,True
252,120606,PANGOA,SATIPO,JUNIN,618.2346938775511,False,163.51855379162163,True
253,120302,PERENE,CHANCHAMAYO,JUNIN,902.7325581395348,False,37.99180055181554,True
254,120304,SAN LUIS DE SHUARO,CHANCHAMAYO,JUNIN,435.0,False,29.257379081499,True
255,120606,PANGOA,SATIPO,JUNIN,618.2346938775511,False,45.13731975944274,True
256,120501,JUNIN,JUNIN,JUNIN,96.85714285714286,False,25.407870950194713,True
257,120807,SANTA BARBARA DE CARHUACAYAN,YAULI,JUNIN,24.989473684210523,False,103.12731245351428,True
258,160113,SAN JUAN BAUTISTA,MAYNAS,LORETO,3236.38,False,31.502234253669,True
259,120501,JUNIN,JUNIN,JUNIN,96.85714285714286,False,18.80087010384613,True
260,120804,MARCAPOMACOCHA,YAULI,JUNIN,14.252747252747252,False,56.5518411781955,True
261,160104,INDIANA,MAYNAS,LORETO,363.64516129032256,False,,False
262,160201,YURIMAGUAS,ALTO AMAZONAS,LORETO,1234.1166666666666,False,,False
263,120601,SATIPO,SATIPO,JUNIN,650.0597014925373,False,8.493977792073178,True
264,160305,URARINAS,LORETO,LORETO,293.6538461538462,False,,False
265,140110,OYOTUN,CHICLAYO,LAMBAYEQUE,449.0454545454545,False,79.09483689587793,True
266,160501,REQUENA,REQUENA,LORETO,1107.2857142857142,False,,False
267,120807,SANTA BARBARA DE CARHUACAYAN,YAULI,JUNIN,24.989473684210523,False,93.81187946207784,True
268,120707,PALCAMAYO,TARMA,JUNIN,382.92,False,28.7446812256908,True
269,120116,HUACRAPUQUIO,HUANCAYO,JUNIN,212.33333333333334,True,12.274118920591556,True
270,120303,PICHANAQUI,CHANCHAMAYO,JUNIN,1118.71875,False,32.849169802678105,True
271,140301,LAMBAYEQUE,LAMBAYEQUE,LAMBAYEQUE,2049.0769230769233,False,2.737474250467153,True
272,160201,YURIMAGUAS,ALTO AMAZONAS,LORETO,1234.1166666666666,False,18.185292650399717,True
273,120101,HUANCAYO,HUANCAYO,JUNIN,7439.062500000001,False,2.8244642114225997,True
274,120607,RIO NEGRO,SATIPO,JUNIN,650.0,False,40.591047388122185,True
275,160601,CONTAMANA,UCAYALI,LORETO,638.5909090909091,False,,False
276,140108,MONSEFU,CHICLAYO,LAMBAYEQUE,1404.9565217391305,False,9.842047606392448,True
277,160108,PUNCHANA,MAYNAS,LORETO,3038.7419354838707,False,,False
278,160106,MAZAN,MAYNAS,LORETO,379.9189189189189,False,,False
279,160503,CAPELO,REQUENA,LORETO,507.1111111111111,False,,False
280,120411,JANJAILLO,JAUJA,JUNIN,68.1,False,31.912105483646126,True
281,160106,MAZAN,MAYNAS,LORETO,379.9189189189189,False,,False
282,160108,PUNCHANA,MAYNAS,LORETO,3038.7419354838707,False,39.28009942853282,True
283,120805,MOROCOCHA,YAULI,JUNIN,284.1333333333333,False,18.206256466947032,True
284,160103,FERNANDO LORES,MAYNAS,LORETO,349.93220338983053,False,,False
285,160601,CONTAMANA,UCAYALI,LORETO,638.5909090909091,False,,False
286,160504,EMILIO SAN MARTIN,REQUENA,LORETO,424.2777777777778,False,,False
287,140202,CAÑARIS,FERREÑAFE,LAMBAYEQUE,528.1071428571429,False,,False
288,120707,PALCAMAYO,TARMA,JUNIN,382.92,False,40.64435068924031,True
289,160102,ALTO NANAY,MAYNAS,LORETO,102.13333333333334,False,,False
290,120806,PACCHA,YAULI,JUNIN,58.89285714285714,False,49.31212749866555,True
291,140116,CAYALTI,CHICLAYO,LAMBAYEQUE,1224.2307692307693,False,50.12975294578467,True
292,120503,ONDORES,JUNIN,JUNIN,23.740259740259738,False,25.630699785265094,True
293,120802,CHACAPALPA,YAULI,JUNIN,10.352941176470587,False,30.87234070422402,True
294,160103,FERNANDO LORES,MAYNAS,LORETO,349.93220338983053,False,,False
295,120405,CANCHAYLLO,JAUJA,JUNIN,118.42857142857143,False,73.45015334974008,True
296,120701,TARMA,TARMA,JUNIN,941.4285714285714,False,2.0072591893892158,True
297,120214,SAN JOSE DE QUERO,CONCEPCION,JUNIN,254.41666666666669,False,39.18091537883453,True
298,120605,PAMPA HERMOSA,SATIPO,JUNIN,454.125,False,41.2575416600384,True
299,160706,ANDOAS,DATEM DEL MARAÑON,LORETO,221.87931034482762,False,,False
300,120114,EL TAMBO,HUANCAYO,JUNIN,6923.458333333333,False,4.7048369938703365,True
301,160706,ANDOAS,DATEM DEL MARAÑON,LORETO,221.87931034482762,False,,False
302,120810,YAULI,YAULI,JUNIN,113.62222222222222,False,49.19603086952533,True
303,120702,ACOBAMBA,TARMA,JUNIN,849.125,False,12.39081718819896,True
304,120607,RIO NEGRO,SATIPO,JUNIN,650.0,False,48.6429034714673,True
305,120807,SANTA BARBARA DE CARHUACAYAN,YAULI,JUNIN,24.989473684210523,False,110.85415281886657,True
306,160606,VARGAS GUERRA,UCAYALI,LORETO,829.5454545454545,False,,False
307,120501,JUNIN,JUNIN,JUNIN,96.85714285714286,False,22.749172705414182,True
308,120133,SAPALLANGA,HUANCAYO,JUNIN,858.6,False,11.424975421877257,True
309,160510,JENARO HERRERA,REQUENA,LORETO,822.0,False,,False
310,140307,MOTUPE,LAMBAYEQUE,LAMBAYEQUE,749.5833333333334,False,75.12746252925669,True
311,120609,VIZCATAN DEL ENE,SATIPO,JUNIN,223.3125,False,212.72249644869555,True
312,120212,NUEVE DE JULIO,CONCEPCION,JUNIN,742.5,False,8.216993753405761,True
313,160210,SANTA CRUZ,ALTO AMAZONAS,LORETO,188.95833333333334,False,,False
314,140306,MORROPE,LAMBAYEQUE,LAMBAYEQUE,1282.5675675675675,False,21.973352232317787,True
315,120608,RIO TAMBO,SATIPO,JUNIN,729.2738095238095,False,472.7930480868468,True
316,140114,SANTA ROSA,CHICLAYO,LAMBAYEQUE,4343.333333333333,False,16.90884147382883,True
317,160302,PARINARI,LORETO,LORETO,666.4545454545455,False,,False
318,140201,FERREÑAFE,FERREÑAFE,LAMBAYEQUE,1710.4285714285716,False,21.2562505995157,True
319,120603,LLAYLLA,SATIPO,JUNIN,401.0625,False,33.90932106434241,True
320,140310,SALAS,LAMBAYEQUE,LAMBAYEQUE,200.86153846153846,False,135.36773807789717,True
321,120607,RIO NEGRO,SATIPO,JUNIN,650.0,False,10.750403002769414,True
322,160106,MAZAN,MAYNAS,LORETO,379.9189189189189,False,,False
323,120501,JUNIN,JUNIN,JUNIN,96.85714285714286,False,9.480880755522337,True
324,120903,CHONGOS BAJO,CHUPACA,JUNIN,190.76190476190476,False,23.218036855649512,True
325,120302,PERENE,CHANCHAMAYO,JUNIN,902.7325581395348,False,19.642458276380342,True
326,120503,ONDORES,JUNIN,JUNIN,23.740259740259738,False,41.69742876594989,True
327,160106,MAZAN,MAYNAS,LORETO,379.9189189189189,False,,False
328,120607,RIO NEGRO,SATIPO,JUNIN,650.0,False,47.77185940768111,True
329,120501,JUNIN,JUNIN,JUNIN,96.85714285714286,False,54.334226955721554,True
330,120802,CHACAPALPA,YAULI,JUNIN,10.352941176470587,False,24.17396039819563,True
331,160507,SAQUENA,REQUENA,LORETO,558.3333333333333,False,,False
332,160107,NAPO,MAYNAS,LORETO,371.00000000000006,False,,False
333,160601,CONTAMANA,UCAYALI,LORETO,638.5909090909091,False,,False
334,140311,SAN JOSE,LAMBAYEQUE,LAMBAYEQUE,2106.375,False,11.304094820006464,True
335,120302,PERENE,CHANCHAMAYO,JUNIN,902.7325581395348,False,27.48134350953349,True
336,160103,FERNANDO LORES,MAYNAS,LORETO,349.93220338983053,False,,False
337,120909,YANACANCHA,CHUPACA,JUNIN,65.68518518518518,False,97.5131462346652,True
338,120606,PANGOA,SATIPO,JUNIN,618.2346938775511,False,35.19267353083916,True
339,120302,PERENE,CHANCHAMAYO,JUNIN,902.7325581395348,False,48.33933552189914,True
340,120502,CARHUAMAYO,JUNIN,JUNIN,228.47058823529414,False,45.286969184655675,True
341,120303,PICHANAQUI,CHANCHAMAYO,JUNIN,1118.71875,False,32.93250659522654,True
342,160803,TENIENTE MANUEL CLAVERO,PUTUMAYO,LORETO,237.04000000000002,False,,False
343,120803,HUAY-HUAY,YAULI,JUNIN,22.333333333333332,False,55.16376647416768,True
344,120416,MASMA,JAUJA,JUNIN,344.16666666666663,False,12.002877182846596,True
345,120604,MAZAMARI,SATIPO,JUNIN,1065.8032786885246,False,,False
346,160501,REQUENA,REQUENA,LORETO,1107.2857142857142,False,,False
347,120704,HUASAHUASI,TARMA,JUNIN,296.11538461538464,False,42.99858913029814,True
348,120428,SAN LORENZO,JAUJA,JUNIN,278.77777777777777,False,15.097094291420568,True
349,120504,ULCUMAYO,JUNIN,JUNIN,93.27419354838709,False,84.06972321103554,True
350,120206,COMAS,CONCEPCION,JUNIN,134.95555555555555,False,80.98469622846777,True
351,160106,MAZAN,MAYNAS,LORETO,379.9189189189189,False,,False
352,160206,LAGUNAS,ALTO AMAZONAS,LORETO,520.8571428571429,False,,False
353,120306,VITOC,CHANCHAMAYO,JUNIN,96.33333333333333,False,26.201640563260348,True
354,140308,OLMOS,LAMBAYEQUE,LAMBAYEQUE,437.7578947368421,False,97.5523216787393,True
355,120134,SICAYA,HUANCAYO,JUNIN,907.3333333333333,False,17.08473422890574,True
356,160508,SOPLIN,REQUENA,LORETO,117.83333333333333,False,,False
357,120128,QUILCAS,HUANCAYO,JUNIN,152.42857142857142,False,33.394190609976185,True
358,140306,MORROPE,LAMBAYEQUE,LAMBAYEQUE,1282.5675675675675,False,29.418092400792187,True
359,120203,ANDAMARCA,CONCEPCION,JUNIN,206.1818181818182,False,142.45536130377045,True
360,140101,CHICLAYO,CHICLAYO,LAMBAYEQUE,8778.44117647059,False,1.67998474847625,True
361,120708,SAN PEDRO DE CAJAS,TARMA,JUNIN,153.21621621621622,False,68.88069104101115,True
362,120601,SATIPO,SATIPO,JUNIN,650.0597014925373,False,48.89142422687233,True
363,120111,CHUPURO,HUANCAYO,JUNIN,194.66666666666666,False,14.024791970860962,True
364,120606,PANGOA,SATIPO,JUNIN,618.2346938775511,False,,False
365,120806,PACCHA,YAULI,JUNIN,58.89285714285714,False,39.60710688222548,True
366,140106,LA VICTORIA,CHICLAYO,LAMBAYEQUE,6204.599999999999,False,3.9657046626781103,True
367,140203,INCAHUASI,FERREÑAFE,LAMBAYEQUE,302.5576923076923,False,124.93253845052075,True
368,120105,CHACAPAMPA,HUANCAYO,JUNIN,67.5,False,63.284306162075566,True
369,120704,HUASAHUASI,TARMA,JUNIN,296.11538461538464,False,31.16741706362328,True
370,160201,YURIMAGUAS,ALTO AMAZONAS,LORETO,1234.1166666666666,False,14.860151074255526,True
371,160105,LAS AMAZONAS,MAYNAS,LORETO,283.59999999999997,False,,False
372,160201,YURIMAGUAS,ALTO AMAZONAS,LORETO,1234.1166666666666,False,28.07686408016972,True
373,160403,YAVARI,MARISCAL RAMON CASTILLA,LORETO,362.55555555555554,False,,False
374,160210,SANTA CRUZ,ALTO AMAZONAS,LORETO,188.95833333333334,False,,False
375,140310,SALAS,LAMBAYEQUE,LAMBAYEQUE,200.86153846153846,False,118.63449639126969,True
376,140305,MOCHUMI,LAMBAYEQUE,LAMBAYEQUE,778.68,False,26.238420070803834,True
377,120608,RIO TAMBO,SATIPO,JUNIN,729.2738095238095,False,54.449410688061775,True
378,120806,PACCHA,YAULI,JUNIN,58.89285714285714,False,47.32880737673358,True
379,120128,QUILCAS,HUANCAYO,JUNIN,152.42857142857142,False,31.09722229145616,True
380,160605,SARAYACU,UCAYALI,LORETO,676.5200000000001,False,,False
381,140312,TUCUME,LAMBAYEQUE,LAMBAYEQUE,1108.952380952381,False,33.05660809894012,True
382,140202,CAÑARIS,FERREÑAFE,LAMBAYEQUE,528.1071428571429,False,198.58630549763663,True
383,160402,PEBAS,MARISCAL RAMON CASTILLA,LORETO,346.1372549019608,False,,False
384,120810,YAULI,YAULI,JUNIN,113.62222222222222,False,36.581539017422735,True
385,120403,APATA,JAUJA,JUNIN,83.34693877551021,False,56.00595082615273,True
386,120707,PALCAMAYO,TARMA,JUNIN,382.92,False,45.57483072149506,True
387,160301,NAUTA,LORETO,LORETO,567.2407407407408,False,,False
388,160604,PAMPA HERMOSA,UCAYALI,LORETO,615.6111111111111,False,,False
389,120135,SANTO DOMINGO DE ACOBAMBA,HUANCAYO,JUNIN,268.1379310344828,False,180.0354829183035,True
390,120809,SUITUCANCHA,YAULI,JUNIN,15.599999999999998,False,55.16376647416768,True
391,120602,COVIRIALI,SATIPO,JUNIN,372.4705882352941,False,30.649303253069107,True
392,120704,HUASAHUASI,TARMA,JUNIN,296.11538461538464,False,67.01110115410768,True
393,140101,CHICLAYO,CHICLAYO,LAMBAYEQUE,8778.44117647059,False,2.4549183695814856,True
394,140301,LAMBAYEQUE,LAMBAYEQUE,LAMBAYEQUE,2049.0769230769233,False,19.623328404586694,True
395,120108,CHONGOS ALTO,HUANCAYO,JUNIN,33.475,False,117.66641282825684,True
396,120708,SAN PEDRO DE CAJAS,TARMA,JUNIN,153.21621621621622,False,41.05205006712399,True
397,160402,PEBAS,MARISCAL RAMON CASTILLA,LORETO,346.1372549019608,False,,False
398,160505,MAQUIA,REQUENA,LORETO,340.32000000000005,False,,False
399,140301,LAMBAYEQUE,LAMBAYEQUE,LAMBAYEQUE,2049.0769230769233,False,2.1695005241309206,True
400,160102,ALTO NANAY,MAYNAS,LORETO,102.13333333333334,False,,False
401,140206,PUEBLO NUEVO,FERREÑAFE,LAMBAYEQUE,1047.6153846153848,False,19.944797383661047,True
402,120306,VITOC,CHANCHAMAYO,JUNIN,96.33333333333333,False,23.276850443692858,True
403,120607,RIO NEGRO,SATIPO,JUNIN,650.0,False,4.05997070639712,True
404,120810,YAULI,YAULI,JUNIN,113.62222222222222,False,36.734700054596146,True
405,140312,TUCUME,LAMBAYEQUE,LAMBAYEQUE,1108.952380952381,False,21.675097746848156,True
406,160104,INDIANA,MAYNAS,LORETO,363.64516129032256,False,,False
407,160601,CONTAMANA,UCAYALI,LORETO,638.5909090909091,False,,False
408,140201,FERREÑAFE,FERREÑAFE,LAMBAYEQUE,1710.4285714285716,False,19.17018932346224,True
409,140308,OLMOS,LAMBAYEQUE,LAMBAYEQUE,437.7578947368421,False,105.53846505993894,True
410,120206,COMAS,CONCEPCION,JUNIN,134.95555555555555,False,66.3174275151427,True
411,120706,PALCA,TARMA,JUNIN,223.4,False,55.473061745835075,True
412,160301,NAUTA,LORETO,LORETO,567.2407407407408,False,,False
413,140301,LAMBAYEQUE,LAMBAYEQUE,LAMBAYEQUE,2049.0769230769233,False,2.7489623503370653,True
414,120602,COVIRIALI,SATIPO,JUNIN,372.4705882352941,False,34.78337071740518,True
415,140304,JAYANCA,LAMBAYEQUE,LAMBAYEQUE,601.3000000000001,False,33.593916039693326,True
416,120206,COMAS,CONCEPCION,JUNIN,134.95555555555555,False,68.40888772549535,True
417,120421,MUQUIYAUYO,JAUJA,JUNIN,736.6666666666666,False,21.667534449348132,True
418,120112,COLCA,HUANCAYO,JUNIN,159.0769230769231,False,,False
419,160704,MORONA,DATEM DEL MARAÑON,LORETO,324.0238095238095,False,,False
420,120902,AHUAC,CHUPACA,JUNIN,423.7142857142857,False,27.529959851764197,True
421,120802,CHACAPALPA,YAULI,JUNIN,10.352941176470587,False,39.16465013878331,True
422,160301,NAUTA,LORETO,LORETO,567.2407407407408,False,,False
423,160210,SANTA CRUZ,ALTO AMAZONAS,LORETO,188.95833333333334,False,,False
424,160104,INDIANA,MAYNAS,LORETO,363.64516129032256,False,,False
425,160303,TIGRE,LORETO,LORETO,279.48387096774195,False,,False
426,120810,YAULI,YAULI,JUNIN,113.62222222222222,False,36.581539017422735,True
427,120808,SANTA ROSA DE SACCO,YAULI,JUNIN,743.7857142857143,False,25.4859306661947,True
428,120302,PERENE,CHANCHAMAYO,JUNIN,902.7325581395348,False,50.04103406585486,True
429,120603,LLAYLLA,SATIPO,JUNIN,401.0625,False,52.235328225861444,True
430,120213,ORCOTUNA,CONCEPCION,JUNIN,1389.3333333333333,False,25.757671963215294,True
431,160110,TORRES CAUSANA,MAYNAS,LORETO,327.375,False,,False
432,160705,PASTAZA,DATEM DEL MARAÑON,LORETO,138.2127659574468,False,,False
433,160404,SAN PABLO,MARISCAL RAMON CASTILLA,LORETO,575.0,False,,False
434,120215,SANTA ROSA DE OCOPA,CONCEPCION,JUNIN,507.49999999999994,False,8.0836529261512,True
435,140203,INCAHUASI,FERREÑAFE,LAMBAYEQUE,302.5576923076923,False,187.635345900685,True
436,120501,JUNIN,JUNIN,JUNIN,96.85714285714286,False,13.814791752307679,True
437,120214,SAN JOSE DE QUERO,CONCEPCION,JUNIN,254.41666666666669,False,41.30604329261764,True
438,140309,PACORA,LAMBAYEQUE,LAMBAYEQUE,429.3529411764706,False,34.688943220028285,True
439,160201,YURIMAGUAS,ALTO AMAZONAS,LORETO,1234.1166666666666,False,,False
440,120124,PARIAHUANCA,HUANCAYO,JUNIN,174.75757575757575,False,124.30928088939305,True
441,140117,PATAPO,CHICLAYO,LAMBAYEQUE,1343.7058823529412,False,25.423620717178956,True
442,120909,YANACANCHA,CHUPACA,JUNIN,65.68518518518518,False,,False
443,120108,CHONGOS ALTO,HUANCAYO,JUNIN,33.475,False,64.35740284098237,True
444,160601,CONTAMANA,UCAYALI,LORETO,638.5909090909091,False,39.730193219949825,True
445,120704,HUASAHUASI,TARMA,JUNIN,296.11538461538464,False,82.82541820321819,True
446,120606,PANGOA,SATIPO,JUNIN,618.2346938775511,False,64.01740450409152,True
447,120807,SANTA BARBARA DE CARHUACAYAN,YAULI,JUNIN,24.989473684210523,False,122.2388080904141,True
448,120807,SANTA BARBARA DE CARHUACAYAN,YAULI,JUNIN,24.989473684210523,False,92.31975882800442,True
449,160304,TROMPETEROS,LORETO,LORETO,533.1428571428572,False,,False
450,120126,PUCARA,HUANCAYO,JUNIN,455.27272727272725,False,20.152955846181968,True
451,120111,CHUPURO,HUANCAYO,JUNIN,194.66666666666666,False,31.117985737031216,True
452,160801,PUTUMAYO,PUTUMAYO,LORETO,241.16666666666666,False,,False
453,160105,LAS AMAZONAS,MAYNAS,LORETO,283.59999999999997,False,,False
454,120403,APATA,JAUJA,JUNIN,83.34693877551021,False,56.00595082615273,True
455,160402,PEBAS,MARISCAL RAMON CASTILLA,LORETO,346.1372549019608,False,,False
456,160801,PUTUMAYO,PUTUMAYO,LORETO,241.16666666666666,False,,False
457,120214,SAN JOSE DE QUERO,CONCEPCION,JUNIN,254.41666666666669,False,49.514247562871766,True
458,140203,INCAHUASI,FERREÑAFE,LAMBAYEQUE,302.5576923076923,False,152.10316385287825,True
459,140305,MOCHUMI,LAMBAYEQUE,LAMBAYEQUE,778.68,False,28.935794441203026,True
460,160105,LAS AMAZONAS,MAYNAS,LORETO,283.59999999999997,False,,False
461,120603,LLAYLLA,SATIPO,JUNIN,401.0625,False,35.38812586442696,True
462,120503,ONDORES,JUNIN,JUNIN,23.740259740259738,False,59.59596687452616,True
463,120606,PANGOA,SATIPO,JUNIN,618.2346938775511,False,92.99899794026673,True
464,160403,YAVARI,MARISCAL RAMON CASTILLA,LORETO,362.55555555555554,False,,False
465,120909,YANACANCHA,CHUPACA,JUNIN,65.68518518518518,False,112.63364703904385,True
466,120703,HUARICOLCA,TARMA,JUNIN,295.5454545454545,False,35.342656183938544,True
467,140101,CHICLAYO,CHICLAYO,LAMBAYEQUE,8778.44117647059,False,9.234151910963941,True
468,160305,URARINAS,LORETO,LORETO,293.6538461538462,False,,False
469,160605,SARAYACU,UCAYALI,LORETO,676.5200000000001,False,,False
470,120602,COVIRIALI,SATIPO,JUNIN,372.4705882352941,False,19.930629826498304,True
471,160503,CAPELO,REQUENA,LORETO,507.1111111111111,False,,False
472,160113,SAN JUAN BAUTISTA,MAYNAS,LORETO,3236.38,False,16.655316719039572,True
473,120606,PANGOA,SATIPO,JUNIN,618.2346938775511,False,55.42083294279921,True
474,160603,PADRE MARQUEZ,UCAYALI,LORETO,564.3571428571429,False,,False
475,160104,INDIANA,MAYNAS,LORETO,363.64516129032256,False,,False
476,140205,PITIPO,FERREÑAFE,LAMBAYEQUE,691.8285714285714,False,35.42210408985349,True
477,120303,PICHANAQUI,CHANCHAMAYO,JUNIN,1118.71875,False,34.00478303984876,True
478,120804,MARCAPOMACOCHA,YAULI,JUNIN,14.252747252747252,False,86.15047633967708,True
479,120802,CHACAPALPA,YAULI,JUNIN,10.352941176470587,False,30.87234070422402,True
480,120807,SANTA BARBARA DE CARHUACAYAN,YAULI,JUNIN,24.989473684210523,False,75.84660658012393,True
481,120126,PUCARA,HUANCAYO,JUNIN,455.27272727272725,False,40.85894799034075,True
482,120801,LA OROYA,YAULI,JUNIN,349.3611111111111,False,7.099959709920984,True
483,120802,CHACAPALPA,YAULI,JUNIN,10.352941176470587,False,88.28895810359958,True
484,160104,INDIANA,MAYNAS,LORETO,363.64516129032256,False,,False
485,120608,RIO TAMBO,SATIPO,JUNIN,729.2738095238095,False,445.71978523482625,True
486,120701,TARMA,TARMA,JUNIN,941.4285714285714,False,31.283980680963037,True
487,120427,RICRAN,JAUJA,JUNIN,48.96874999999999,False,21.06047179246648,True
488,120107,CHILCA,HUANCAYO,JUNIN,9777.0,False,5.171552163475765,True
489,120431,SINCOS,JAUJA,JUNIN,307.0,False,30.138750596969775,True
490,120125,PILCOMAYO,HUANCAYO,JUNIN,8531.0,False,6.9136955345473154,True
491,120303,PICHANAQUI,CHANCHAMAYO,JUNIN,1118.71875,False,26.112348750949078,True
492,120203,ANDAMARCA,CONCEPCION,JUNIN,206.1818181818182,False,134.16091130974831,True
493,120603,LLAYLLA,SATIPO,JUNIN,401.0625,False,35.69387969585202,True
494,120301,CHANCHAMAYO,CHANCHAMAYO,JUNIN,654.3684210526316,False,23.820287621515874,True
495,120401,JAUJA,JAUJA,JUNIN,2422.6666666666665,False,2.8199250999437147,True
496,120804,MARCAPOMACOCHA,YAULI,JUNIN,14.252747252747252,False,112.85416537373406,True
497,120412,JULCAN,JAUJA,JUNIN,111.83333333333333,False,13.215627227084305,True
498,140310,SALAS,LAMBAYEQUE,LAMBAYEQUE,200.86153846153846,False,58.10877490233074,True
499,120204,CHAMBARA,CONCEPCION,JUNIN,320.2222222222222,False,21.136803392833258,True
500,120503,ONDORES,JUNIN,JUNIN,23.740259740259738,False,41.69742876594989,True
501,120426,POMACANCHA,JAUJA,JUNIN,131.66666666666669,False,46.01174354120518,True
502,160107,NAPO,MAYNAS,LORETO,371.00000000000006,False,,False
503,160702,CAHUAPANAS,DATEM DEL MARAÑON,LORETO,278.6774193548387,False,,False
504,120114,EL TAMBO,HUANCAYO,JUNIN,6923.458333333333,False,1.7245444374202976,True
505,160304,TROMPETEROS,LORETO,LORETO,533.1428571428572,False,,False
506,160305,URARINAS,LORETO,LORETO,293.6538461538462,False,,False
507,120107,CHILCA,HUANCAYO,JUNIN,9777.0,False,3.5608279326234076,True
508,120302,PERENE,CHANCHAMAYO,JUNIN,902.7325581395348,False,57.270893765301246,True
509,120604,MAZAMARI,SATIPO,JUNIN,1065.8032786885246,False,,False
510,160504,EMILIO SAN MARTIN,REQUENA,LORETO,424.2777777777778,False,,False
511,140206,PUEBLO NUEVO,FERREÑAFE,LAMBAYEQUE,1047.6153846153848,False,19.306229121065407,True
512,140102,CHONGOYAPE,CHICLAYO,LAMBAYEQUE,724.0400000000001,False,62.26337372034696,True
513,140308,OLMOS,LAMBAYEQUE,LAMBAYEQUE,437.7578947368421,False,86.32012445134087,True
514,140203,INCAHUASI,FERREÑAFE,LAMBAYEQUE,302.5576923076923,False,159.24519355750814,True
515,120108,CHONGOS ALTO,HUANCAYO,JUNIN,33.475,False,,False
516,120303,PICHANAQUI,CHANCHAMAYO,JUNIN,1118.71875,False,31.177549099381906,True
517,160510,JENARO HERRERA,REQUENA,LORETO,822.0,False,,False
518,120111,CHUPURO,HUANCAYO,JUNIN,194.66666666666666,False,13.595403843814076,True
519,120214,SAN JOSE DE QUERO,CONCEPCION,JUNIN,254.41666666666669,False,42.55629747346637,True
520,120807,SANTA BARBARA DE CARHUACAYAN,YAULI,JUNIN,24.989473684210523,False,74.39647687115806,True
521,160107,NAPO,MAYNAS,LORETO,371.00000000000006,False,,False
522,160301,NAUTA,LORETO,LORETO,567.2407407407408,False,,False
523,120701,TARMA,TARMA,JUNIN,941.4285714285714,False,6.315461215867142,True
524,120909,YANACANCHA,CHUPACA,JUNIN,65.68518518518518,False,71.37509100385441,True
525,120808,SANTA ROSA DE SACCO,YAULI,JUNIN,743.7857142857143,False,8.932628515088076,True
526,120135,SANTO DOMINGO DE ACOBAMBA,HUANCAYO,JUNIN,268.1379310344828,False,,False
527,120501,JUNIN,JUNIN,JUNIN,96.85714285714286,False,25.407870950194713,True
528,160606,VARGAS GUERRA,UCAYALI,LORETO,829.5454545454545,False,,False
529,120503,ONDORES,JUNIN,JUNIN,23.740259740259738,False,58.5071518152573,True
530,120427,RICRAN,JAUJA,JUNIN,48.96874999999999,False,37.12768557567564,True
531,160511,YAQUERANA,REQUENA,LORETO,237.69230769230768,False,,False
532,120803,HUAY-HUAY,YAULI,JUNIN,22.333333333333332,False,48.11680212868452,True
533,120305,SAN RAMON,CHANCHAMAYO,JUNIN,746.7567567567568,False,8.862715012868092,True
534,120134,SICAYA,HUANCAYO,JUNIN,907.3333333333333,False,9.23771359872458,True
535,160506,PUINAHUA,REQUENA,LORETO,617.0,False,,False
536,160113,SAN JUAN BAUTISTA,MAYNAS,LORETO,3236.38,False,,False
537,120301,CHANCHAMAYO,CHANCHAMAYO,JUNIN,654.3684210526316,False,41.28813905215321,True
538,160804,YAGUAS,PUTUMAYO,LORETO,113.8181818181818,True,,False
539,120504,ULCUMAYO,JUNIN,JUNIN,93.27419354838709,False,128.49936328026837,True
540,160509,TAPICHE,REQUENA,LORETO,207.5,True,,False
541,140203,INCAHUASI,FERREÑAFE,LAMBAYEQUE,302.5576923076923,False,172.02555968683197,True
542,140311,SAN JOSE,LAMBAYEQUE,LAMBAYEQUE,2106.375,False,15.215980722739845,True
543,120606,PANGOA,SATIPO,JUNIN,618.2346938775511,False,124.66919411094162,True
544,160511,YAQUERANA,REQUENA,LORETO,237.69230769230768,False,,False
545,160205,JEBEROS,ALTO AMAZONAS,LORETO,272.65000000000003,False,,False
546,160702,CAHUAPANAS,DATEM DEL MARAÑON,LORETO,278.6774193548387,False,,False
547,120808,SANTA ROSA DE SACCO,YAULI,JUNIN,743.7857142857143,False,8.955406439440159,True
548,120501,JUNIN,JUNIN,JUNIN,96.85714285714286,False,13.939677342341344,True
549,140106,LA VICTORIA,CHICLAYO,LAMBAYEQUE,6204.599999999999,False,7.018928896736099,True
550,120701,TARMA,TARMA,JUNIN,941.4285714285714,False,0.6706207366755446,True
551,120606,PANGOA,SATIPO,JUNIN,618.2346938775511,False,57.77836294505963,True
552,160704,MORONA,DATEM DEL MARAÑON,LORETO,324.0238095238095,False,,False
553,120432,TUNAN MARCA,JAUJA,JUNIN,291.25,False,27.16729069097104,True
554,140308,OLMOS,LAMBAYEQUE,LAMBAYEQUE,437.7578947368421,False,102.63533596560846,True
555,120607,RIO NEGRO,SATIPO,JUNIN,650.0,False,8.008195609653189,True
556,120403,APATA,JAUJA,JUNIN,83.34693877551021,False,17.79930317910309,True
557,160505,MAQUIA,REQUENA,LORETO,340.32000000000005,False,,False
558,160706,ANDOAS,DATEM DEL MARAÑON,LORETO,221.87931034482762,False,,False
559,120603,LLAYLLA,SATIPO,JUNIN,401.0625,False,59.905975736254376,True
560,160403,YAVARI,MARISCAL RAMON CASTILLA,LORETO,362.55555555555554,False,,False
561,120305,SAN RAMON,CHANCHAMAYO,JUNIN,746.7567567567568,False,83.6809996373075,True
562,120305,SAN RAMON,CHANCHAMAYO,JUNIN,746.7567567567568,False,22.95079413234522,True
563,160803,TENIENTE MANUEL CLAVERO,PUTUMAYO,LORETO,237.04000000000002,False,,False
564,120434,YAUYOS,JAUJA,JUNIN,1170.0,False,14.397341851969163,True
565,140202,CAÑARIS,FERREÑAFE,LAMBAYEQUE,528.1071428571429,False,,False
566,120804,MARCAPOMACOCHA,YAULI,JUNIN,14.252747252747252,False,124.81800076741695,True
567,160112,BELEN,MAYNAS,LORETO,2504.548387096774,False,,False
568,120704,HUASAHUASI,TARMA,JUNIN,296.11538461538464,False,55.96467590868386,True
569,120803,HUAY-HUAY,YAULI,JUNIN,22.333333333333332,False,48.11680212868452,True
570,120403,APATA,JAUJA,JUNIN,83.34693877551021,False,27.26072133431508,True
571,120704,HUASAHUASI,TARMA,JUNIN,296.11538461538464,False,,False
572,160504,EMILIO SAN MARTIN,REQUENA,LORETO,424.2777777777778,False,,False
573,120909,YANACANCHA,CHUPACA,JUNIN,65.68518518518518,False,76.3308596465375,True
574,140312,TUCUME,LAMBAYEQUE,LAMBAYEQUE,1108.952380952381,False,30.11468209904429,True
575,120108,CHONGOS ALTO,HUANCAYO,JUNIN,33.475,False,105.61167489688425,True
576,160704,MORONA,DATEM DEL MARAÑON,LORETO,324.0238095238095,False,,False
577,120501,JUNIN,JUNIN,JUNIN,96.85714285714286,False,16.397331951491473,True
578,160108,PUNCHANA,MAYNAS,LORETO,3038.7419354838707,False,,False
579,140306,MORROPE,LAMBAYEQUE,LAMBAYEQUE,1282.5675675675675,False,27.433497110184362,True
580,120428,SAN LORENZO,JAUJA,JUNIN,278.77777777777777,False,8.126101152122768,True
581,120603,LLAYLLA,SATIPO,JUNIN,401.0625,False,,False
582,160701,BARRANCA,DATEM DEL MARAÑON,LORETO,379.5405405405405,False,,False
583,160706,ANDOAS,DATEM DEL MARAÑON,LORETO,221.87931034482762,False,,False
584,120303,PICHANAQUI,CHANCHAMAYO,JUNIN,1118.71875,False,64.79760097003489,True
585,120502,CARHUAMAYO,JUNIN,JUNIN,228.47058823529414,False,46.920555709069546,True
586,160206,LAGUNAS,ALTO AMAZONAS,LORETO,520.8571428571429,False,,False
587,120305,SAN RAMON,CHANCHAMAYO,JUNIN,746.7567567567568,False,20.24566618650472,True
588,160701,BARRANCA,DATEM DEL MARAÑON,LORETO,379.5405405405405,False,,False
589,160104,INDIANA,MAYNAS,LORETO,363.64516129032256,False,,False
590,140201,FERREÑAFE,FERREÑAFE,LAMBAYEQUE,1710.4285714285716,False,17.82254848813738,True
591,160107,NAPO,MAYNAS,LORETO,371.00000000000006,False,,False
592,120810,YAULI,YAULI,JUNIN,113.62222222222222,False,30.200057047375616,True
593,120808,SANTA ROSA DE SACCO,YAULI,JUNIN,743.7857142857143,False,1.7363015070550754,True
594,140112,PIMENTEL,CHICLAYO,LAMBAYEQUE,1706.4814814814818,False,2.4767730949650018,True
595,120701,TARMA,TARMA,JUNIN,941.4285714285714,False,28.529974794909776,True
596,140112,PIMENTEL,CHICLAYO,LAMBAYEQUE,1706.4814814814818,False,6.105465655817667,True
597,120414,LLOCLLAPAMPA,JAUJA,JUNIN,125.125,False,29.4414409393346,True
598,160202,BALSAPUERTO,ALTO AMAZONAS,LORETO,311.0689655172414,False,110.49513093396075,True
599,120606,PANGOA,SATIPO,JUNIN,618.2346938775511,False,11.769345671605294,True
600,160210,SANTA CRUZ,ALTO AMAZONAS,LORETO,188.95833333333334,False,,False
601,140101,CHICLAYO,CHICLAYO,LAMBAYEQUE,8778.44117647059,False,2.0016142678954427,True
602,120705,LA UNION,TARMA,JUNIN,312.4,False,31.48756404183008,True
603,160211,TENIENTE CESAR LOPEZ ROJAS,ALTO AMAZONAS,LORETO,306.5,False,124.2970193365656,True
604,160201,YURIMAGUAS,ALTO AMAZONAS,LORETO,1234.1166666666666,False,,False
605,120601,SATIPO,SATIPO,JUNIN,650.0597014925373,False,16.237530323752207,True
606,140306,MORROPE,LAMBAYEQUE,LAMBAYEQUE,1282.5675675675675,False,34.697074863041735,True
607,160103,FERNANDO LORES,MAYNAS,LORETO,349.93220338983053,False,,False
608,160305,URARINAS,LORETO,LORETO,293.6538461538462,False,,False
609,160103,FERNANDO LORES,MAYNAS,LORETO,349.93220338983053,False,,False
610,120503,ONDORES,JUNIN,JUNIN,23.740259740259738,False,41.69742876594989,True
611,120128,QUILCAS,HUANCAYO,JUNIN,152.42857142857142,False,39.19624793496734,True
612,160511,YAQUERANA,REQUENA,LORETO,237.69230769230768,False,,False
613,120606,PANGOA,SATIPO,JUNIN,618.2346938775511,False,88.21953645225416,True
614,120206,COMAS,CONCEPCION,JUNIN,134.95555555555555,False,85.83579884381562,True
615,120606,PANGOA,SATIPO,JUNIN,618.2346938775511,False,131.00403746340223,True
616,120804,MARCAPOMACOCHA,YAULI,JUNIN,14.252747252747252,False,,False
617,140112,PIMENTEL,CHICLAYO,LAMBAYEQUE,1706.4814814814818,False,2.911904737243395,True
618,160105,LAS AMAZONAS,MAYNAS,LORETO,283.59999999999997,False,,False
619,120104,CARHUACALLANGA,HUANCAYO,JUNIN,349.5,False,87.9427348437055,True
620,160403,YAVARI,MARISCAL RAMON CASTILLA,LORETO,362.55555555555554,False,,False
621,120608,RIO TAMBO,SATIPO,JUNIN,729.2738095238095,False,209.87509059755357,True
622,140203,INCAHUASI,FERREÑAFE,LAMBAYEQUE,302.5576923076923,False,119.49703265928727,True
623,120302,PERENE,CHANCHAMAYO,JUNIN,902.7325581395348,False,66.85223533991949,True
624,160112,BELEN,MAYNAS,LORETO,2504.548387096774,False,,False
625,120809,SUITUCANCHA,YAULI,JUNIN,15.599999999999998,False,55.16376647416768,True
626,160103,FERNANDO LORES,MAYNAS,LORETO,349.93220338983053,False,,False
627,160202,BALSAPUERTO,ALTO AMAZONAS,LORETO,311.0689655172414,False,,False
628,160704,MORONA,DATEM DEL MARAÑON,LORETO,324.0238095238095,False,,False
629,160103,FERNANDO LORES,MAYNAS,LORETO,349.93220338983053,False,,False
630,120205,COCHAS,CONCEPCION,JUNIN,146.41666666666669,False,82.48450320482767,True
631,120810,YAULI,YAULI,JUNIN,113.62222222222222,False,54.441291146185854,True
632,120302,PERENE,CHANCHAMAYO,JUNIN,902.7325581395348,False,49.07308235327628,True
633,120128,QUILCAS,HUANCAYO,JUNIN,152.42857142857142,False,25.729737339744787,True
634,140309,PACORA,LAMBAYEQUE,LAMBAYEQUE,429.3529411764706,False,28.813279623165524,True
635,120708,SAN PEDRO DE CAJAS,TARMA,JUNIN,153.21621621621622,False,27.403177808243274,True
636,120403,APATA,JAUJA,JUNIN,83.34693877551021,False,59.876909745585614,True
637,120805,MOROCOCHA,YAULI,JUNIN,284.1333333333333,False,58.2607406149415,True
638,120708,SAN PEDRO DE CAJAS,TARMA,JUNIN,153.21621621621622,False,26.07983464158734,True
639,120504,ULCUMAYO,JUNIN,JUNIN,93.27419354838709,False,70.31493234806385,True
640,120902,AHUAC,CHUPACA,JUNIN,423.7142857142857,False,13.526758162996176,True
641,160105,LAS AMAZONAS,MAYNAS,LORETO,283.59999999999997,True,,False
642,140206,PUEBLO NUEVO,FERREÑAFE,LAMBAYEQUE,1047.6153846153848,False,21.866219303359838,True
643,140309,PACORA,LAMBAYEQUE,LAMBAYEQUE,429.3529411764706,False,31.8442177053625,True
644,120501,JUNIN,JUNIN,JUNIN,96.85714285714286,False,9.480880755522337,True
645,160205,JEBEROS,ALTO AMAZONAS,LORETO,272.65000000000003,False,,False
646,160108,PUNCHANA,MAYNAS,LORETO,3038.7419354838707,False,,False
647,160705,PASTAZA,DATEM DEL MARAÑON,LORETO,138.2127659574468,False,,False
648,160305,URARINAS,LORETO,LORETO,293.6538461538462,False,,False
649,160113,SAN JUAN BAUTISTA,MAYNAS,LORETO,3236.38,False,69.40322717918625,True
650,120502,CARHUAMAYO,JUNIN,JUNIN,228.47058823529414,False,29.44179504476146,True
651,160704,MORONA,DATEM DEL MARAÑON,LORETO,324.0238095238095,False,,False
652,140307,MOTUPE,LAMBAYEQUE,LAMBAYEQUE,749.5833333333334,False,57.49179629649842,True
653,120502,CARHUAMAYO,JUNIN,JUNIN,228.47058823529414,False,34.53255427243908,True
654,120602,COVIRIALI,SATIPO,JUNIN,372.4705882352941,True,9.272385068511886,True
655,120302,PERENE,CHANCHAMAYO,JUNIN,902.7325581395348,False,30.401050096367854,True
656,140102,CHONGOYAPE,CHICLAYO,LAMBAYEQUE,724.0400000000001,False,46.42441178085283,True
657,160104,INDIANA,MAYNAS,LORETO,363.64516129032256,False,,False
658,120302,PERENE,CHANCHAMAYO,JUNIN,902.7325581395348,False,33.168853094973564,True
659,160205,JEBEROS,ALTO AMAZONAS,LORETO,272.65000000000003,False,,False
660,120606,PANGOA,SATIPO,JUNIN,618.2346938775511,False,8.58855470698132,True
661,120431,SINCOS,JAUJA,JUNIN,307.0,False,63.748657215217435,True
662,120108,CHONGOS ALTO,HUANCAYO,JUNIN,33.475,False,,False
663,160803,TENIENTE MANUEL CLAVERO,PUTUMAYO,LORETO,237.04000000000002,False,,False
664,120606,PANGOA,SATIPO,JUNIN,618.2346938775511,False,26.533351384761623,True
665,120705,LA UNION,TARMA,JUNIN,312.4,False,17.733338800168898,True
666,140301,LAMBAYEQUE,LAMBAYEQUE,LAMBAYEQUE,2049.0769230769233,False,1.8215271943182227,True
667,120301,CHANCHAMAYO,CHANCHAMAYO,JUNIN,654.3684210526316,False,19.82308843052229,True
668,140304,JAYANCA,LAMBAYEQUE,LAMBAYEQUE,601.3000000000001,False,43.2170091140548,True
669,140206,PUEBLO NUEVO,FERREÑAFE,LAMBAYEQUE,1047.6153846153848,False,20.653341377742418,True
670,120209,MARISCAL CASTILLA,CONCEPCION,JUNIN,118.0,False,70.0974679514568,True
671,120601,SATIPO,SATIPO,JUNIN,650.0597014925373,False,1.67779984337052,True
672,120124,PARIAHUANCA,HUANCAYO,JUNIN,174.75757575757575,False,111.56887088435076,True
673,160705,PASTAZA,DATEM DEL MARAÑON,LORETO,138.2127659574468,False,,False
674,160110,TORRES CAUSANA,MAYNAS,LORETO,327.375,False,,False
675,120606,PANGOA,SATIPO,JUNIN,618.2346938775511,False,48.0253713882401,True
676,120502,CARHUAMAYO,JUNIN,JUNIN,228.47058823529414,False,58.476372636124495,True
677,160108,PUNCHANA,MAYNAS,LORETO,3038.7419354838707,False,,False
678,160604,PAMPA HERMOSA,UCAYALI,LORETO,615.6111111111111,False,,False
679,140202,CAÑARIS,FERREÑAFE,LAMBAYEQUE,528.1071428571429,False,226.37314437792827,True
680,160503,CAPELO,REQUENA,LORETO,507.1111111111111,False,,False
681,140119,PUCALA,CHICLAYO,LAMBAYEQUE,597.1999999999999,False,36.83281630657844,True
682,120303,PICHANAQUI,CHANCHAMAYO,JUNIN,1118.71875,False,5.748817395769383,True
683,120806,PACCHA,YAULI,JUNIN,58.89285714285714,False,18.33432516844576,True
684,160102,ALTO NANAY,MAYNAS,LORETO,102.13333333333334,False,,False
685,120504,ULCUMAYO,JUNIN,JUNIN,93.27419354838709,False,54.52309096142363,True
686,160403,YAVARI,MARISCAL RAMON CASTILLA,LORETO,362.55555555555554,False,,False
687,120114,EL TAMBO,HUANCAYO,JUNIN,6923.458333333333,False,33.394190609976185,True
688,140203,INCAHUASI,FERREÑAFE,LAMBAYEQUE,302.5576923076923,False,139.95601732278922,True
689,140301,LAMBAYEQUE,LAMBAYEQUE,LAMBAYEQUE,2049.0769230769233,False,9.586633790644239,True
690,160706,ANDOAS,DATEM DEL MARAÑON,LORETO,221.87931034482762,False,,False
691,120909,YANACANCHA,CHUPACA,JUNIN,65.68518518518518,False,75.67456250319508,True
692,120803,HUAY-HUAY,YAULI,JUNIN,22.333333333333332,False,39.65477958900503,True
693,120114,EL TAMBO,HUANCAYO,JUNIN,6923.458333333333,False,0.4499215408702244,True
694,120809,SUITUCANCHA,YAULI,JUNIN,15.599999999999998,False,56.69408340288312,True
695,160704,MORONA,DATEM DEL MARAÑON,LORETO,324.0238095238095,False,,False
696,160402,PEBAS,MARISCAL RAMON CASTILLA,LORETO,346.1372549019608,False,,False
697,120124,PARIAHUANCA,HUANCAYO,JUNIN,174.75757575757575,False,111.91084340040163,True
698,160112,BELEN,MAYNAS,LORETO,2504.548387096774,False,27.794667097808702,True
699,120909,YANACANCHA,CHUPACA,JUNIN,65.68518518518518,False,75.83020073621552,True
700,120301,CHANCHAMAYO,CHANCHAMAYO,JUNIN,654.3684210526316,False,39.086268262639805,True
701,120608,RIO TAMBO,SATIPO,JUNIN,729.2738095238095,False,63.24873294117117,True
702,160210,SANTA CRUZ,ALTO AMAZONAS,LORETO,188.95833333333334,False,,False
703,160505,MAQUIA,REQUENA,LORETO,340.32000000000005,False,,False
704,140101,CHICLAYO,CHICLAYO,LAMBAYEQUE,8778.44117647059,False,1.4330418486200258,True
705,160301,NAUTA,LORETO,LORETO,567.2407407407408,False,,False
706,120504,ULCUMAYO,JUNIN,JUNIN,93.27419354838709,False,81.9686207910939,True
707,120305,SAN RAMON,CHANCHAMAYO,JUNIN,746.7567567567568,False,11.946004554422483,True
708,120128,QUILCAS,HUANCAYO,JUNIN,152.42857142857142,False,39.19624793496734,True
709,140203,INCAHUASI,FERREÑAFE,LAMBAYEQUE,302.5576923076923,False,126.45649195956507,True
710,120704,HUASAHUASI,TARMA,JUNIN,296.11538461538464,False,41.50335205535579,True
711,120809,SUITUCANCHA,YAULI,JUNIN,15.599999999999998,False,66.06740537562614,True
712,120806,PACCHA,YAULI,JUNIN,58.89285714285714,False,22.0487421203493,True
713,120114,EL TAMBO,HUANCAYO,JUNIN,6923.458333333333,False,2.6256201917453343,True
714,120608,RIO TAMBO,SATIPO,JUNIN,729.2738095238095,False,224.2912920500367,True
715,160103,FERNANDO LORES,MAYNAS,LORETO,349.93220338983053,False,,False
716,120704,HUASAHUASI,TARMA,JUNIN,296.11538461538464,False,43.494950258884295,True
717,120708,SAN PEDRO DE CAJAS,TARMA,JUNIN,153.21621621621622,False,128.84112481795918,True
718,120302,PERENE,CHANCHAMAYO,JUNIN,902.7325581395348,False,59.46314020319718,True
719,120601,SATIPO,SATIPO,JUNIN,650.0597014925373,False,2.2082225671372457,True
720,140304,JAYANCA,LAMBAYEQUE,LAMBAYEQUE,601.3000000000001,False,55.11326948600968,True
721,120417,MASMA CHICCHE,JAUJA,JUNIN,126.16666666666667,False,23.248327916869417,True
722,160104,INDIANA,MAYNAS,LORETO,363.64516129032256,False,,False
723,120909,YANACANCHA,CHUPACA,JUNIN,65.68518518518518,False,65.98438714823378,True
724,160503,CAPELO,REQUENA,LORETO,507.1111111111111,True,,False
725,160706,ANDOAS,DATEM DEL MARAÑON,LORETO,221.87931034482762,False,,False
726,140112,PIMENTEL,CHICLAYO,LAMBAYEQUE,1706.4814814814818,False,4.033307256232121,True
727,160601,CONTAMANA,UCAYALI,LORETO,638.5909090909091,False,,False
728,120305,SAN RAMON,CHANCHAMAYO,JUNIN,746.7567567567568,False,17.331064384273894,True
729,160211,TENIENTE CESAR LOPEZ ROJAS,ALTO AMAZONAS,LORETO,306.5,False,,False
730,160706,ANDOAS,DATEM DEL MARAÑON,LORETO,221.87931034482762,False,,False
731,120810,YAULI,YAULI,JUNIN,113.62222222222222,False,49.19603086952533,True
732,120302,PERENE,CHANCHAMAYO,JUNIN,902.7325581395348,False,40.829437980053186,True
733,120502,CARHUAMAYO,JUNIN,JUNIN,228.47058823529414,False,43.36514707115405,True
734,160601,CONTAMANA,UCAYALI,LORETO,638.5909090909091,False,,False
735,160701,BARRANCA,DATEM DEL MARAÑON,LORETO,379.5405405405405,False,,False
736,140310,SALAS,LAMBAYEQUE,LAMBAYEQUE,200.86153846153846,False,128.863252738538,True
737,120135,SANTO DOMINGO DE ACOBAMBA,HUANCAYO,JUNIN,268.1379310344828,False,193.03423992061468,True
738,120405,CANCHAYLLO,JAUJA,JUNIN,118.42857142857143,False,74.51112297055833,True
739,120403,APATA,JAUJA,JUNIN,83.34693877551021,False,12.863591834490363,True
740,120133,SAPALLANGA,HUANCAYO,JUNIN,858.6,False,34.17312081658778,True
741,120809,SUITUCANCHA,YAULI,JUNIN,15.599999999999998,False,77.47705585017201,True
742,120302,PERENE,CHANCHAMAYO,JUNIN,902.7325581395348,False,44.98385317980473,True
743,120706,PALCA,TARMA,JUNIN,223.4,False,22.071928094284164,True
744,120405,CANCHAYLLO,JAUJA,JUNIN,118.42857142857143,False,47.660612611194125,True
745,160706,ANDOAS,DATEM DEL MARAÑON,LORETO,221.87931034482762,False,,False
746,140120,TUMAN,CHICLAYO,LAMBAYEQUE,2362.538461538462,False,10.580683750932668,True
747,120302,PERENE,CHANCHAMAYO,JUNIN,902.7325581395348,False,53.55894381406028,True
748,120601,SATIPO,SATIPO,JUNIN,650.0597014925373,False,23.628386150847057,True
749,120301,CHANCHAMAYO,CHANCHAMAYO,JUNIN,654.3684210526316,False,12.396806890207383,True
750,120606,PANGOA,SATIPO,JUNIN,618.2346938775511,False,17.724061264352336,True
751,140308,OLMOS,LAMBAYEQUE,LAMBAYEQUE,437.7578947368421,False,118.65529372739591,True
752,160206,LAGUNAS,ALTO AMAZONAS,LORETO,520.8571428571429,False,,False
753,160702,CAHUAPANAS,DATEM DEL MARAÑON,LORETO,278.6774193548387,False,,False
754,160704,MORONA,DATEM DEL MARAÑON,LORETO,324.0238095238095,False,,False
755,140308,OLMOS,LAMBAYEQUE,LAMBAYEQUE,437.7578947368421,False,142.6856620449454,True
756,120135,SANTO DOMINGO DE ACOBAMBA,HUANCAYO,JUNIN,268.1379310344828,False,,False
757,120418,MOLINOS,JAUJA,JUNIN,89.52941176470588,False,22.627353680264253,True
758,140308,OLMOS,LAMBAYEQUE,LAMBAYEQUE,437.7578947368421,False,112.80118067845429,True
759,160403,YAVARI,MARISCAL RAMON CASTILLA,LORETO,362.55555555555554,False,,False
760,140204,MANUEL ANTONIO MESONES MURO,FERREÑAFE,LAMBAYEQUE,193.36363636363635,False,30.922402965526057,True
761,160601,CONTAMANA,UCAYALI,LORETO,638.5909090909091,False,,False
762,160706,ANDOAS,DATEM DEL MARAÑON,LORETO,221.87931034482762,False,,False
763,160107,NAPO,MAYNAS,LORETO,371.00000000000006,False,,False
764,120606,PANGOA,SATIPO,JUNIN,618.2346938775511,False,171.14877857037405,True
765,160103,FERNANDO LORES,MAYNAS,LORETO,349.93220338983053,False,,False
766,120306,VITOC,CHANCHAMAYO,JUNIN,96.33333333333333,False,21.366485268369676,True
767,120801,LA OROYA,YAULI,JUNIN,349.3611111111111,False,,False
768,160107,NAPO,MAYNAS,LORETO,371.00000000000006,False,,False
769,140308,OLMOS,LAMBAYEQUE,LAMBAYEQUE,437.7578947368421,False,102.39247483936967,True
770,120809,SUITUCANCHA,YAULI,JUNIN,15.599999999999998,False,55.16376647416768,True
771,140101,CHICLAYO,CHICLAYO,LAMBAYEQUE,8778.44117647059,False,3.3012869910412777,True
772,160301,NAUTA,LORETO,LORETO,567.2407407407408,False,,False
773,120702,ACOBAMBA,TARMA,JUNIN,849.125,False,22.70457398879396,True
774,120205,COCHAS,CONCEPCION,JUNIN,146.41666666666669,False,131.2473318685025,True
775,120427,RICRAN,JAUJA,JUNIN,48.96874999999999,False,46.372161826048874,True
776,160301,NAUTA,LORETO,LORETO,567.2407407407408,False,89.9700006581462,True
777,160201,YURIMAGUAS,ALTO AMAZONAS,LORETO,1234.1166666666666,False,40.617537438482096,True
778,120205,COCHAS,CONCEPCION,JUNIN,146.41666666666669,False,82.48450320482767,True
779,140103,ETEN,CHICLAYO,LAMBAYEQUE,1766.5,False,17.62882689568669,True
780,160108,PUNCHANA,MAYNAS,LORETO,3038.7419354838707,False,,False
781,120701,TARMA,TARMA,JUNIN,941.4285714285714,False,8.808386547241703,True
782,120803,HUAY-HUAY,YAULI,JUNIN,22.333333333333332,False,48.12790461539906,True
783,160403,YAVARI,MARISCAL RAMON CASTILLA,LORETO,362.55555555555554,False,,False
784,140310,SALAS,LAMBAYEQUE,LAMBAYEQUE,200.86153846153846,False,152.08629299141722,True
785,120607,RIO NEGRO,SATIPO,JUNIN,650.0,False,42.298308461576134,True
786,160104,INDIANA,MAYNAS,LORETO,363.64516129032256,False,,False
787,120902,AHUAC,CHUPACA,JUNIN,423.7142857142857,False,23.70840783745245,True
788,140204,MANUEL ANTONIO MESONES MURO,FERREÑAFE,LAMBAYEQUE,193.36363636363635,False,33.20043862135236,True
789,120805,MOROCOCHA,YAULI,JUNIN,284.1333333333333,False,32.07962723066005,True
790,160705,PASTAZA,DATEM DEL MARAÑON,LORETO,138.2127659574468,False,,False
791,160404,SAN PABLO,MARISCAL RAMON CASTILLA,LORETO,575.0,False,,False
792,120607,RIO NEGRO,SATIPO,JUNIN,650.0,False,32.42661292042527,True
793,160501,REQUENA,REQUENA,LORETO,1107.2857142857142,False,,False
794,120122,INGENIO,HUANCAYO,JUNIN,358.14285714285717,False,45.33404584188135,True
795,140308,OLMOS,LAMBAYEQUE,LAMBAYEQUE,437.7578947368421,False,120.37794283137133,True
796,120706,PALCA,TARMA,JUNIN,223.4,False,30.24051596223112,True
797,120107,CHILCA,HUANCAYO,JUNIN,9777.0,False,2.1626879763164837,True
798,140107,LAGUNAS,CHICLAYO,LAMBAYEQUE,549.2631578947369,False,32.26224317704261,True
799,120501,JUNIN,JUNIN,JUNIN,96.85714285714286,False,25.053157200167675,True
800,120807,SANTA BARBARA DE CARHUACAYAN,YAULI,JUNIN,24.989473684210523,False,104.81523657324976,True
801,160305,URARINAS,LORETO,LORETO,293.6538461538462,False,,False
802,120605,PAMPA HERMOSA,SATIPO,JUNIN,454.125,False,44.74909399877946,True
803,120701,TARMA,TARMA,JUNIN,941.4285714285714,False,27.869721602664026,True
804,160107,NAPO,MAYNAS,LORETO,371.00000000000006,False,11.258080598537356,True
805,160201,YURIMAGUAS,ALTO AMAZONAS,LORETO,1234.1166666666666,False,19.47297616183091,True
806,120802,CHACAPALPA,YAULI,JUNIN,10.352941176470587,False,39.16465013878331,True
807,140205,PITIPO,FERREÑAFE,LAMBAYEQUE,691.8285714285714,False,28.07273010903929,True
808,160505,MAQUIA,REQUENA,LORETO,340.32000000000005,False,,False
809,120133,SAPALLANGA,HUANCAYO,JUNIN,858.6,False,8.738583920632573,True
810,120606,PANGOA,SATIPO,JUNIN,618.2346938775511,False,33.06902256377954,True
811,120804,MARCAPOMACOCHA,YAULI,JUNIN,14.252747252747252,False,55.553779036958176,True
812,160402,PEBAS,MARISCAL RAMON CASTILLA,LORETO,346.1372549019608,False,,False
813,120804,MARCAPOMACOCHA,YAULI,JUNIN,14.252747252747252,False,86.15047633967708,True
814,120503,ONDORES,JUNIN,JUNIN,23.740259740259738,False,58.91723812546471,True
815,160201,YURIMAGUAS,ALTO AMAZONAS,LORETO,1234.1166666666666,False,,False
816,160113,SAN JUAN BAUTISTA,MAYNAS,LORETO,3236.38,False,83.08600053913507,True
817,140310,SALAS,LAMBAYEQUE,LAMBAYEQUE,200.86153846153846,False,51.72768159273234,True
818,160202,BALSAPUERTO,ALTO AMAZONAS,LORETO,311.0689655172414,False,46.02062338542541,True
819,140102,CHONGOYAPE,CHICLAYO,LAMBAYEQUE,724.0400000000001,False,51.533302009414115,True
820,120408,HUAMALI,JAUJA,JUNIN,452.25000000000006,False,17.547881881093193,True
821,160706,ANDOAS,DATEM DEL MARAÑON,LORETO,221.87931034482762,False,,False
822,160202,BALSAPUERTO,ALTO AMAZONAS,LORETO,311.0689655172414,False,,False
823,120418,MOLINOS,JAUJA,JUNIN,89.52941176470588,False,51.658131860319834,True
824,160510,JENARO HERRERA,REQUENA,LORETO,822.0,False,,False
825,120701,TARMA,TARMA,JUNIN,941.4285714285714,False,35.45978810039968,True
826,120801,LA OROYA,YAULI,JUNIN,349.3611111111111,False,12.294894819414509,True
827,120802,CHACAPALPA,YAULI,JUNIN,10.352941176470587,False,39.16465013878331,True
828,120427,RICRAN,JAUJA,JUNIN,48.96874999999999,False,37.79800918160875,True
829,160703,MANSERICHE,DATEM DEL MARAÑON,LORETO,396.55555555555554,False,,False
830,120906,SAN JUAN DE ISCOS,CHUPACA,JUNIN,424.6,False,18.518469219094783,True
831,120601,SATIPO,SATIPO,JUNIN,650.0597014925373,False,12.074471585005842,True
832,120608,RIO TAMBO,SATIPO,JUNIN,729.2738095238095,False,458.5765530306307,True
833,120203,ANDAMARCA,CONCEPCION,JUNIN,206.1818181818182,False,90.67764949787717,True
834,140112,PIMENTEL,CHICLAYO,LAMBAYEQUE,1706.4814814814818,False,5.136033740421827,True
835,120430,SAUSA,JAUJA,JUNIN,1027.0,True,3.6539390897051134,True
836,160511,YAQUERANA,REQUENA,LORETO,237.69230769230768,False,,False
837,140307,MOTUPE,LAMBAYEQUE,LAMBAYEQUE,749.5833333333334,False,58.98268854050187,True
838,120305,SAN RAMON,CHANCHAMAYO,JUNIN,746.7567567567568,False,26.160626768224407,True
839,140102,CHONGOYAPE,CHICLAYO,LAMBAYEQUE,724.0400000000001,False,,False
840,140105,JOSE LEONARDO ORTIZ,CHICLAYO,LAMBAYEQUE,11714.352941176472,False,3.329829820252604,True
841,120605,PAMPA HERMOSA,SATIPO,JUNIN,454.125,True,28.57048735694508,True
842,120135,SANTO DOMINGO DE ACOBAMBA,HUANCAYO,JUNIN,268.1379310344828,False,169.6042064796231,True
843,160402,PEBAS,MARISCAL RAMON CASTILLA,LORETO,346.1372549019608,False,,False
844,120405,CANCHAYLLO,JAUJA,JUNIN,118.42857142857143,False,86.41754756239614,True
845,120204,CHAMBARA,CONCEPCION,JUNIN,320.2222222222222,False,28.14033418569783,True
846,140101,CHICLAYO,CHICLAYO,LAMBAYEQUE,8778.44117647059,False,0.8107843487260484,True
847,160113,SAN JUAN BAUTISTA,MAYNAS,LORETO,3236.38,False,,False
848,140310,SALAS,LAMBAYEQUE,LAMBAYEQUE,200.86153846153846,False,108.54956212172571,True
849,160108,PUNCHANA,MAYNAS,LORETO,3038.7419354838707,False,2.5923717962820683,True
850,120902,AHUAC,CHUPACA,JUNIN,423.7142857142857,False,18.78465599515507,True
851,160502,ALTO TAPICHE,REQUENA,LORETO,164.53846153846155,False,,False
852,120104,CARHUACALLANGA,HUANCAYO,JUNIN,349.5,False,87.84342975338417,True
853,120706,PALCA,TARMA,JUNIN,223.4,False,41.17082531490649,True
854,160404,SAN PABLO,MARISCAL RAMON CASTILLA,LORETO,575.0,False,,False
855,120413,LEONOR ORDOÑEZ,JAUJA,JUNIN,369.99999999999994,False,14.998267381319911,True
856,120126,PUCARA,HUANCAYO,JUNIN,455.27272727272725,False,26.675306832532677,True
857,140120,TUMAN,CHICLAYO,LAMBAYEQUE,2362.538461538462,False,21.745041905856553,True
858,120208,MANZANARES,CONCEPCION,JUNIN,463.66666666666663,False,22.708108409715493,True
859,120601,SATIPO,SATIPO,JUNIN,650.0597014925373,False,47.920426404891785,True
860,120423,PACCHA,JAUJA,JUNIN,164.09090909090907,False,29.08652123080954,True
861,140307,MOTUPE,LAMBAYEQUE,LAMBAYEQUE,749.5833333333334,False,73.92497305920612,True
862,160702,CAHUAPANAS,DATEM DEL MARAÑON,LORETO,278.6774193548387,False,,False
863,120607,RIO NEGRO,SATIPO,JUNIN,650.0,False,49.96184294634703,True
864,160604,PAMPA HERMOSA,UCAYALI,LORETO,615.6111111111111,False,,False
865,160206,LAGUNAS,ALTO AMAZONAS,LORETO,520.8571428571429,False,,False
866,160402,PEBAS,MARISCAL RAMON CASTILLA,LORETO,346.1372549019608,False,,False
867,120403,APATA,JAUJA,JUNIN,83.34693877551021,False,51.85340922387684,True
868,140203,INCAHUASI,FERREÑAFE,LAMBAYEQUE,302.5576923076923,False,161.40379114178953,True
869,120804,MARCAPOMACOCHA,YAULI,JUNIN,14.252747252747252,False,104.4344702093293,True
870,160107,NAPO,MAYNAS,LORETO,371.00000000000006,False,,False
871,120804,MARCAPOMACOCHA,YAULI,JUNIN,14.252747252747252,False,75.42434055351622,True
872,120302,PERENE,CHANCHAMAYO,JUNIN,902.7325581395348,False,61.47096412301286,True
873,120124,PARIAHUANCA,HUANCAYO,JUNIN,174.75757575757575,False,87.04080373765484,True
874,160206,LAGUNAS,ALTO AMAZONAS,LORETO,520.8571428571429,False,,False
875,160403,YAVARI,MARISCAL RAMON CASTILLA,LORETO,362.55555555555554,False,,False
876,120804,MARCAPOMACOCHA,YAULI,JUNIN,14.252747252747252,False,71.04069570328053,True
877,120809,SUITUCANCHA,YAULI,JUNIN,15.599999999999998,False,78.4552638504998,True
878,120427,RICRAN,JAUJA,JUNIN,48.96874999999999,False,92.05129493932694,True
879,120607,RIO NEGRO,SATIPO,JUNIN,650.0,False,62.18338803776399,True
880,120430,SAUSA,JAUJA,JUNIN,1027.0,False,3.9059076811501483,True
881,120418,MOLINOS,JAUJA,JUNIN,89.52941176470588,False,11.901429443527647,True
882,120809,SUITUCANCHA,YAULI,JUNIN,15.599999999999998,False,55.16376647416768,True
883,160604,PAMPA HERMOSA,UCAYALI,LORETO,615.6111111111111,True,,False
884,140308,OLMOS,LAMBAYEQUE,LAMBAYEQUE,437.7578947368421,False,118.85570165882281,True
885,120301,CHANCHAMAYO,CHANCHAMAYO,JUNIN,654.3684210526316,False,19.19437704561899,True
886,120502,CARHUAMAYO,JUNIN,JUNIN,228.47058823529414,False,46.920555709069546,True
887,120701,TARMA,TARMA,JUNIN,941.4285714285714,False,27.4710627215303,True
888,160305,URARINAS,LORETO,LORETO,293.6538461538462,False,,False
889,120303,PICHANAQUI,CHANCHAMAYO,JUNIN,1118.71875,False,49.1379430141957,True
890,120802,CHACAPALPA,YAULI,JUNIN,10.352941176470587,False,37.56118124257077,True
891,160112,BELEN,MAYNAS,LORETO,2504.548387096774,False,,False
892,160706,ANDOAS,DATEM DEL MARAÑON,LORETO,221.87931034482762,False,,False
893,160106,MAZAN,MAYNAS,LORETO,379.9189189189189,False,,False
894,120503,ONDORES,JUNIN,JUNIN,23.740259740259738,False,53.363180961054674,True
895,120503,ONDORES,JUNIN,JUNIN,23.740259740259738,False,41.69742876594989,True
896,160113,SAN JUAN BAUTISTA,MAYNAS,LORETO,3236.38,False,42.44013173320146,True
897,120803,HUAY-HUAY,YAULI,JUNIN,22.333333333333332,False,37.100708714374456,True
898,160401,RAMON CASTILLA,MARISCAL RAMON CASTILLA,LORETO,595.7142857142858,False,,False
899,160202,BALSAPUERTO,ALTO AMAZONAS,LORETO,311.0689655172414,False,,False
900,120501,JUNIN,JUNIN,JUNIN,96.85714285714286,False,18.922951670779184,True
901,120401,JAUJA,JAUJA,JUNIN,2422.6666666666665,False,1.2978853166725821,True
902,140205,PITIPO,FERREÑAFE,LAMBAYEQUE,691.8285714285714,False,40.9569638777987,True
903,120704,HUASAHUASI,TARMA,JUNIN,296.11538461538464,False,63.629879163656895,True
904,120802,CHACAPALPA,YAULI,JUNIN,10.352941176470587,False,34.61244963617448,True
905,120501,JUNIN,JUNIN,JUNIN,96.85714285714286,False,11.483316838658366,True
906,160403,YAVARI,MARISCAL RAMON CASTILLA,LORETO,362.55555555555554,False,,False
907,160504,EMILIO SAN MARTIN,REQUENA,LORETO,424.2777777777778,False,,False
908,120126,PUCARA,HUANCAYO,JUNIN,455.27272727272725,False,10.509060147026604,True
909,140308,OLMOS,LAMBAYEQUE,LAMBAYEQUE,437.7578947368421,False,81.66139541504756,True
910,120501,JUNIN,JUNIN,JUNIN,96.85714285714286,False,10.017044294362343,True
911,120304,SAN LUIS DE SHUARO,CHANCHAMAYO,JUNIN,435.0,False,47.15977511386164,True
912,120501,JUNIN,JUNIN,JUNIN,96.85714285714286,False,22.749172705414182,True
913,120602,COVIRIALI,SATIPO,JUNIN,372.4705882352941,False,13.982091316227592,True
914,120803,HUAY-HUAY,YAULI,JUNIN,22.333333333333332,False,39.78953768376691,True
915,120425,PARCO,JAUJA,JUNIN,164.57142857142858,False,26.924626517980297,True
916,120802,CHACAPALPA,YAULI,JUNIN,10.352941176470587,False,37.100708714374456,True
917,140309,PACORA,LAMBAYEQUE,LAMBAYEQUE,429.3529411764706,False,33.68296602632711,True
918,120809,SUITUCANCHA,YAULI,JUNIN,15.599999999999998,False,67.59609942241019,True
919,160803,TENIENTE MANUEL CLAVERO,PUTUMAYO,LORETO,237.04000000000002,False,,False
920,120124,PARIAHUANCA,HUANCAYO,JUNIN,174.75757575757575,False,116.63131317415721,True
921,140306,MORROPE,LAMBAYEQUE,LAMBAYEQUE,1282.5675675675675,False,31.929505078709298,True
922,140112,PIMENTEL,CHICLAYO,LAMBAYEQUE,1706.4814814814818,False,5.0211981132981345,True
923,120431,SINCOS,JAUJA,JUNIN,307.0,False,32.38849296761642,True
924,120411,JANJAILLO,JAUJA,JUNIN,68.1,False,27.734019492584853,True
925,120503,ONDORES,JUNIN,JUNIN,23.740259740259738,False,29.94514452209522,True
926,160108,PUNCHANA,MAYNAS,LORETO,3038.7419354838707,False,,False
927,120707,PALCAMAYO,TARMA,JUNIN,382.92,False,38.77705685023771,True
928,120806,PACCHA,YAULI,JUNIN,58.89285714285714,False,35.451710270338936,True
929,120413,LEONOR ORDOÑEZ,JAUJA,JUNIN,369.99999999999994,False,30.507026156254994,True
930,120801,LA OROYA,YAULI,JUNIN,349.3611111111111,False,24.70140550291083,True
931,120108,CHONGOS ALTO,HUANCAYO,JUNIN,33.475,False,,False
932,160702,CAHUAPANAS,DATEM DEL MARAÑON,LORETO,278.6774193548387,False,,False
933,140307,MOTUPE,LAMBAYEQUE,LAMBAYEQUE,749.5833333333334,False,59.117739648576176,True
934,120302,PERENE,CHANCHAMAYO,JUNIN,902.7325581395348,False,50.07334249998205,True
935,160105,LAS AMAZONAS,MAYNAS,LORETO,283.59999999999997,False,,False
936,120111,CHUPURO,HUANCAYO,JUNIN,194.66666666666666,False,11.802054767499008,True
937,120427,RICRAN,JAUJA,JUNIN,48.96874999999999,False,94.90063684633493,True
938,120602,COVIRIALI,SATIPO,JUNIN,372.4705882352941,False,6.218413373312043,True
939,120114,EL TAMBO,HUANCAYO,JUNIN,6923.458333333333,False,4.686031311323035,True
940,140203,INCAHUASI,FERREÑAFE,LAMBAYEQUE,302.5576923076923,False,130.1277703167107,True
941,120909,YANACANCHA,CHUPACA,JUNIN,65.68518518518518,False,,False
942,140304,JAYANCA,LAMBAYEQUE,LAMBAYEQUE,601.3000000000001,False,32.467342529368246,True
943,160401,RAMON CASTILLA,MARISCAL RAMON CASTILLA,LORETO,595.7142857142858,False,,False
944,160201,YURIMAGUAS,ALTO AMAZONAS,LORETO,1234.1166666666666,False,34.63702567496438,True
945,160104,INDIANA,MAYNAS,LORETO,363.64516129032256,False,,False
946,160505,MAQUIA,REQUENA,LORETO,340.32000000000005,False,,False
947,120608,RIO TAMBO,SATIPO,JUNIN,729.2738095238095,False,54.449410688061775,True
948,160605,SARAYACU,UCAYALI,LORETO,676.5200000000001,False,,False
949,120211,MITO,CONCEPCION,JUNIN,456.3333333333333,False,14.135556520516024,True
950,120807,SANTA BARBARA DE CARHUACAYAN,YAULI,JUNIN,24.989473684210523,False,122.2388080904141,True
951,140108,MONSEFU,CHICLAYO,LAMBAYEQUE,1404.9565217391305,False,14.285047675425103,True
952,140308,OLMOS,LAMBAYEQUE,LAMBAYEQUE,437.7578947368421,False,94.20788357309078,True
953,120302,PERENE,CHANCHAMAYO,JUNIN,902.7325581395348,False,96.7894047136792,True
954,120504,ULCUMAYO,JUNIN,JUNIN,93.27419354838709,False,88.04952982021199,True
955,120303,PICHANAQUI,CHANCHAMAYO,JUNIN,1118.71875,False,21.682800563562772,True
956,120209,MARISCAL CASTILLA,CONCEPCION,JUNIN,118.0,False,76.88769637806634,True
957,160302,PARINARI,LORETO,LORETO,666.4545454545455,False,,False
958,120601,SATIPO,SATIPO,JUNIN,650.0597014925373,False,57.40205160541798,True
959,120604,MAZAMARI,SATIPO,JUNIN,1065.8032786885246,False,24.606439084036584,True
960,140205,PITIPO,FERREÑAFE,LAMBAYEQUE,691.8285714285714,False,57.85982351679846,True
961,120608,RIO TAMBO,SATIPO,JUNIN,729.2738095238095,False,46.57459308808708,True
962,120604,MAZAMARI,SATIPO,JUNIN,1065.8032786885246,False,85.78420005103487,True
963,160210,SANTA CRUZ,ALTO AMAZONAS,LORETO,188.95833333333334,False,,False
964,120803,HUAY-HUAY,YAULI,JUNIN,22.333333333333332,False,48.11680212868452,True
965,160112,BELEN,MAYNAS,LORETO,2504.548387096774,False,,False
966,160803,TENIENTE MANUEL CLAVERO,PUTUMAYO,LORETO,237.04000000000002,False,,False
967,120117,HUALHUAS,HUANCAYO,JUNIN,1543.3333333333333,False,16.465308911668284,True
968,140107,LAGUNAS,CHICLAYO,LAMBAYEQUE,549.2631578947369,False,26.614794728685247,True
969,160801,PUTUMAYO,PUTUMAYO,LORETO,241.16666666666666,False,,False
970,140102,CHONGOYAPE,CHICLAYO,LAMBAYEQUE,724.0400000000001,False,40.509459867066205,True
971,120805,MOROCOCHA,YAULI,JUNIN,284.1333333333333,False,20.278538802242313,True
972,120108,CHONGOS ALTO,HUANCAYO,JUNIN,33.475,False,64.99973070609391,True
973,120210,MATAHUASI,CONCEPCION,JUNIN,646.375,False,4.695283479542819,True
974,160201,YURIMAGUAS,ALTO AMAZONAS,LORETO,1234.1166666666666,False,,False
975,160305,URARINAS,LORETO,LORETO,293.6538461538462,False,,False
976,140307,MOTUPE,LAMBAYEQUE,LAMBAYEQUE,749.5833333333334,False,52.53191032565172,True
977,140305,MOCHUMI,LAMBAYEQUE,LAMBAYEQUE,778.68,False,20.842970414259785,True
978,120708,SAN PEDRO DE CAJAS,TARMA,JUNIN,153.21621621621622,False,144.00634975417344,True
979,120807,SANTA BARBARA DE CARHUACAYAN,YAULI,JUNIN,24.989473684210523,False,115.74015588319884,True
980,160105,LAS AMAZONAS,MAYNAS,LORETO,283.59999999999997,False,,False
981,120405,CANCHAYLLO,JAUJA,JUNIN,118.42857142857143,True,42.7051524515525,True
982,120128,QUILCAS,HUANCAYO,JUNIN,152.42857142857142,False,14.790399559422868,True
983,160605,SARAYACU,UCAYALI,LORETO,676.5200000000001,False,,False
984,120603,LLAYLLA,SATIPO,JUNIN,401.0625,False,38.85581047810427,True
985,160113,SAN JUAN BAUTISTA,MAYNAS,LORETO,3236.38,False,68.78151772895922,True
986,140306,MORROPE,LAMBAYEQUE,LAMBAYEQUE,1282.5675675675675,False,30.46786905048717,True
987,120503,ONDORES,JUNIN,JUNIN,23.740259740259738,False,66.39339281590934,True
988,120124,PARIAHUANCA,HUANCAYO,JUNIN,174.75757575757575,False,148.07771392365908,True
989,160705,PASTAZA,DATEM DEL MARAÑON,LORETO,138.2127659574468,False,,False
990,160113,SAN JUAN BAUTISTA,MAYNAS,LORETO,3236.38,False,34.69397554580054,True
991,120420,MUQUI,JAUJA,JUNIN,239.99999999999997,False,13.54859723341434,True
992,160303,TIGRE,LORETO,LORETO,279.48387096774195,False,,False
993,160404,SAN PABLO,MARISCAL RAMON CASTILLA,LORETO,575.0,False,,False
994,160305,URARINAS,LORETO,LORETO,293.6538461538462,False,,False
995,120903,CHONGOS BAJO,CHUPACA,JUNIN,190.76190476190476,False,23.218036855649512,True
996,160404,SAN PABLO,MARISCAL RAMON CASTILLA,LORETO,575.0,False,,False
997,160606,VARGAS GUERRA,UCAYALI,LORETO,829.5454545454545,False,,False
998,160202,BALSAPUERTO,ALTO AMAZONAS,LORETO,311.0689655172414,False,107.6024094835139,True
999,160113,SAN JUAN BAUTISTA,MAYNAS,LORETO,3236.38,False,3.229294630656574,True
1000,120903,CHONGOS BAJO,CHUPACA,JUNIN,190.76190476190476,False,11.766747302028525,True
1001,160704,MORONA,DATEM DEL MARAÑON,LORETO,324.0238095238095,False,,False
1002,160201,YURIMAGUAS,ALTO AMAZONAS,LORETO,1234.1166666666666,False,13.744471520315756,True
1003,120802,CHACAPALPA,YAULI,JUNIN,10.352941176470587,False,39.16465013878331,True
1004,120403,APATA,JAUJA,JUNIN,83.34693877551021,False,92.11505796875934,True
1005,160112,BELEN,MAYNAS,LORETO,2504.548387096774,False,,False
1006,160303,TIGRE,LORETO,LORETO,279.48387096774195,False,,False
1007,140117,PATAPO,CHICLAYO,LAMBAYEQUE,1343.7058823529412,False,26.366792759312883,True
1008,140102,CHONGOYAPE,CHICLAYO,LAMBAYEQUE,724.0400000000001,False,59.51996871369875,True
1009,160705,PASTAZA,DATEM DEL MARAÑON,LORETO,138.2127659574468,False,,False
1010,140101,CHICLAYO,CHICLAYO,LAMBAYEQUE,8778.44117647059,False,0.40747827809129217,True
1011,160104,INDIANA,MAYNAS,LORETO,363.64516129032256,False,,False
1012,120809,SUITUCANCHA,YAULI,JUNIN,15.599999999999998,False,66.06740537562614,True
1013,120608,RIO TAMBO,SATIPO,JUNIN,729.2738095238095,False,163.62608037549498,True
1014,160206,LAGUNAS,ALTO AMAZONAS,LORETO,520.8571428571429,False,,False
1015,140101,CHICLAYO,CHICLAYO,LAMBAYEQUE,8778.44117647059,False,2.508366452827678,True
1016,120608,RIO TAMBO,SATIPO,JUNIN,729.2738095238095,False,,False
1017,120608,RIO TAMBO,SATIPO,JUNIN,729.2738095238095,False,53.51338255562517,True
1018,120112,COLCA,HUANCAYO,JUNIN,159.0769230769231,False,64.01055979272992,True
1019,120810,YAULI,YAULI,JUNIN,113.62222222222222,False,40.4646252873919,True
1020,140309,PACORA,LAMBAYEQUE,LAMBAYEQUE,429.3529411764706,False,28.37002823098385,True
1021,120810,YAULI,YAULI,JUNIN,113.62222222222222,False,52.05406385845568,True
1022,160206,LAGUNAS,ALTO AMAZONAS,LORETO,520.8571428571429,False,,False
1023,160706,ANDOAS,DATEM DEL MARAÑON,LORETO,221.87931034482762,False,,False
1024,120124,PARIAHUANCA,HUANCAYO,JUNIN,174.75757575757575,False,116.63131317415721,True
1025,120604,MAZAMARI,SATIPO,JUNIN,1065.8032786885246,False,19.306910169497932,True
1026,120608,RIO TAMBO,SATIPO,JUNIN,729.2738095238095,False,,False
1027,160402,PEBAS,MARISCAL RAMON CASTILLA,LORETO,346.1372549019608,False,,False
1028,140112,PIMENTEL,CHICLAYO,LAMBAYEQUE,1706.4814814814818,False,6.798218612476577,True
1029,140203,INCAHUASI,FERREÑAFE,LAMBAYEQUE,302.5576923076923,False,116.75068974481705,True
1030,160403,YAVARI,MARISCAL RAMON CASTILLA,LORETO,362.55555555555554,False,,False
1031,160706,ANDOAS,DATEM DEL MARAÑON,LORETO,221.87931034482762,False,,False
1032,120701,TARMA,TARMA,JUNIN,941.4285714285714,False,25.603455257169514,True
1033,120801,LA OROYA,YAULI,JUNIN,349.3611111111111,False,12.294894819414509,True
1034,120604,MAZAMARI,SATIPO,JUNIN,1065.8032786885246,False,14.029109638816605,True
1035,160202,BALSAPUERTO,ALTO AMAZONAS,LORETO,311.0689655172414,False,96.46979442837137,True
1036,160202,BALSAPUERTO,ALTO AMAZONAS,LORETO,311.0689655172414,False,,False
1037,140107,LAGUNAS,CHICLAYO,LAMBAYEQUE,549.2631578947369,False,28.782352056673663,True
1038,120121,HUAYUCACHI,HUANCAYO,JUNIN,2166.25,False,6.664970660661976,True
1039,120803,HUAY-HUAY,YAULI,JUNIN,22.333333333333332,False,37.100708714374456,True
1040,140306,MORROPE,LAMBAYEQUE,LAMBAYEQUE,1282.5675675675675,False,16.062804449555756,True
1041,120428,SAN LORENZO,JAUJA,JUNIN,278.77777777777777,False,14.514662321886007,True
1042,140107,LAGUNAS,CHICLAYO,LAMBAYEQUE,549.2631578947369,False,35.105380172108376,True
1043,160402,PEBAS,MARISCAL RAMON CASTILLA,LORETO,346.1372549019608,False,,False
1044,160303,TIGRE,LORETO,LORETO,279.48387096774195,False,,False
1045,140117,PATAPO,CHICLAYO,LAMBAYEQUE,1343.7058823529412,False,18.91750827720545,True
1046,120609,VIZCATAN DEL ENE,SATIPO,JUNIN,223.3125,False,,False
1047,120434,YAUYOS,JAUJA,JUNIN,1170.0,False,2.8356899045992687,True
1048,140308,OLMOS,LAMBAYEQUE,LAMBAYEQUE,437.7578947368421,False,116.69925316423505,True
1049,120117,HUALHUAS,HUANCAYO,JUNIN,1543.3333333333333,True,11.935877211160594,True
1050,160606,VARGAS GUERRA,UCAYALI,LORETO,829.5454545454545,False,,False
1051,160606,VARGAS GUERRA,UCAYALI,LORETO,829.5454545454545,False,,False
1052,160103,FERNANDO LORES,MAYNAS,LORETO,349.93220338983053,False,,False
1053,120802,CHACAPALPA,YAULI,JUNIN,10.352941176470587,False,34.79976352317719,True
1054,160505,MAQUIA,REQUENA,LORETO,340.32000000000005,False,,False
1055,120606,PANGOA,SATIPO,JUNIN,618.2346938775511,False,3.157411625047352,True
1056,160112,BELEN,MAYNAS,LORETO,2504.548387096774,False,3.5935844522858273,True
1057,120503,ONDORES,JUNIN,JUNIN,23.740259740259738,False,60.49627019539342,True
1058,160704,MORONA,DATEM DEL MARAÑON,LORETO,324.0238095238095,False,,False
1059,120805,MOROCOCHA,YAULI,JUNIN,284.1333333333333,False,35.316598584868,True
1060,120606,PANGOA,SATIPO,JUNIN,618.2346938775511,False,49.27146538697424,True
1061,120105,CHACAPAMPA,HUANCAYO,JUNIN,67.5,False,73.57536870866731,True
1062,120419,MONOBAMBA,JAUJA,JUNIN,95.9090909090909,False,46.321296613992445,True
1063,160102,ALTO NANAY,MAYNAS,LORETO,102.13333333333334,False,,False
1064,120907,SAN JUAN DE JARPA,CHUPACA,JUNIN,513.8571428571429,False,59.09140415657386,True
1065,120607,RIO NEGRO,SATIPO,JUNIN,650.0,False,24.455627934578715,True
1066,120135,SANTO DOMINGO DE ACOBAMBA,HUANCAYO,JUNIN,268.1379310344828,False,153.97762079788225,True
1067,120809,SUITUCANCHA,YAULI,JUNIN,15.599999999999998,False,84.65361085078672,True
1068,120706,PALCA,TARMA,JUNIN,223.4,False,23.014027237983836,True
1069,140206,PUEBLO NUEVO,FERREÑAFE,LAMBAYEQUE,1047.6153846153848,False,19.17018932346224,True
1070,120802,CHACAPALPA,YAULI,JUNIN,10.352941176470587,False,34.82639453296512,True
1071,120215,SANTA ROSA DE OCOPA,CONCEPCION,JUNIN,507.49999999999994,True,6.401151877568526,True
1072,120124,PARIAHUANCA,HUANCAYO,JUNIN,174.75757575757575,False,102.35999973002714,True
1073,140120,TUMAN,CHICLAYO,LAMBAYEQUE,2362.538461538462,False,17.416175728171073,True
1074,140308,OLMOS,LAMBAYEQUE,LAMBAYEQUE,437.7578947368421,False,123.6168845957274,True
1075,160112,BELEN,MAYNAS,LORETO,2504.548387096774,False,,False
1076,120135,SANTO DOMINGO DE ACOBAMBA,HUANCAYO,JUNIN,268.1379310344828,False,159.46050523744108,True
1077,160113,SAN JUAN BAUTISTA,MAYNAS,LORETO,3236.38,False,8.34292790704315,True
1078,120701,TARMA,TARMA,JUNIN,941.4285714285714,False,14.43641841314464,True
1079,120433,YAULI,JAUJA,JUNIN,108.66666666666667,False,10.91234508705475,True
1080,120406,CURICACA,JAUJA,JUNIN,164.5,False,37.89734197456068,True
1081,140203,INCAHUASI,FERREÑAFE,LAMBAYEQUE,302.5576923076923,False,173.63695610214867,True
1082,120804,MARCAPOMACOCHA,YAULI,JUNIN,14.252747252747252,False,89.23540362415788,True
1083,120125,PILCOMAYO,HUANCAYO,JUNIN,8531.0,True,4.3473521945175015,True
1084,160107,NAPO,MAYNAS,LORETO,371.00000000000006,False,1.0612911341455187,True
1085,120303,PICHANAQUI,CHANCHAMAYO,JUNIN,1118.71875,False,54.82466916056436,True
1086,120302,PERENE,CHANCHAMAYO,JUNIN,902.7325581395348,False,32.47553819478614,True
1087,160201,YURIMAGUAS,ALTO AMAZONAS,LORETO,1234.1166666666666,False,8.48069784447424,True
1088,160501,REQUENA,REQUENA,LORETO,1107.2857142857142,False,,False
1089,120303,PICHANAQUI,CHANCHAMAYO,JUNIN,1118.71875,False,51.84674612762931,True
1090,120124,PARIAHUANCA,HUANCAYO,JUNIN,174.75757575757575,False,111.56887088435076,True
1091,140101,CHICLAYO,CHICLAYO,LAMBAYEQUE,8778.44117647059,False,1.2379584731215056,True
1092,120608,RIO TAMBO,SATIPO,JUNIN,729.2738095238095,False,71.69050625411415,True
1093,120807,SANTA BARBARA DE CARHUACAYAN,YAULI,JUNIN,24.989473684210523,False,92.97203172303527,True
1094,160401,RAMON CASTILLA,MARISCAL RAMON CASTILLA,LORETO,595.7142857142858,False,,False
1095,120133,SAPALLANGA,HUANCAYO,JUNIN,858.6,False,31.718533996637056,True
1096,120501,JUNIN,JUNIN,JUNIN,96.85714285714286,False,27.622542848636883,True
1097,140205,PITIPO,FERREÑAFE,LAMBAYEQUE,691.8285714285714,False,76.24109833799092,True
1098,120207,HEROINAS TOLEDO,CONCEPCION,JUNIN,119.30000000000001,False,14.596297375384273,True
1099,120134,SICAYA,HUANCAYO,JUNIN,907.3333333333333,False,11.5048521234939,True
1100,120428,SAN LORENZO,JAUJA,JUNIN,278.77777777777777,False,33.12527164095803,True
1101,120301,CHANCHAMAYO,CHANCHAMAYO,JUNIN,654.3684210526316,False,99.20300204963794,True
1102,140310,SALAS,LAMBAYEQUE,LAMBAYEQUE,200.86153846153846,False,152.08629299141722,True
1103,120124,PARIAHUANCA,HUANCAYO,JUNIN,174.75757575757575,False,95.32896798158278,True
1104,120803,HUAY-HUAY,YAULI,JUNIN,22.333333333333332,False,48.11680212868452,True
1105,160201,YURIMAGUAS,ALTO AMAZONAS,LORETO,1234.1166666666666,False,,False
1106,120504,ULCUMAYO,JUNIN,JUNIN,93.27419354838709,False,58.60815038131404,True
1107,120132,SAÑO,HUANCAYO,JUNIN,816.4,True,12.755047172135372,True
1108,120607,RIO NEGRO,SATIPO,JUNIN,650.0,False,8.647664277381985,True
1109,160210,SANTA CRUZ,ALTO AMAZONAS,LORETO,188.95833333333334,False,,False
1110,160401,RAMON CASTILLA,MARISCAL RAMON CASTILLA,LORETO,595.7142857142858,False,,False
1111,160605,SARAYACU,UCAYALI,LORETO,676.5200000000001,False,,False
1112,120113,CULLHUAS,HUANCAYO,JUNIN,244.88888888888886,False,26.55955604716921,True
1113,160604,PAMPA HERMOSA,UCAYALI,LORETO,615.6111111111111,False,,False
1114,120126,PUCARA,HUANCAYO,JUNIN,455.27272727272725,False,35.02659875054814,True
1115,120303,PICHANAQUI,CHANCHAMAYO,JUNIN,1118.71875,False,49.099267098232076,True
1116,160107,NAPO,MAYNAS,LORETO,371.00000000000006,False,,False
1117,160107,NAPO,MAYNAS,LORETO,371.00000000000006,False,,False
1118,160201,YURIMAGUAS,ALTO AMAZONAS,LORETO,1234.1166666666666,False,14.393060937519842,True
1119,120403,APATA,JAUJA,JUNIN,83.34693877551021,False,22.07902530239738,True
1120,160704,MORONA,DATEM DEL MARAÑON,LORETO,324.0238095238095,False,,False
1121,120210,MATAHUASI,CONCEPCION,JUNIN,646.375,False,5.1675419547987,True
1122,160403,YAVARI,MARISCAL RAMON CASTILLA,LORETO,362.55555555555554,False,,False
1123,120302,PERENE,CHANCHAMAYO,JUNIN,902.7325581395348,False,9.233139942854411,True
1124,160706,ANDOAS,DATEM DEL MARAÑON,LORETO,221.87931034482762,False,,False
1125,160305,URARINAS,LORETO,LORETO,293.6538461538462,False,,False
1126,120124,PARIAHUANCA,HUANCAYO,JUNIN,174.75757575757575,False,98.83261542464251,True
1127,120907,SAN JUAN DE JARPA,CHUPACA,JUNIN,513.8571428571429,False,50.225651718767246,True
1128,120206,COMAS,CONCEPCION,JUNIN,134.95555555555555,False,88.25526663406282,True
1129,160205,JEBEROS,ALTO AMAZONAS,LORETO,272.65000000000003,False,,False
1130,120909,YANACANCHA,CHUPACA,JUNIN,65.68518518518518,False,73.52199854799548,True
1131,160703,MANSERICHE,DATEM DEL MARAÑON,LORETO,396.55555555555554,False,,False
1132,120807,SANTA BARBARA DE CARHUACAYAN,YAULI,JUNIN,24.989473684210523,False,122.2388080904141,True
1133,120903,CHONGOS BAJO,CHUPACA,JUNIN,190.76190476190476,False,36.905237860970786,True
1134,160501,REQUENA,REQUENA,LORETO,1107.2857142857142,False,,False
1135,120303,PICHANAQUI,CHANCHAMAYO,JUNIN,1118.71875,False,68.63473488652106,True
1136,120305,SAN RAMON,CHANCHAMAYO,JUNIN,746.7567567567568,False,9.006848792005819,True
1137,120604,MAZAMARI,SATIPO,JUNIN,1065.8032786885246,False,14.96716238289949,True
1138,160404,SAN PABLO,MARISCAL RAMON CASTILLA,LORETO,575.0,False,,False
1139,160703,MANSERICHE,DATEM DEL MARAÑON,LORETO,396.55555555555554,False,,False
1140,120702,ACOBAMBA,TARMA,JUNIN,849.125,False,21.9205807995269,True
1141,140312,TUCUME,LAMBAYEQUE,LAMBAYEQUE,1108.952380952381,False,24.870988421856655,True
1142,120135,SANTO DOMINGO DE ACOBAMBA,HUANCAYO,JUNIN,268.1379310344828,False,,False
1143,120502,CARHUAMAYO,JUNIN,JUNIN,228.47058823529414,False,36.53271932862835,True
1144,160502,ALTO TAPICHE,REQUENA,LORETO,164.53846153846155,False,,False
1145,120113,CULLHUAS,HUANCAYO,JUNIN,244.88888888888886,False,31.40421607932314,True
1146,120423,PACCHA,JAUJA,JUNIN,164.09090909090907,False,17.078374991608943,True
1147,140301,LAMBAYEQUE,LAMBAYEQUE,LAMBAYEQUE,2049.0769230769233,False,0.5175294423087021,True
1148,120909,YANACANCHA,CHUPACA,JUNIN,65.68518518518518,False,82.69600918356684,True
1149,120606,PANGOA,SATIPO,JUNIN,618.2346938775511,False,90.0236276912024,True
1150,160301,NAUTA,LORETO,LORETO,567.2407407407408,False,102.55435769200375,True
1151,160804,YAGUAS,PUTUMAYO,LORETO,113.8181818181818,False,,False
1152,120607,RIO NEGRO,SATIPO,JUNIN,650.0,False,56.608628139705445,True
1153,140304,JAYANCA,LAMBAYEQUE,LAMBAYEQUE,601.3000000000001,False,42.67515145592296,True
1154,120503,ONDORES,JUNIN,JUNIN,23.740259740259738,False,63.56125222021018,True
1155,160603,PADRE MARQUEZ,UCAYALI,LORETO,564.3571428571429,False,,False
1156,160506,PUINAHUA,REQUENA,LORETO,617.0,False,,False
1157,120701,TARMA,TARMA,JUNIN,941.4285714285714,False,18.95116706988879,True
1158,120706,PALCA,TARMA,JUNIN,223.4,False,29.473721512221147,True
1159,140108,MONSEFU,CHICLAYO,LAMBAYEQUE,1404.9565217391305,False,15.265594014742348,True
1160,160206,LAGUNAS,ALTO AMAZONAS,LORETO,520.8571428571429,False,,False
1161,140309,PACORA,LAMBAYEQUE,LAMBAYEQUE,429.3529411764706,False,35.666458116755265,True
1162,160303,TIGRE,LORETO,LORETO,279.48387096774195,False,,False
1163,140205,PITIPO,FERREÑAFE,LAMBAYEQUE,691.8285714285714,False,29.065735919452955,True
1164,140310,SALAS,LAMBAYEQUE,LAMBAYEQUE,200.86153846153846,False,94.30358874517124,True
1165,160701,BARRANCA,DATEM DEL MARAÑON,LORETO,379.5405405405405,False,,False
1166,140306,MORROPE,LAMBAYEQUE,LAMBAYEQUE,1282.5675675675675,False,30.395016757894354,True
1167,160104,INDIANA,MAYNAS,LORETO,363.64516129032256,False,,False
1168,160702,CAHUAPANAS,DATEM DEL MARAÑON,LORETO,278.6774193548387,False,,False
1169,120708,SAN PEDRO DE CAJAS,TARMA,JUNIN,153.21621621621622,False,50.24326171255396,True
1170,120607,RIO NEGRO,SATIPO,JUNIN,650.0,False,41.166733011354054,True
1171,120403,APATA,JAUJA,JUNIN,83.34693877551021,False,26.816163189691366,True
1172,120804,MARCAPOMACOCHA,YAULI,JUNIN,14.252747252747252,False,84.76756806570658,True
1173,140201,FERREÑAFE,FERREÑAFE,LAMBAYEQUE,1710.4285714285716,False,23.59655718150431,True
1174,120604,MAZAMARI,SATIPO,JUNIN,1065.8032786885246,False,15.847066952311017,True
1175,120411,JANJAILLO,JAUJA,JUNIN,68.1,False,28.447621513848848,True
1176,120803,HUAY-HUAY,YAULI,JUNIN,22.333333333333332,False,39.78953768376691,True
1177,120504,ULCUMAYO,JUNIN,JUNIN,93.27419354838709,False,93.3121105775599,True
1178,120108,CHONGOS ALTO,HUANCAYO,JUNIN,33.475,False,,False
1179,120608,RIO TAMBO,SATIPO,JUNIN,729.2738095238095,False,,False
1180,120602,COVIRIALI,SATIPO,JUNIN,372.4705882352941,False,13.70609315779562,True
1181,120504,ULCUMAYO,JUNIN,JUNIN,93.27419354838709,False,73.29640150894937,True
1182,140203,INCAHUASI,FERREÑAFE,LAMBAYEQUE,302.5576923076923,False,96.16700677885756,True
1183,120707,PALCAMAYO,TARMA,JUNIN,382.92,False,36.945344896635376,True
1184,160511,YAQUERANA,REQUENA,LORETO,237.69230769230768,False,,False
1185,160112,BELEN,MAYNAS,LORETO,2504.548387096774,False,,False
1186,120906,SAN JUAN DE ISCOS,CHUPACA,JUNIN,424.6,False,12.233834589309442,True
1187,140116,CAYALTI,CHICLAYO,LAMBAYEQUE,1224.2307692307693,False,45.952662406470054,True
1188,120704,HUASAHUASI,TARMA,JUNIN,296.11538461538464,False,69.58405145049323,True
1189,120214,SAN JOSE DE QUERO,CONCEPCION,JUNIN,254.41666666666669,False,42.436444284848285,True
1190,140301,LAMBAYEQUE,LAMBAYEQUE,LAMBAYEQUE,2049.0769230769233,False,13.964367278563977,True
1191,160303,TIGRE,LORETO,LORETO,279.48387096774195,False,,False
1192,160305,URARINAS,LORETO,LORETO,293.6538461538462,False,,False
1193,120501,JUNIN,JUNIN,JUNIN,96.85714285714286,False,25.53869951590858,True
1194,160402,PEBAS,MARISCAL RAMON CASTILLA,LORETO,346.1372549019608,False,,False
1195,120807,SANTA BARBARA DE CARHUACAYAN,YAULI,JUNIN,24.989473684210523,False,95.75284796165163,True
1196,140201,FERREÑAFE,FERREÑAFE,LAMBAYEQUE,1710.4285714285716,False,29.440786758324315,True
1197,120803,HUAY-HUAY,YAULI,JUNIN,22.333333333333332,False,39.65477958900503,True
1198,120804,MARCAPOMACOCHA,YAULI,JUNIN,14.252747252747252,False,61.48015800682219,True
1199,120302,PERENE,CHANCHAMAYO,JUNIN,902.7325581395348,False,55.094905759297724,True
1200,160113,SAN JUAN BAUTISTA,MAYNAS,LORETO,3236.38,False,5.3354783423526415,True
1201,160201,YURIMAGUAS,ALTO AMAZONAS,LORETO,1234.1166666666666,False,,False
1202,160201,YURIMAGUAS,ALTO AMAZONAS,LORETO,1234.1166666666666,False,,False
1203,120805,MOROCOCHA,YAULI,JUNIN,284.1333333333333,False,31.361308339554427,True
1204,160701,BARRANCA,DATEM DEL MARAÑON,LORETO,379.5405405405405,False,,False
1205,140309,PACORA,LAMBAYEQUE,LAMBAYEQUE,429.3529411764706,False,32.25736139200244,True
1206,120410,HUERTAS,JAUJA,JUNIN,205.50000000000003,False,6.13338537312344,True
1207,140105,JOSE LEONARDO ORTIZ,CHICLAYO,LAMBAYEQUE,11714.352941176472,False,3.107461830948015,True
1208,120431,SINCOS,JAUJA,JUNIN,307.0,False,35.491724835422986,True
1209,160101,IQUITOS,MAYNAS,LORETO,10790.857142857143,False,5.253702325090116,True
1210,120203,ANDAMARCA,CONCEPCION,JUNIN,206.1818181818182,False,142.45536130377045,True
1211,120501,JUNIN,JUNIN,JUNIN,96.85714285714286,False,18.070638515604763,True
1212,140307,MOTUPE,LAMBAYEQUE,LAMBAYEQUE,749.5833333333334,False,62.07160147679195,True
1213,120807,SANTA BARBARA DE CARHUACAYAN,YAULI,JUNIN,24.989473684210523,False,100.24209499103819,True
1214,160803,TENIENTE MANUEL CLAVERO,PUTUMAYO,LORETO,237.04000000000002,False,,False
1215,120606,PANGOA,SATIPO,JUNIN,618.2346938775511,False,200.02540988495338,True
1216,120609,VIZCATAN DEL ENE,SATIPO,JUNIN,223.3125,False,248.81461674647414,True
1217,160102,ALTO NANAY,MAYNAS,LORETO,102.13333333333334,False,,False
1218,160402,PEBAS,MARISCAL RAMON CASTILLA,LORETO,346.1372549019608,False,,False
1219,120604,MAZAMARI,SATIPO,JUNIN,1065.8032786885246,False,10.318714434130165,True
1220,140112,PIMENTEL,CHICLAYO,LAMBAYEQUE,1706.4814814814818,False,3.3632729493780946,True
1221,120201,CONCEPCION,CONCEPCION,JUNIN,2144.285714285714,False,2.5510274390375547,True
1222,120909,YANACANCHA,CHUPACA,JUNIN,65.68518518518518,False,81.97423142374375,True
1223,160704,MORONA,DATEM DEL MARAÑON,LORETO,324.0238095238095,False,,False
1224,160304,TROMPETEROS,LORETO,LORETO,533.1428571428572,False,,False
1225,160706,ANDOAS,DATEM DEL MARAÑON,LORETO,221.87931034482762,False,,False
1226,140311,SAN JOSE,LAMBAYEQUE,LAMBAYEQUE,2106.375,False,12.606588566922337,True
1227,120501,JUNIN,JUNIN,JUNIN,96.85714285714286,False,20.971481381660176,True
1228,120802,CHACAPALPA,YAULI,JUNIN,10.352941176470587,False,39.16465013878331,True
1229,160103,FERNANDO LORES,MAYNAS,LORETO,349.93220338983053,False,,False
1230,120809,SUITUCANCHA,YAULI,JUNIN,15.599999999999998,False,55.16376647416768,True
1231,140306,MORROPE,LAMBAYEQUE,LAMBAYEQUE,1282.5675675675675,False,29.404835197543612,True
1232,160103,FERNANDO LORES,MAYNAS,LORETO,349.93220338983053,False,,False
1233,120209,MARISCAL CASTILLA,CONCEPCION,JUNIN,118.0,True,76.202555393776,True
1234,160108,PUNCHANA,MAYNAS,LORETO,3038.7419354838707,False,1.6629418743918125,True
1235,120209,MARISCAL CASTILLA,CONCEPCION,JUNIN,118.0,False,78.46307938116468,True
1236,120606,PANGOA,SATIPO,JUNIN,618.2346938775511,False,19.23525966975156,True
1237,160404,SAN PABLO,MARISCAL RAMON CASTILLA,LORETO,575.0,False,,False
1238,140201,FERREÑAFE,FERREÑAFE,LAMBAYEQUE,1710.4285714285716,False,22.53116647458745,True
1239,120101,HUANCAYO,HUANCAYO,JUNIN,7439.062500000001,False,1.674958508098185,True
1240,120909,YANACANCHA,CHUPACA,JUNIN,65.68518518518518,False,68.536567739601,True
1241,120420,MUQUI,JAUJA,JUNIN,239.99999999999997,False,11.122816470974252,True
1242,120128,QUILCAS,HUANCAYO,JUNIN,152.42857142857142,False,19.941192505242444,True
1243,140305,MOCHUMI,LAMBAYEQUE,LAMBAYEQUE,778.68,False,18.34671694127568,True
1244,120203,ANDAMARCA,CONCEPCION,JUNIN,206.1818181818182,False,99.9549885338637,True
1245,160604,PAMPA HERMOSA,UCAYALI,LORETO,615.6111111111111,False,277.89255799482396,True
1246,120606,PANGOA,SATIPO,JUNIN,618.2346938775511,False,80.89621313232811,True
1247,160402,PEBAS,MARISCAL RAMON CASTILLA,LORETO,346.1372549019608,False,,False
1248,160705,PASTAZA,DATEM DEL MARAÑON,LORETO,138.2127659574468,False,,False
1249,160804,YAGUAS,PUTUMAYO,LORETO,113.8181818181818,False,,False
1250,120608,RIO TAMBO,SATIPO,JUNIN,729.2738095238095,False,452.941619196997,True
1251,140312,TUCUME,LAMBAYEQUE,LAMBAYEQUE,1108.952380952381,False,23.478954228437047,True
1252,160305,URARINAS,LORETO,LORETO,293.6538461538462,False,,False
1253,160706,ANDOAS,DATEM DEL MARAÑON,LORETO,221.87931034482762,False,,False
1254,140113,REQUE,CHICLAYO,LAMBAYEQUE,1398.7272727272727,False,10.14510327280874,True
1255,120214,SAN JOSE DE QUERO,CONCEPCION,JUNIN,254.41666666666669,False,86.07829245960548,True
1256,120409,HUARIPAMPA,JAUJA,JUNIN,418.0,False,5.297505512267045,True
1257,120608,RIO TAMBO,SATIPO,JUNIN,729.2738095238095,False,69.86055398778691,True
1258,120804,MARCAPOMACOCHA,YAULI,JUNIN,14.252747252747252,False,,False
1259,120704,HUASAHUASI,TARMA,JUNIN,296.11538461538464,False,70.27462956831144,True
1260,120809,SUITUCANCHA,YAULI,JUNIN,15.599999999999998,False,66.06740537562614,True
1261,160508,SOPLIN,REQUENA,LORETO,117.83333333333333,False,,False
1262,120301,CHANCHAMAYO,CHANCHAMAYO,JUNIN,654.3684210526316,False,4.990152766402443,True
1263,140101,CHICLAYO,CHICLAYO,LAMBAYEQUE,8778.44117647059,False,1.800075157327107,True
1264,120909,YANACANCHA,CHUPACA,JUNIN,65.68518518518518,False,96.705710188026,True
1265,120707,PALCAMAYO,TARMA,JUNIN,382.92,False,22.48611956433159,True
1266,120503,ONDORES,JUNIN,JUNIN,23.740259740259738,False,56.8583002239197,True
1267,120501,JUNIN,JUNIN,JUNIN,96.85714285714286,False,,False
1268,160304,TROMPETEROS,LORETO,LORETO,533.1428571428572,False,,False
1269,140310,SALAS,LAMBAYEQUE,LAMBAYEQUE,200.86153846153846,False,108.23684615040979,True
1270,160403,YAVARI,MARISCAL RAMON CASTILLA,LORETO,362.55555555555554,False,,False
1271,160605,SARAYACU,UCAYALI,LORETO,676.5200000000001,False,,False
1272,120207,HEROINAS TOLEDO,CONCEPCION,JUNIN,119.30000000000001,False,11.336918305507627,True
1273,120804,MARCAPOMACOCHA,YAULI,JUNIN,14.252747252747252,False,89.81410118239974,True
1274,160107,NAPO,MAYNAS,LORETO,371.00000000000006,False,,False
1275,160604,PAMPA HERMOSA,UCAYALI,LORETO,615.6111111111111,False,290.1018186922286,True
1276,120802,CHACAPALPA,YAULI,JUNIN,10.352941176470587,False,39.16465013878331,True
1277,160305,URARINAS,LORETO,LORETO,293.6538461538462,False,,False
1278,140302,CHOCHOPE,LAMBAYEQUE,LAMBAYEQUE,124.66666666666666,False,68.05587460367073,True
1279,120803,HUAY-HUAY,YAULI,JUNIN,22.333333333333332,False,50.00927773212699,True
1280,120601,SATIPO,SATIPO,JUNIN,650.0597014925373,False,3.038380236104011,True
1281,160402,PEBAS,MARISCAL RAMON CASTILLA,LORETO,346.1372549019608,False,,False
1282,120501,JUNIN,JUNIN,JUNIN,96.85714285714286,False,13.151877714538712,True
1283,120604,MAZAMARI,SATIPO,JUNIN,1065.8032786885246,False,19.25427394765178,True
1284,160305,URARINAS,LORETO,LORETO,293.6538461538462,False,,False
1285,120803,HUAY-HUAY,YAULI,JUNIN,22.333333333333332,False,37.56118124257077,True
1286,160605,SARAYACU,UCAYALI,LORETO,676.5200000000001,False,,False
1287,120119,HUANCAN,HUANCAYO,JUNIN,3624.0,False,9.559734238954423,True
1288,160701,BARRANCA,DATEM DEL MARAÑON,LORETO,379.5405405405405,False,,False
1289,160103,FERNANDO LORES,MAYNAS,LORETO,349.93220338983053,False,,False
1290,120302,PERENE,CHANCHAMAYO,JUNIN,902.7325581395348,False,36.721834209120864,True
1291,120303,PICHANAQUI,CHANCHAMAYO,JUNIN,1118.71875,False,95.32164966062528,True
1292,120608,RIO TAMBO,SATIPO,JUNIN,729.2738095238095,False,50.92187903866675,True
1293,140116,CAYALTI,CHICLAYO,LAMBAYEQUE,1224.2307692307693,False,51.11175024016977,True
1294,120434,YAUYOS,JAUJA,JUNIN,1170.0,True,1.4482123016643444,True
1295,160401,RAMON CASTILLA,MARISCAL RAMON CASTILLA,LORETO,595.7142857142858,False,,False
1296,120909,YANACANCHA,CHUPACA,JUNIN,65.68518518518518,False,71.18809126586714,True
1297,160305,URARINAS,LORETO,LORETO,293.6538461538462,False,,False
1298,160206,LAGUNAS,ALTO AMAZONAS,LORETO,520.8571428571429,False,,False
1299,120201,CONCEPCION,CONCEPCION,JUNIN,2144.285714285714,False,7.996658767221774,True
1300,120608,RIO TAMBO,SATIPO,JUNIN,729.2738095238095,False,428.1558780730184,True
1301,120909,YANACANCHA,CHUPACA,JUNIN,65.68518518518518,False,72.92506141913803,True
1302,120804,MARCAPOMACOCHA,YAULI,JUNIN,14.252747252747252,False,117.31275956427889,True
1303,120302,PERENE,CHANCHAMAYO,JUNIN,902.7325581395348,False,26.214628300617793,True
1304,120606,PANGOA,SATIPO,JUNIN,618.2346938775511,False,129.1171870975459,True
1305,120807,SANTA BARBARA DE CARHUACAYAN,YAULI,JUNIN,24.989473684210523,False,72.71834412472268,True
1306,140310,SALAS,LAMBAYEQUE,LAMBAYEQUE,200.86153846153846,False,133.15606714787373,True
1307,160803,TENIENTE MANUEL CLAVERO,PUTUMAYO,LORETO,237.04000000000002,False,,False
1308,140110,OYOTUN,CHICLAYO,LAMBAYEQUE,449.0454545454545,False,88.63718952816346,True
1309,120702,ACOBAMBA,TARMA,JUNIN,849.125,False,22.702132851489196,True
1310,160303,TIGRE,LORETO,LORETO,279.48387096774195,False,,False
1311,120306,VITOC,CHANCHAMAYO,JUNIN,96.33333333333333,False,15.654056195833485,True
1312,120301,CHANCHAMAYO,CHANCHAMAYO,JUNIN,654.3684210526316,False,44.30252546938983,True
1313,160110,TORRES CAUSANA,MAYNAS,LORETO,327.375,False,,False
1314,120106,CHICCHE,HUANCAYO,JUNIN,112.625,False,41.372809095827265,True
1315,140120,TUMAN,CHICLAYO,LAMBAYEQUE,2362.538461538462,False,14.952978062760398,True
1316,120501,JUNIN,JUNIN,JUNIN,96.85714285714286,False,11.001107499376191,True
1317,120306,VITOC,CHANCHAMAYO,JUNIN,96.33333333333333,False,29.00200603090692,True
1318,120601,SATIPO,SATIPO,JUNIN,650.0597014925373,False,42.246494560471106,True
1319,120807,SANTA BARBARA DE CARHUACAYAN,YAULI,JUNIN,24.989473684210523,False,114.34749378379975,True
1320,160404,SAN PABLO,MARISCAL RAMON CASTILLA,LORETO,575.0,False,,False
1321,120907,SAN JUAN DE JARPA,CHUPACA,JUNIN,513.8571428571429,False,52.72908253559374,True
1322,120403,APATA,JAUJA,JUNIN,83.34693877551021,False,50.866778836450216,True
1323,120807,SANTA BARBARA DE CARHUACAYAN,YAULI,JUNIN,24.989473684210523,False,72.71834412472268,True
1324,120810,YAULI,YAULI,JUNIN,113.62222222222222,False,52.05406385845568,True
1325,120127,QUICHUAY,HUANCAYO,JUNIN,193.88888888888886,False,52.93857559736872,True
1326,120408,HUAMALI,JAUJA,JUNIN,452.25000000000006,False,9.625799546480541,True
1327,120608,RIO TAMBO,SATIPO,JUNIN,729.2738095238095,False,417.6340186460513,True
1328,160202,BALSAPUERTO,ALTO AMAZONAS,LORETO,311.0689655172414,False,,False
1329,120206,COMAS,CONCEPCION,JUNIN,134.95555555555555,False,86.2243743506155,True
1330,120122,INGENIO,HUANCAYO,JUNIN,358.14285714285717,False,15.12500752469019,True
1331,120302,PERENE,CHANCHAMAYO,JUNIN,902.7325581395348,False,69.11024403787152,True
1332,120804,MARCAPOMACOCHA,YAULI,JUNIN,14.252747252747252,False,124.81800076741695,True
1333,120806,PACCHA,YAULI,JUNIN,58.89285714285714,False,36.1971544635332,True
1334,120903,CHONGOS BAJO,CHUPACA,JUNIN,190.76190476190476,False,42.873719829205626,True
1335,120302,PERENE,CHANCHAMAYO,JUNIN,902.7325581395348,False,19.794304710823596,True
1336,160401,RAMON CASTILLA,MARISCAL RAMON CASTILLA,LORETO,595.7142857142858,False,,False
1337,120708,SAN PEDRO DE CAJAS,TARMA,JUNIN,153.21621621621622,False,33.70680856546524,True
1338,140310,SALAS,LAMBAYEQUE,LAMBAYEQUE,200.86153846153846,False,112.40417288874228,True
1339,120501,JUNIN,JUNIN,JUNIN,96.85714285714286,False,10.263004047965332,True
1340,120802,CHACAPALPA,YAULI,JUNIN,10.352941176470587,False,37.56118124257077,True
1341,160201,YURIMAGUAS,ALTO AMAZONAS,LORETO,1234.1166666666666,False,31.450212210382713,True
1342,160401,RAMON CASTILLA,MARISCAL RAMON CASTILLA,LORETO,595.7142857142858,True,,False
1343,120810,YAULI,YAULI,JUNIN,113.62222222222222,False,49.19603086952533,True
1344,160507,SAQUENA,REQUENA,LORETO,558.3333333333333,False,,False
1345,120804,MARCAPOMACOCHA,YAULI,JUNIN,14.252747252747252,False,88.09174395454706,True
1346,120302,PERENE,CHANCHAMAYO,JUNIN,902.7325581395348,False,40.99085604717134,True
1347,160103,FERNANDO LORES,MAYNAS,LORETO,349.93220338983053,False,,False
1348,160305,URARINAS,LORETO,LORETO,293.6538461538462,False,,False
1349,160402,PEBAS,MARISCAL RAMON CASTILLA,LORETO,346.1372549019608,False,,False
1350,120604,MAZAMARI,SATIPO,JUNIN,1065.8032786885246,False,50.95770004381229,True
1351,160301,NAUTA,LORETO,LORETO,567.2407407407408,False,110.3781800068347,True
1352,120807,SANTA BARBARA DE CARHUACAYAN,YAULI,JUNIN,24.989473684210523,False,105.45765127378182,True
1353,160706,ANDOAS,DATEM DEL MARAÑON,LORETO,221.87931034482762,False,,False
1354,140310,SALAS,LAMBAYEQUE,LAMBAYEQUE,200.86153846153846,False,107.10760763384705,True
1355,120606,PANGOA,SATIPO,JUNIN,618.2346938775511,False,124.89761562117022,True
1356,160601,CONTAMANA,UCAYALI,LORETO,638.5909090909091,False,,False
1357,120809,SUITUCANCHA,YAULI,JUNIN,15.599999999999998,False,82.49127716976338,True
1358,160202,BALSAPUERTO,ALTO AMAZONAS,LORETO,311.0689655172414,False,63.73414639695757,True
1359,120501,JUNIN,JUNIN,JUNIN,96.85714285714286,False,25.407870950194713,True
1360,140106,LA VICTORIA,CHICLAYO,LAMBAYEQUE,6204.599999999999,False,5.527153436399834,True
1361,120135,SANTO DOMINGO DE ACOBAMBA,HUANCAYO,JUNIN,268.1379310344828,False,185.35073091240017,True
1362,120432,TUNAN MARCA,JAUJA,JUNIN,291.25,False,30.18857344916745,True
1363,140201,FERREÑAFE,FERREÑAFE,LAMBAYEQUE,1710.4285714285716,False,21.37441193337535,True
1364,160102,ALTO NANAY,MAYNAS,LORETO,102.13333333333334,False,,False
1365,160802,ROSA PANDURO,PUTUMAYO,LORETO,82.77777777777777,False,,False
1366,140303,ILLIMO,LAMBAYEQUE,LAMBAYEQUE,941.5000000000001,False,24.129449406181465,True
1367,120604,MAZAMARI,SATIPO,JUNIN,1065.8032786885246,False,19.25427394765178,True
1368,120502,CARHUAMAYO,JUNIN,JUNIN,228.47058823529414,False,45.286969184655675,True
1369,120302,PERENE,CHANCHAMAYO,JUNIN,902.7325581395348,False,33.8538927619768,True
1370,160106,MAZAN,MAYNAS,LORETO,379.9189189189189,False,,False
1371,140116,CAYALTI,CHICLAYO,LAMBAYEQUE,1224.2307692307693,False,46.296084155936434,True
1372,120502,CARHUAMAYO,JUNIN,JUNIN,228.47058823529414,False,43.36514707115405,True
1373,120136,VIQUES,HUANCAYO,JUNIN,749.0,False,8.332862628346755,True
1374,120303,PICHANAQUI,CHANCHAMAYO,JUNIN,1118.71875,False,41.09696217820659,True
1375,120414,LLOCLLAPAMPA,JAUJA,JUNIN,125.125,False,44.87606869262569,True
1376,120604,MAZAMARI,SATIPO,JUNIN,1065.8032786885246,False,60.18527028146412,True
1377,120501,JUNIN,JUNIN,JUNIN,96.85714285714286,False,29.867193244181845,True
1378,120704,HUASAHUASI,TARMA,JUNIN,296.11538461538464,False,93.31265419787348,True
1379,160604,PAMPA HERMOSA,UCAYALI,LORETO,615.6111111111111,False,,False
1380,140102,CHONGOYAPE,CHICLAYO,LAMBAYEQUE,724.0400000000001,False,48.55923324963869,True
1381,160106,MAZAN,MAYNAS,LORETO,379.9189189189189,False,,False
1382,160201,YURIMAGUAS,ALTO AMAZONAS,LORETO,1234.1166666666666,False,19.760609855641558,True
1383,140308,OLMOS,LAMBAYEQUE,LAMBAYEQUE,437.7578947368421,False,101.04122781109633,True
1384,160110,TORRES CAUSANA,MAYNAS,LORETO,327.375,False,,False
1385,160303,TIGRE,LORETO,LORETO,279.48387096774195,False,,False
1386,140310,SALAS,LAMBAYEQUE,LAMBAYEQUE,200.86153846153846,False,152.08629299141722,True
1387,140205,PITIPO,FERREÑAFE,LAMBAYEQUE,691.8285714285714,False,31.618207906262054,True
1388,120428,SAN LORENZO,JAUJA,JUNIN,278.77777777777777,False,9.404994999719486,True
1389,160401,RAMON CASTILLA,MARISCAL RAMON CASTILLA,LORETO,595.7142857142858,False,,False
1390,160210,SANTA CRUZ,ALTO AMAZONAS,LORETO,188.95833333333334,False,,False
1391,120606,PANGOA,SATIPO,JUNIN,618.2346938775511,False,,False
1392,160305,URARINAS,LORETO,LORETO,293.6538461538462,False,,False
1393,120604,MAZAMARI,SATIPO,JUNIN,1065.8032786885246,False,155.45940469132256,True
1394,120403,APATA,JAUJA,JUNIN,83.34693877551021,False,,False
1395,160301,NAUTA,LORETO,LORETO,567.2407407407408,False,,False
1396,120426,POMACANCHA,JAUJA,JUNIN,131.66666666666669,False,47.48706507697051,True
1397,120801,LA OROYA,YAULI,JUNIN,349.3611111111111,False,42.17555648616002,True
1398,160705,PASTAZA,DATEM DEL MARAÑON,LORETO,138.2127659574468,False,,False
1399,120804,MARCAPOMACOCHA,YAULI,JUNIN,14.252747252747252,False,117.31275956427889,True
1400,160106,MAZAN,MAYNAS,LORETO,379.9189189189189,False,,False
1401,140308,OLMOS,LAMBAYEQUE,LAMBAYEQUE,437.7578947368421,False,124.18263339449827,True
1402,120807,SANTA BARBARA DE CARHUACAYAN,YAULI,JUNIN,24.989473684210523,False,88.44826587239284,True
1403,120804,MARCAPOMACOCHA,YAULI,JUNIN,14.252747252747252,False,113.39635196238123,True
1404,140308,OLMOS,LAMBAYEQUE,LAMBAYEQUE,437.7578947368421,False,86.7419326612557,True
1405,120609,VIZCATAN DEL ENE,SATIPO,JUNIN,223.3125,False,226.12310625680982,True
1406,120122,INGENIO,HUANCAYO,JUNIN,358.14285714285717,False,11.727028408693759,True
1407,120606,PANGOA,SATIPO,JUNIN,618.2346938775511,False,108.21203756343766,True
1408,120708,SAN PEDRO DE CAJAS,TARMA,JUNIN,153.21621621621622,False,10.8670715420783,True
1409,120604,MAZAMARI,SATIPO,JUNIN,1065.8032786885246,False,52.0278069566178,True
1410,160604,PAMPA HERMOSA,UCAYALI,LORETO,615.6111111111111,False,292.7496459371679,True
1411,120126,PUCARA,HUANCAYO,JUNIN,455.27272727272725,False,20.735427499869584,True
1412,160201,YURIMAGUAS,ALTO AMAZONAS,LORETO,1234.1166666666666,False,,False
1413,160107,NAPO,MAYNAS,LORETO,371.00000000000006,False,,False
1414,120304,SAN LUIS DE SHUARO,CHANCHAMAYO,JUNIN,435.0,False,64.24596672231375,True
1415,120904,HUACHAC,CHUPACA,JUNIN,1006.75,False,26.67323807189145,True
1416,120804,MARCAPOMACOCHA,YAULI,JUNIN,14.252747252747252,False,98.26991638270778,True
1417,140306,MORROPE,LAMBAYEQUE,LAMBAYEQUE,1282.5675675675675,False,25.98689691729573,True
1418,120501,JUNIN,JUNIN,JUNIN,96.85714285714286,False,5.0482755808331365,True
1419,160205,JEBEROS,ALTO AMAZONAS,LORETO,272.65000000000003,False,,False
1420,160202,BALSAPUERTO,ALTO AMAZONAS,LORETO,311.0689655172414,False,,False
1421,120606,PANGOA,SATIPO,JUNIN,618.2346938775511,False,14.919512148038464,True
1422,120302,PERENE,CHANCHAMAYO,JUNIN,902.7325581395348,False,59.201362792974955,True
1423,140306,MORROPE,LAMBAYEQUE,LAMBAYEQUE,1282.5675675675675,False,37.849285096049954,True
1424,160106,MAZAN,MAYNAS,LORETO,379.9189189189189,False,,False
1425,120302,PERENE,CHANCHAMAYO,JUNIN,902.7325581395348,False,58.40993040047622,True
1426,120807,SANTA BARBARA DE CARHUACAYAN,YAULI,JUNIN,24.989473684210523,False,67.06581002860801,True
1427,160501,REQUENA,REQUENA,LORETO,1107.2857142857142,False,,False
1428,120502,CARHUAMAYO,JUNIN,JUNIN,228.47058823529414,False,34.9184705655587,True
1429,120413,LEONOR ORDOÑEZ,JAUJA,JUNIN,369.99999999999994,False,29.429111363401464,True
1430,140301,LAMBAYEQUE,LAMBAYEQUE,LAMBAYEQUE,2049.0769230769233,False,16.417470738762766,True
1431,140108,MONSEFU,CHICLAYO,LAMBAYEQUE,1404.9565217391305,False,16.298391375664387,True
1432,160706,ANDOAS,DATEM DEL MARAÑON,LORETO,221.87931034482762,False,,False
1433,120403,APATA,JAUJA,JUNIN,83.34693877551021,False,25.15870875884973,True
1434,160803,TENIENTE MANUEL CLAVERO,PUTUMAYO,LORETO,237.04000000000002,False,,False
1435,120704,HUASAHUASI,TARMA,JUNIN,296.11538461538464,False,64.27771126023981,True
1436,120124,PARIAHUANCA,HUANCAYO,JUNIN,174.75757575757575,False,111.56887088435076,True
1437,120134,SICAYA,HUANCAYO,JUNIN,907.3333333333333,False,12.500619514929383,True
1438,120501,JUNIN,JUNIN,JUNIN,96.85714285714286,False,11.155595831069489,True
1439,160211,TENIENTE CESAR LOPEZ ROJAS,ALTO AMAZONAS,LORETO,306.5,False,104.33630632074653,True
1440,120606,PANGOA,SATIPO,JUNIN,618.2346938775511,False,20.457904723924802,True
1441,120503,ONDORES,JUNIN,JUNIN,23.740259740259738,False,56.16905726685027,True
1442,120427,RICRAN,JAUJA,JUNIN,48.96874999999999,False,52.76155992032299,True
1443,160304,TROMPETEROS,LORETO,LORETO,533.1428571428572,False,,False
1444,120605,PAMPA HERMOSA,SATIPO,JUNIN,454.125,False,38.79544799956507,True
1445,120203,ANDAMARCA,CONCEPCION,JUNIN,206.1818181818182,False,121.71352027629037,True
1446,120808,SANTA ROSA DE SACCO,YAULI,JUNIN,743.7857142857143,False,14.179902834337357,True
1447,120604,MAZAMARI,SATIPO,JUNIN,1065.8032786885246,True,13.993060798273799,True
1448,160113,SAN JUAN BAUTISTA,MAYNAS,LORETO,3236.38,False,69.78211303764138,True
1449,160706,ANDOAS,DATEM DEL MARAÑON,LORETO,221.87931034482762,False,,False
1450,160604,PAMPA HERMOSA,UCAYALI,LORETO,615.6111111111111,False,,False
1451,120503,ONDORES,JUNIN,JUNIN,23.740259740259738,False,41.64597512495694,True
1452,120128,QUILCAS,HUANCAYO,JUNIN,152.42857142857142,False,39.19624793496734,True
1453,160113,SAN JUAN BAUTISTA,MAYNAS,LORETO,3236.38,False,43.31876901055198,True
1454,120803,HUAY-HUAY,YAULI,JUNIN,22.333333333333332,False,10.924621138049822,True
1455,160702,CAHUAPANAS,DATEM DEL MARAÑON,LORETO,278.6774193548387,False,,False
1456,120609,VIZCATAN DEL ENE,SATIPO,JUNIN,223.3125,False,226.12310625680982,True
1457,160202,BALSAPUERTO,ALTO AMAZONAS,LORETO,311.0689655172414,False,,False
1458,120108,CHONGOS ALTO,HUANCAYO,JUNIN,33.475,False,63.26683158154266,True
1459,140113,REQUE,CHICLAYO,LAMBAYEQUE,1398.7272727272727,False,11.730360869820402,True
1460,120703,HUARICOLCA,TARMA,JUNIN,295.5454545454545,False,35.342656183938544,True
1461,160401,RAMON CASTILLA,MARISCAL RAMON CASTILLA,LORETO,595.7142857142858,False,,False
1462,140310,SALAS,LAMBAYEQUE,LAMBAYEQUE,200.86153846153846,False,114.78428132045958,True
1463,160706,ANDOAS,DATEM DEL MARAÑON,LORETO,221.87931034482762,False,,False
1464,120807,SANTA BARBARA DE CARHUACAYAN,YAULI,JUNIN,24.989473684210523,False,95.09067080796704,True
1465,120430,SAUSA,JAUJA,JUNIN,1027.0,False,2.591832837428861,True
1466,120501,JUNIN,JUNIN,JUNIN,96.85714285714286,False,24.37745081296585,True
1467,120302,PERENE,CHANCHAMAYO,JUNIN,902.7325581395348,False,64.02745156063713,True
1468,120431,SINCOS,JAUJA,JUNIN,307.0,False,45.13542513499765,True
1469,120704,HUASAHUASI,TARMA,JUNIN,296.11538461538464,False,81.73651493529168,True
1470,140307,MOTUPE,LAMBAYEQUE,LAMBAYEQUE,749.5833333333334,False,62.45451331349878,True
1471,120105,CHACAPAMPA,HUANCAYO,JUNIN,67.5,False,88.42214353884061,True
1472,120305,SAN RAMON,CHANCHAMAYO,JUNIN,746.7567567567568,False,29.837484404997415,True
1473,120809,SUITUCANCHA,YAULI,JUNIN,15.599999999999998,False,100.03625774690627,True
1474,120802,CHACAPALPA,YAULI,JUNIN,10.352941176470587,False,37.100708714374456,True
1475,160201,YURIMAGUAS,ALTO AMAZONAS,LORETO,1234.1166666666666,False,40.65765506139566,True
1476,120602,COVIRIALI,SATIPO,JUNIN,372.4705882352941,False,16.1254923980974,True
1477,140108,MONSEFU,CHICLAYO,LAMBAYEQUE,1404.9565217391305,False,13.701127194939478,True
1478,120207,HEROINAS TOLEDO,CONCEPCION,JUNIN,119.30000000000001,False,9.885829225779345,True
1479,120809,SUITUCANCHA,YAULI,JUNIN,15.599999999999998,False,79.87821702481806,True
1480,120417,MASMA CHICCHE,JAUJA,JUNIN,126.16666666666667,False,23.248327916869417,True
1481,160305,URARINAS,LORETO,LORETO,293.6538461538462,False,,False
1482,160302,PARINARI,LORETO,LORETO,666.4545454545455,False,,False
1483,160505,MAQUIA,REQUENA,LORETO,340.32000000000005,False,,False
1484,140308,OLMOS,LAMBAYEQUE,LAMBAYEQUE,437.7578947368421,False,55.3964986847918,True
1485,120806,PACCHA,YAULI,JUNIN,58.89285714285714,False,41.011377766920674,True
1486,120905,HUAMANCACA CHICO,CHUPACA,JUNIN,2042.0,False,4.880881455728973,True
1487,120503,ONDORES,JUNIN,JUNIN,23.740259740259738,False,42.97834355275424,True
1488,120416,MASMA,JAUJA,JUNIN,344.16666666666663,False,11.396147966368066,True
1489,120701,TARMA,TARMA,JUNIN,941.4285714285714,False,1.2646575728644718,True
1490,160602,INAHUAYA,UCAYALI,LORETO,687.75,False,,False
1491,120608,RIO TAMBO,SATIPO,JUNIN,729.2738095238095,False,,False
1492,120301,CHANCHAMAYO,CHANCHAMAYO,JUNIN,654.3684210526316,False,25.53811501021475,True
1493,140308,OLMOS,LAMBAYEQUE,LAMBAYEQUE,437.7578947368421,False,116.96113284967173,True
1494,120124,PARIAHUANCA,HUANCAYO,JUNIN,174.75757575757575,False,111.91084340040163,True
1495,140308,OLMOS,LAMBAYEQUE,LAMBAYEQUE,437.7578947368421,False,111.48355436750661,True
1496,160201,YURIMAGUAS,ALTO AMAZONAS,LORETO,1234.1166666666666,False,39.486149776712914,True
1497,120135,SANTO DOMINGO DE ACOBAMBA,HUANCAYO,JUNIN,268.1379310344828,False,,False
1498,120701,TARMA,TARMA,JUNIN,941.4285714285714,False,14.01718090803423,True
1499,120605,PAMPA HERMOSA,SATIPO,JUNIN,454.125,False,20.746125995082256,True
1500,140307,MOTUPE,LAMBAYEQUE,LAMBAYEQUE,749.5833333333334,False,62.457586733537354,True
1501,140102,CHONGOYAPE,CHICLAYO,LAMBAYEQUE,724.0400000000001,False,50.062373350117475,True
1502,140308,OLMOS,LAMBAYEQUE,LAMBAYEQUE,437.7578947368421,False,102.98347046952614,True
1503,160704,MORONA,DATEM DEL MARAÑON,LORETO,324.0238095238095,False,,False
1504,120803,HUAY-HUAY,YAULI,JUNIN,22.333333333333332,False,46.92692466545157,True
1505,160501,REQUENA,REQUENA,LORETO,1107.2857142857142,False,,False
1506,120501,JUNIN,JUNIN,JUNIN,96.85714285714286,False,26.23755106293287,True
1507,120802,CHACAPALPA,YAULI,JUNIN,10.352941176470587,False,34.82639453296512,True
1508,120107,CHILCA,HUANCAYO,JUNIN,9777.0,False,3.3467095364407187,True
1509,160401,RAMON CASTILLA,MARISCAL RAMON CASTILLA,LORETO,595.7142857142858,False,,False
1510,160401,RAMON CASTILLA,MARISCAL RAMON CASTILLA,LORETO,595.7142857142858,False,,False
1511,160201,YURIMAGUAS,ALTO AMAZONAS,LORETO,1234.1166666666666,False,18.876305340918893,True
1512,120601,SATIPO,SATIPO,JUNIN,650.0597014925373,False,69.34163788181334,True
1513,120904,HUACHAC,CHUPACA,JUNIN,1006.75,False,21.20225991293251,True
1514,140203,INCAHUASI,FERREÑAFE,LAMBAYEQUE,302.5576923076923,False,153.6372092322231,True
1515,120206,COMAS,CONCEPCION,JUNIN,134.95555555555555,False,68.40888772549535,True
1516,140105,JOSE LEONARDO ORTIZ,CHICLAYO,LAMBAYEQUE,11714.352941176472,False,5.087088088820351,True
1517,120601,SATIPO,SATIPO,JUNIN,650.0597014925373,False,8.049755337559537,True
1518,160703,MANSERICHE,DATEM DEL MARAÑON,LORETO,396.55555555555554,True,,False
1519,120403,APATA,JAUJA,JUNIN,83.34693877551021,False,46.24522216016112,True
1520,120504,ULCUMAYO,JUNIN,JUNIN,93.27419354838709,False,79.39579152942575,True
1521,120810,YAULI,YAULI,JUNIN,113.62222222222222,False,32.893540622067015,True
1522,120809,SUITUCANCHA,YAULI,JUNIN,15.599999999999998,False,60.984891518931995,True
1523,120606,PANGOA,SATIPO,JUNIN,618.2346938775511,False,16.36961355646603,True
1524,120807,SANTA BARBARA DE CARHUACAYAN,YAULI,JUNIN,24.989473684210523,False,74.09206570409204,True
1525,120128,QUILCAS,HUANCAYO,JUNIN,152.42857142857142,False,39.19624793496734,True
1526,140301,LAMBAYEQUE,LAMBAYEQUE,LAMBAYEQUE,2049.0769230769233,False,19.898475787298946,True
1527,120804,MARCAPOMACOCHA,YAULI,JUNIN,14.252747252747252,False,58.210468348424705,True
1528,120501,JUNIN,JUNIN,JUNIN,96.85714285714286,False,22.250210214103195,True
1529,120806,PACCHA,YAULI,JUNIN,58.89285714285714,False,38.1661222655489,True
1530,120303,PICHANAQUI,CHANCHAMAYO,JUNIN,1118.71875,False,2.9574703582769155,True
1531,160704,MORONA,DATEM DEL MARAÑON,LORETO,324.0238095238095,False,,False
1532,120608,RIO TAMBO,SATIPO,JUNIN,729.2738095238095,False,516.3014912418844,True
1533,140107,LAGUNAS,CHICLAYO,LAMBAYEQUE,549.2631578947369,False,53.928965392701755,True
1534,160108,PUNCHANA,MAYNAS,LORETO,3038.7419354838707,False,39.28009942853282,True
1535,120504,ULCUMAYO,JUNIN,JUNIN,93.27419354838709,False,164.46764503835192,True
1536,120709,TAPO,TARMA,JUNIN,404.8666666666666,False,23.92583507255829,True
1537,160303,TIGRE,LORETO,LORETO,279.48387096774195,False,,False
1538,120809,SUITUCANCHA,YAULI,JUNIN,15.599999999999998,False,78.4552638504998,True
1539,120608,RIO TAMBO,SATIPO,JUNIN,729.2738095238095,False,84.77974344939422,True
1540,120601,SATIPO,SATIPO,JUNIN,650.0597014925373,False,70.28492607067994,True
1541,120810,YAULI,YAULI,JUNIN,113.62222222222222,False,35.02857128488764,True
1542,120113,CULLHUAS,HUANCAYO,JUNIN,244.88888888888886,False,18.890582980501964,True
1543,160404,SAN PABLO,MARISCAL RAMON CASTILLA,LORETO,575.0,False,,False
1544,120129,SAN AGUSTIN,HUANCAYO,JUNIN,1992.5,False,25.955655652628096,True
1545,120601,SATIPO,SATIPO,JUNIN,650.0597014925373,False,31.783360633032924,True
1546,120704,HUASAHUASI,TARMA,JUNIN,296.11538461538464,False,57.293261137550516,True
1547,120502,CARHUAMAYO,JUNIN,JUNIN,228.47058823529414,False,43.36514707115405,True
1548,120906,SAN JUAN DE ISCOS,CHUPACA,JUNIN,424.6,False,18.80484989612638,True
1549,120108,CHONGOS ALTO,HUANCAYO,JUNIN,33.475,False,79.06514141681838,True
1550,120504,ULCUMAYO,JUNIN,JUNIN,93.27419354838709,False,63.60928245362478,True
1551,120304,SAN LUIS DE SHUARO,CHANCHAMAYO,JUNIN,435.0,False,21.412300610103078,True
1552,120802,CHACAPALPA,YAULI,JUNIN,10.352941176470587,False,37.100708714374456,True
1553,120608,RIO TAMBO,SATIPO,JUNIN,729.2738095238095,False,481.0798546511609,True
1554,120801,LA OROYA,YAULI,JUNIN,349.3611111111111,False,,False
1555,120608,RIO TAMBO,SATIPO,JUNIN,729.2738095238095,False,530.0040439837343,True
1556,120135,SANTO DOMINGO DE ACOBAMBA,HUANCAYO,JUNIN,268.1379310344828,False,193.03423992061468,True
1557,140112,PIMENTEL,CHICLAYO,LAMBAYEQUE,1706.4814814814818,False,6.245359895403597,True
1558,120303,PICHANAQUI,CHANCHAMAYO,JUNIN,1118.71875,False,75.31028482145705,True
1559,120807,SANTA BARBARA DE CARHUACAYAN,YAULI,JUNIN,24.989473684210523,False,91.62169711004776,True
1560,160103,FERNANDO LORES,MAYNAS,LORETO,349.93220338983053,False,,False
1561,160305,URARINAS,LORETO,LORETO,293.6538461538462,False,,False
1562,160402,PEBAS,MARISCAL RAMON CASTILLA,LORETO,346.1372549019608,False,,False
1563,140113,REQUE,CHICLAYO,LAMBAYEQUE,1398.7272727272727,True,9.718933888344932,True
1564,120133,SAPALLANGA,HUANCAYO,JUNIN,858.6,False,11.961797804451699,True
1565,120704,HUASAHUASI,TARMA,JUNIN,296.11538461538464,False,60.27653031535923,True
1566,160403,YAVARI,MARISCAL RAMON CASTILLA,LORETO,362.55555555555554,False,,False
1567,120808,SANTA ROSA DE SACCO,YAULI,JUNIN,743.7857142857143,False,2.513442728037319,True
1568,160705,PASTAZA,DATEM DEL MARAÑON,LORETO,138.2127659574468,False,,False
1569,120608,RIO TAMBO,SATIPO,JUNIN,729.2738095238095,False,,False
1570,140312,TUCUME,LAMBAYEQUE,LAMBAYEQUE,1108.952380952381,False,26.633424134418156,True
1571,120707,PALCAMAYO,TARMA,JUNIN,382.92,False,37.60233126596851,True
1572,120802,CHACAPALPA,YAULI,JUNIN,10.352941176470587,False,30.87234070422402,True
1573,120305,SAN RAMON,CHANCHAMAYO,JUNIN,746.7567567567568,False,27.76869133020692,True
1574,160703,MANSERICHE,DATEM DEL MARAÑON,LORETO,396.55555555555554,False,,False
1575,120201,CONCEPCION,CONCEPCION,JUNIN,2144.285714285714,False,2.030488837173844,True
1576,120807,SANTA BARBARA DE CARHUACAYAN,YAULI,JUNIN,24.989473684210523,False,116.0162968070476,True
1577,140308,OLMOS,LAMBAYEQUE,LAMBAYEQUE,437.7578947368421,False,166.1332867226218,True
1578,120909,YANACANCHA,CHUPACA,JUNIN,65.68518518518518,False,71.18809126586714,True
1579,160403,YAVARI,MARISCAL RAMON CASTILLA,LORETO,362.55555555555554,False,,False
1580,120434,YAUYOS,JAUJA,JUNIN,1170.0,False,4.746498907245258,True
1581,120909,YANACANCHA,CHUPACA,JUNIN,65.68518518518518,False,90.2473550311576,True
1582,120608,RIO TAMBO,SATIPO,JUNIN,729.2738095238095,False,,False
1583,160602,INAHUAYA,UCAYALI,LORETO,687.75,False,,False
1584,120806,PACCHA,YAULI,JUNIN,58.89285714285714,False,47.32880737673358,True
1585,160301,NAUTA,LORETO,LORETO,567.2407407407408,False,,False
1586,160201,YURIMAGUAS,ALTO AMAZONAS,LORETO,1234.1166666666666,False,2.706225204800764,True
1587,160704,MORONA,DATEM DEL MARAÑON,LORETO,324.0238095238095,False,,False
1588,120604,MAZAMARI,SATIPO,JUNIN,1065.8032786885246,False,47.01830230762476,True
1589,120215,SANTA ROSA DE OCOPA,CONCEPCION,JUNIN,507.49999999999994,False,9.612471788081917,True
1590,160402,PEBAS,MARISCAL RAMON CASTILLA,LORETO,346.1372549019608,False,,False
1591,140301,LAMBAYEQUE,LAMBAYEQUE,LAMBAYEQUE,2049.0769230769233,False,1.0509140968707635,True
1592,140205,PITIPO,FERREÑAFE,LAMBAYEQUE,691.8285714285714,False,43.996191845055414,True
1593,160108,PUNCHANA,MAYNAS,LORETO,3038.7419354838707,False,30.879425429639983,True
1594,140119,PUCALA,CHICLAYO,LAMBAYEQUE,597.1999999999999,False,34.58608531102605,True
1595,140203,INCAHUASI,FERREÑAFE,LAMBAYEQUE,302.5576923076923,False,144.68295114508499,True
1596,120803,HUAY-HUAY,YAULI,JUNIN,22.333333333333332,False,42.8467689385483,True
1597,160106,MAZAN,MAYNAS,LORETO,379.9189189189189,False,,False
1598,120808,SANTA ROSA DE SACCO,YAULI,JUNIN,743.7857142857143,False,8.49490142791725,True
1599,160704,MORONA,DATEM DEL MARAÑON,LORETO,324.0238095238095,False,,False
1600,120428,SAN LORENZO,JAUJA,JUNIN,278.77777777777777,False,9.61198920592994,True
1601,140310,SALAS,LAMBAYEQUE,LAMBAYEQUE,200.86153846153846,False,68.40804289542565,True
1602,160706,ANDOAS,DATEM DEL MARAÑON,LORETO,221.87931034482762,False,,False
1603,160702,CAHUAPANAS,DATEM DEL MARAÑON,LORETO,278.6774193548387,False,,False
1604,140204,MANUEL ANTONIO MESONES MURO,FERREÑAFE,LAMBAYEQUE,193.36363636363635,False,33.36488910437983,True
1605,120801,LA OROYA,YAULI,JUNIN,349.3611111111111,False,25.62710528188445,True
1606,120303,PICHANAQUI,CHANCHAMAYO,JUNIN,1118.71875,False,32.569489852740396,True
1607,160201,YURIMAGUAS,ALTO AMAZONAS,LORETO,1234.1166666666666,False,2.706225204800764,True
1608,160502,ALTO TAPICHE,REQUENA,LORETO,164.53846153846155,False,,False
1609,120705,LA UNION,TARMA,JUNIN,312.4,False,31.80707515320087,True
1610,160305,URARINAS,LORETO,LORETO,293.6538461538462,False,,False
1611,120809,SUITUCANCHA,YAULI,JUNIN,15.599999999999998,False,72.34839891171958,True
1612,120427,RICRAN,JAUJA,JUNIN,48.96874999999999,False,52.76155992032299,True
1613,120302,PERENE,CHANCHAMAYO,JUNIN,902.7325581395348,False,58.647686989965145,True
1614,120807,SANTA BARBARA DE CARHUACAYAN,YAULI,JUNIN,24.989473684210523,False,103.24356913911691,True
1615,120503,ONDORES,JUNIN,JUNIN,23.740259740259738,False,55.909555592740084,True
1616,120909,YANACANCHA,CHUPACA,JUNIN,65.68518518518518,False,90.2473550311576,True
1617,140101,CHICLAYO,CHICLAYO,LAMBAYEQUE,8778.44117647059,False,0.3546075682053421,True
1618,120803,HUAY-HUAY,YAULI,JUNIN,22.333333333333332,False,48.11680212868452,True
1619,120605,PAMPA HERMOSA,SATIPO,JUNIN,454.125,False,20.746125995082256,True
1620,120608,RIO TAMBO,SATIPO,JUNIN,729.2738095238095,False,139.13859447259557,True
1621,120128,QUILCAS,HUANCAYO,JUNIN,152.42857142857142,False,19.547533277346396,True
1622,120501,JUNIN,JUNIN,JUNIN,96.85714285714286,False,23.123552634142136,True
1623,120807,SANTA BARBARA DE CARHUACAYAN,YAULI,JUNIN,24.989473684210523,False,97.50904937875752,True
1624,120130,SAN JERONIMO DE TUNAN,HUANCAYO,JUNIN,3473.3333333333335,False,8.109344927917741,True
1625,120807,SANTA BARBARA DE CARHUACAYAN,YAULI,JUNIN,24.989473684210523,False,96.96861892431066,True
1626,120501,JUNIN,JUNIN,JUNIN,96.85714285714286,False,8.779012357042266,True
1627,120108,CHONGOS ALTO,HUANCAYO,JUNIN,33.475,False,,False
1628,160305,URARINAS,LORETO,LORETO,293.6538461538462,False,,False
1629,120803,HUAY-HUAY,YAULI,JUNIN,22.333333333333332,False,40.06730404776284,True
1630,160108,PUNCHANA,MAYNAS,LORETO,3038.7419354838707,False,,False
1631,140203,INCAHUASI,FERREÑAFE,LAMBAYEQUE,302.5576923076923,False,148.25239895752318,True
1632,160202,BALSAPUERTO,ALTO AMAZONAS,LORETO,311.0689655172414,False,,False
1633,140105,JOSE LEONARDO ORTIZ,CHICLAYO,LAMBAYEQUE,11714.352941176472,False,5.631908220526077,True
1634,140111,PICSI,CHICLAYO,LAMBAYEQUE,1423.5714285714287,False,11.953296527837136,True
1635,160303,TIGRE,LORETO,LORETO,279.48387096774195,False,,False
1636,160703,MANSERICHE,DATEM DEL MARAÑON,LORETO,396.55555555555554,False,,False
1637,160108,PUNCHANA,MAYNAS,LORETO,3038.7419354838707,False,,False
1638,120503,ONDORES,JUNIN,JUNIN,23.740259740259738,False,58.0848377076247,True
1639,120112,COLCA,HUANCAYO,JUNIN,159.0769230769231,False,64.19800085832048,True
1640,120909,YANACANCHA,CHUPACA,JUNIN,65.68518518518518,False,117.13076949671563,True
1641,120132,SAÑO,HUANCAYO,JUNIN,816.4,False,13.345315147582197,True
1642,120301,CHANCHAMAYO,CHANCHAMAYO,JUNIN,654.3684210526316,False,18.208952496674016,True
1643,120804,MARCAPOMACOCHA,YAULI,JUNIN,14.252747252747252,False,107.98748465143919,True
1644,160706,ANDOAS,DATEM DEL MARAÑON,LORETO,221.87931034482762,False,,False
1645,140119,PUCALA,CHICLAYO,LAMBAYEQUE,597.1999999999999,False,30.810142486337757,True
1646,120410,HUERTAS,JAUJA,JUNIN,205.50000000000003,True,5.4688941000465885,True
1647,120809,SUITUCANCHA,YAULI,JUNIN,15.599999999999998,False,56.96436572679025,True
1648,120416,MASMA,JAUJA,JUNIN,344.16666666666663,False,11.893371672628838,True
1649,120802,CHACAPALPA,YAULI,JUNIN,10.352941176470587,False,30.87234070422402,True
1650,160201,YURIMAGUAS,ALTO AMAZONAS,LORETO,1234.1166666666666,False,22.543096274504954,True
1651,120606,PANGOA,SATIPO,JUNIN,618.2346938775511,False,68.74674920471028,True
1652,140115,SAÑA,CHICLAYO,LAMBAYEQUE,885.5,False,25.165329391605706,True
1653,120605,PAMPA HERMOSA,SATIPO,JUNIN,454.125,False,24.478557498888726,True
1654,120405,CANCHAYLLO,JAUJA,JUNIN,118.42857142857143,False,69.43837634141265,True
1655,120203,ANDAMARCA,CONCEPCION,JUNIN,206.1818181818182,False,128.4209625989637,True
1656,120114,EL TAMBO,HUANCAYO,JUNIN,6923.458333333333,False,0.8358937985668398,True
1657,120135,SANTO DOMINGO DE ACOBAMBA,HUANCAYO,JUNIN,268.1379310344828,False,205.80572192242116,True
1658,120606,PANGOA,SATIPO,JUNIN,618.2346938775511,False,176.0949327149837,True
1659,120427,RICRAN,JAUJA,JUNIN,48.96874999999999,False,37.12768557567564,True
1660,120206,COMAS,CONCEPCION,JUNIN,134.95555555555555,False,41.648710332187,True
1661,120419,MONOBAMBA,JAUJA,JUNIN,95.9090909090909,False,53.62628913429722,True
1662,140117,PATAPO,CHICLAYO,LAMBAYEQUE,1343.7058823529412,False,23.125067466671297,True
1663,160107,NAPO,MAYNAS,LORETO,371.00000000000006,False,,False
1664,120401,JAUJA,JAUJA,JUNIN,2422.6666666666665,False,0.9560930377226537,True
1665,140115,SAÑA,CHICLAYO,LAMBAYEQUE,885.5,False,30.389112377901387,True
1666,120704,HUASAHUASI,TARMA,JUNIN,296.11538461538464,False,182.70989071359344,True
1667,160103,FERNANDO LORES,MAYNAS,LORETO,349.93220338983053,False,,False
1668,160108,PUNCHANA,MAYNAS,LORETO,3038.7419354838707,False,23.319445761277596,True
1669,160702,CAHUAPANAS,DATEM DEL MARAÑON,LORETO,278.6774193548387,False,,False
1670,120414,LLOCLLAPAMPA,JAUJA,JUNIN,125.125,False,28.517878029098654,True
1671,160202,BALSAPUERTO,ALTO AMAZONAS,LORETO,311.0689655172414,False,,False
1672,120709,TAPO,TARMA,JUNIN,404.8666666666666,True,27.150695933547436,True
1673,120601,SATIPO,SATIPO,JUNIN,650.0597014925373,False,53.60814229425448,True
1674,140305,MOCHUMI,LAMBAYEQUE,LAMBAYEQUE,778.68,False,21.279660901019167,True
1675,160108,PUNCHANA,MAYNAS,LORETO,3038.7419354838707,False,,False
1676,160403,YAVARI,MARISCAL RAMON CASTILLA,LORETO,362.55555555555554,False,,False
1677,140301,LAMBAYEQUE,LAMBAYEQUE,LAMBAYEQUE,2049.0769230769233,False,14.95466151975275,True
1678,120605,PAMPA HERMOSA,SATIPO,JUNIN,454.125,False,28.613618494473553,True
1679,120502,CARHUAMAYO,JUNIN,JUNIN,228.47058823529414,False,25.76766313383462,True
1680,140202,CAÑARIS,FERREÑAFE,LAMBAYEQUE,528.1071428571429,False,206.7975938711475,True
1681,160104,INDIANA,MAYNAS,LORETO,363.64516129032256,False,,False
1682,160113,SAN JUAN BAUTISTA,MAYNAS,LORETO,3236.38,False,27.21067925639641,True
1683,160502,ALTO TAPICHE,REQUENA,LORETO,164.53846153846155,False,,False
1684,120112,COLCA,HUANCAYO,JUNIN,159.0769230769231,False,75.15442235362823,True
1685,160103,FERNANDO LORES,MAYNAS,LORETO,349.93220338983053,False,,False
1686,120806,PACCHA,YAULI,JUNIN,58.89285714285714,False,23.904883324686264,True
1687,120704,HUASAHUASI,TARMA,JUNIN,296.11538461538464,False,70.71570784754591,True
1688,120108,CHONGOS ALTO,HUANCAYO,JUNIN,33.475,False,117.0583311168851,True
1689,120108,CHONGOS ALTO,HUANCAYO,JUNIN,33.475,False,61.600600349953076,True
1690,120403,APATA,JAUJA,JUNIN,83.34693877551021,False,71.01727247724199,True
1691,120204,CHAMBARA,CONCEPCION,JUNIN,320.2222222222222,False,39.189479171910705,True
1692,160706,ANDOAS,DATEM DEL MARAÑON,LORETO,221.87931034482762,False,,False
1693,120403,APATA,JAUJA,JUNIN,83.34693877551021,False,92.11505796875934,True
1694,120802,CHACAPALPA,YAULI,JUNIN,10.352941176470587,False,30.87234070422402,True
1695,120801,LA OROYA,YAULI,JUNIN,349.3611111111111,False,,False
1696,120804,MARCAPOMACOCHA,YAULI,JUNIN,14.252747252747252,False,84.76756806570658,True
1697,120802,CHACAPALPA,YAULI,JUNIN,10.352941176470587,False,39.16465013878331,True
1698,160102,ALTO NANAY,MAYNAS,LORETO,102.13333333333334,False,,False
1699,120705,LA UNION,TARMA,JUNIN,312.4,False,17.020091533345518,True
1700,160401,RAMON CASTILLA,MARISCAL RAMON CASTILLA,LORETO,595.7142857142858,False,,False
1701,120114,EL TAMBO,HUANCAYO,JUNIN,6923.458333333333,False,3.587882948006823,True
1702,120706,PALCA,TARMA,JUNIN,223.4,False,19.00349769291322,True
1703,120807,SANTA BARBARA DE CARHUACAYAN,YAULI,JUNIN,24.989473684210523,False,105.29127855912425,True
1704,160105,LAS AMAZONAS,MAYNAS,LORETO,283.59999999999997,False,,False
1705,120417,MASMA CHICCHE,JAUJA,JUNIN,126.16666666666667,False,23.248327916869417,True
1706,120114,EL TAMBO,HUANCAYO,JUNIN,6923.458333333333,False,2.7706136079886767,True
1707,160402,PEBAS,MARISCAL RAMON CASTILLA,LORETO,346.1372549019608,False,,False
1708,120606,PANGOA,SATIPO,JUNIN,618.2346938775511,False,54.41798878944277,True
1709,120503,ONDORES,JUNIN,JUNIN,23.740259740259738,False,59.66860904760985,True
1710,160701,BARRANCA,DATEM DEL MARAÑON,LORETO,379.5405405405405,False,,False
1711,140311,SAN JOSE,LAMBAYEQUE,LAMBAYEQUE,2106.375,False,7.136489513426299,True
1712,140308,OLMOS,LAMBAYEQUE,LAMBAYEQUE,437.7578947368421,False,142.11561709342348,True
1713,120502,CARHUAMAYO,JUNIN,JUNIN,228.47058823529414,False,36.53271932862835,True
1714,140105,JOSE LEONARDO ORTIZ,CHICLAYO,LAMBAYEQUE,11714.352941176472,False,4.343299479294485,True
1715,140310,SALAS,LAMBAYEQUE,LAMBAYEQUE,200.86153846153846,False,113.83084295570806,True
1716,140117,PATAPO,CHICLAYO,LAMBAYEQUE,1343.7058823529412,False,23.593639788368847,True
1717,160201,YURIMAGUAS,ALTO AMAZONAS,LORETO,1234.1166666666666,False,31.450212210382713,True
1718,120209,MARISCAL CASTILLA,CONCEPCION,JUNIN,118.0,False,93.11226579161473,True
1719,160401,RAMON CASTILLA,MARISCAL RAMON CASTILLA,LORETO,595.7142857142858,False,,False
1720,140115,SAÑA,CHICLAYO,LAMBAYEQUE,885.5,False,37.92513281640958,True
1721,120418,MOLINOS,JAUJA,JUNIN,89.52941176470588,False,,False
1722,160501,REQUENA,REQUENA,LORETO,1107.2857142857142,False,,False
1723,120902,AHUAC,CHUPACA,JUNIN,423.7142857142857,False,14.636917066451403,True
1724,160703,MANSERICHE,DATEM DEL MARAÑON,LORETO,396.55555555555554,False,,False
1725,120601,SATIPO,SATIPO,JUNIN,650.0597014925373,False,64.95176548310278,True
1726,140310,SALAS,LAMBAYEQUE,LAMBAYEQUE,200.86153846153846,False,83.11320145180613,True
1727,120804,MARCAPOMACOCHA,YAULI,JUNIN,14.252747252747252,False,91.54319615456744,True
1728,120605,PAMPA HERMOSA,SATIPO,JUNIN,454.125,False,71.45864546625658,True
1729,120503,ONDORES,JUNIN,JUNIN,23.740259740259738,False,52.94555712090725,True
1730,160103,FERNANDO LORES,MAYNAS,LORETO,349.93220338983053,False,,False
1731,140203,INCAHUASI,FERREÑAFE,LAMBAYEQUE,302.5576923076923,False,126.45649195956507,True
1732,160101,IQUITOS,MAYNAS,LORETO,10790.857142857143,False,,False
1733,160403,YAVARI,MARISCAL RAMON CASTILLA,LORETO,362.55555555555554,False,,False
1734,160401,RAMON CASTILLA,MARISCAL RAMON CASTILLA,LORETO,595.7142857142858,False,,False
1735,120135,SANTO DOMINGO DE ACOBAMBA,HUANCAYO,JUNIN,268.1379310344828,False,189.50840863846324,True
1736,140205,PITIPO,FERREÑAFE,LAMBAYEQUE,691.8285714285714,False,31.61080939208893,True
1737,160112,BELEN,MAYNAS,LORETO,2504.548387096774,False,2.322267381724931,True
1738,120802,CHACAPALPA,YAULI,JUNIN,10.352941176470587,False,30.87234070422402,True
1739,160505,MAQUIA,REQUENA,LORETO,340.32000000000005,False,,False
1740,140203,INCAHUASI,FERREÑAFE,LAMBAYEQUE,302.5576923076923,False,154.38911485209292,True
1741,120604,MAZAMARI,SATIPO,JUNIN,1065.8032786885246,False,61.09400118474347,True
1742,120604,MAZAMARI,SATIPO,JUNIN,1065.8032786885246,False,42.91360081880215,True
1743,120427,RICRAN,JAUJA,JUNIN,48.96874999999999,False,91.59770632388901,True
1744,120804,MARCAPOMACOCHA,YAULI,JUNIN,14.252747252747252,False,112.85416537373406,True
1745,140310,SALAS,LAMBAYEQUE,LAMBAYEQUE,200.86153846153846,False,128.88043292920878,True
1746,160101,IQUITOS,MAYNAS,LORETO,10790.857142857143,False,,False
1747,120604,MAZAMARI,SATIPO,JUNIN,1065.8032786885246,False,12.717605738597483,True
1748,120503,ONDORES,JUNIN,JUNIN,23.740259740259738,False,24.815255432242978,True
1749,160104,INDIANA,MAYNAS,LORETO,363.64516129032256,False,,False
1750,140308,OLMOS,LAMBAYEQUE,LAMBAYEQUE,437.7578947368421,False,154.71024533126936,True
1751,120708,SAN PEDRO DE CAJAS,TARMA,JUNIN,153.21621621621622,False,73.05159280254078,True
1752,120503,ONDORES,JUNIN,JUNIN,23.740259740259738,False,24.815255432242978,True
1753,160403,YAVARI,MARISCAL RAMON CASTILLA,LORETO,362.55555555555554,False,,False
1754,160211,TENIENTE CESAR LOPEZ ROJAS,ALTO AMAZONAS,LORETO,306.5,False,,False
1755,120206,COMAS,CONCEPCION,JUNIN,134.95555555555555,False,72.27515044218337,True
1756,140310,SALAS,LAMBAYEQUE,LAMBAYEQUE,200.86153846153846,False,161.1791940944475,True
1757,120101,HUANCAYO,HUANCAYO,JUNIN,7439.062500000001,False,1.9760040167578452,True
1758,120419,MONOBAMBA,JAUJA,JUNIN,95.9090909090909,False,62.03637722285459,True
1759,120608,RIO TAMBO,SATIPO,JUNIN,729.2738095238095,False,,False
1760,120208,MANZANARES,CONCEPCION,JUNIN,463.66666666666663,False,32.11626522655979,True
1761,120504,ULCUMAYO,JUNIN,JUNIN,93.27419354838709,False,108.87136198855251,True
1762,120303,PICHANAQUI,CHANCHAMAYO,JUNIN,1118.71875,False,17.996991391400837,True
1763,120707,PALCAMAYO,TARMA,JUNIN,382.92,False,44.058977075384504,True
1764,160601,CONTAMANA,UCAYALI,LORETO,638.5909090909091,False,,False
1765,160404,SAN PABLO,MARISCAL RAMON CASTILLA,LORETO,575.0,False,,False
1766,140312,TUCUME,LAMBAYEQUE,LAMBAYEQUE,1108.952380952381,False,30.81583330770779,True
1767,160603,PADRE MARQUEZ,UCAYALI,LORETO,564.3571428571429,False,,False
1768,140301,LAMBAYEQUE,LAMBAYEQUE,LAMBAYEQUE,2049.0769230769233,False,3.939855701994425,True
1769,120810,YAULI,YAULI,JUNIN,113.62222222222222,False,30.200057047375616,True
1770,120907,SAN JUAN DE JARPA,CHUPACA,JUNIN,513.8571428571429,False,53.21374034651743,True
1771,160402,PEBAS,MARISCAL RAMON CASTILLA,LORETO,346.1372549019608,False,,False
1772,140203,INCAHUASI,FERREÑAFE,LAMBAYEQUE,302.5576923076923,False,124.93253845052075,True
1773,160305,URARINAS,LORETO,LORETO,293.6538461538462,False,,False
1774,140108,MONSEFU,CHICLAYO,LAMBAYEQUE,1404.9565217391305,False,15.23399187785518,True
1775,120909,YANACANCHA,CHUPACA,JUNIN,65.68518518518518,False,97.5131462346652,True
1776,120124,PARIAHUANCA,HUANCAYO,JUNIN,174.75757575757575,False,107.98344386671496,True
1777,120604,MAZAMARI,SATIPO,JUNIN,1065.8032786885246,False,29.362757684984718,True
1778,120803,HUAY-HUAY,YAULI,JUNIN,22.333333333333332,False,40.492492371863484,True
1779,120503,ONDORES,JUNIN,JUNIN,23.740259740259738,False,41.69742876594989,True
1780,120809,SUITUCANCHA,YAULI,JUNIN,15.599999999999998,False,72.01510030274632,True
1781,120607,RIO NEGRO,SATIPO,JUNIN,650.0,False,47.22981443877053,True
1782,160501,REQUENA,REQUENA,LORETO,1107.2857142857142,False,,False
1783,140203,INCAHUASI,FERREÑAFE,LAMBAYEQUE,302.5576923076923,False,153.6372092322231,True
1784,140112,PIMENTEL,CHICLAYO,LAMBAYEQUE,1706.4814814814818,False,5.149312959797798,True
1785,120804,MARCAPOMACOCHA,YAULI,JUNIN,14.252747252747252,False,113.39635196238123,True
1786,120703,HUARICOLCA,TARMA,JUNIN,295.5454545454545,False,33.54515142708087,True
1787,120804,MARCAPOMACOCHA,YAULI,JUNIN,14.252747252747252,False,84.76756806570658,True
1788,120501,JUNIN,JUNIN,JUNIN,96.85714285714286,False,20.34806614362173,True
1789,120604,MAZAMARI,SATIPO,JUNIN,1065.8032786885246,False,17.638334756713373,True
1790,120133,SAPALLANGA,HUANCAYO,JUNIN,858.6,False,11.708154995911366,True
1791,120804,MARCAPOMACOCHA,YAULI,JUNIN,14.252747252747252,False,127.56059599174823,True
1792,160401,RAMON CASTILLA,MARISCAL RAMON CASTILLA,LORETO,595.7142857142858,False,,False
1793,120806,PACCHA,YAULI,JUNIN,58.89285714285714,False,12.741159303846555,True
1794,120504,ULCUMAYO,JUNIN,JUNIN,93.27419354838709,False,110.4076877701097,True
1795,120810,YAULI,YAULI,JUNIN,113.62222222222222,False,38.61849345091542,True
1796,120126,PUCARA,HUANCAYO,JUNIN,455.27272727272725,False,26.675306832532677,True
1797,160105,LAS AMAZONAS,MAYNAS,LORETO,283.59999999999997,False,,False
1798,120809,SUITUCANCHA,YAULI,JUNIN,15.599999999999998,False,71.28393975246146,True
1799,120302,PERENE,CHANCHAMAYO,JUNIN,902.7325581395348,False,15.045018258362738,True
1800,120503,ONDORES,JUNIN,JUNIN,23.740259740259738,False,55.1598206756408,True
1801,160102,ALTO NANAY,MAYNAS,LORETO,102.13333333333334,False,,False
1802,160303,TIGRE,LORETO,LORETO,279.48387096774195,False,,False
1803,120504,ULCUMAYO,JUNIN,JUNIN,93.27419354838709,False,77.68708645249527,True
1804,120809,SUITUCANCHA,YAULI,JUNIN,15.599999999999998,False,79.87821702481806,True
1805,120206,COMAS,CONCEPCION,JUNIN,134.95555555555555,False,31.25707775422116,True
1806,120801,LA OROYA,YAULI,JUNIN,349.3611111111111,False,24.94380582914688,True
1807,120501,JUNIN,JUNIN,JUNIN,96.85714285714286,False,23.564353829147407,True
1808,120128,QUILCAS,HUANCAYO,JUNIN,152.42857142857142,False,26.27672708383648,True
1809,120134,SICAYA,HUANCAYO,JUNIN,907.3333333333333,False,12.543250952170428,True
1810,120807,SANTA BARBARA DE CARHUACAYAN,YAULI,JUNIN,24.989473684210523,False,93.59687351456903,True
1811,120206,COMAS,CONCEPCION,JUNIN,134.95555555555555,False,59.545256575687546,True
1812,140308,OLMOS,LAMBAYEQUE,LAMBAYEQUE,437.7578947368421,False,118.1422628804103,True
1813,160301,NAUTA,LORETO,LORETO,567.2407407407408,False,,False
1814,160103,FERNANDO LORES,MAYNAS,LORETO,349.93220338983053,False,,False
1815,120809,SUITUCANCHA,YAULI,JUNIN,15.599999999999998,False,55.16376647416768,True
1816,160402,PEBAS,MARISCAL RAMON CASTILLA,LORETO,346.1372549019608,False,,False
1817,160101,IQUITOS,MAYNAS,LORETO,10790.857142857143,False,,False
1818,140102,CHONGOYAPE,CHICLAYO,LAMBAYEQUE,724.0400000000001,False,52.50047287449476,True
1819,160403,YAVARI,MARISCAL RAMON CASTILLA,LORETO,362.55555555555554,False,,False
1820,120606,PANGOA,SATIPO,JUNIN,618.2346938775511,False,31.991148573997158,True
1821,160706,ANDOAS,DATEM DEL MARAÑON,LORETO,221.87931034482762,False,,False
1822,120601,SATIPO,SATIPO,JUNIN,650.0597014925373,False,62.658819788699944,True
1823,120305,SAN RAMON,CHANCHAMAYO,JUNIN,746.7567567567568,False,26.398252658450676,True
1824,140205,PITIPO,FERREÑAFE,LAMBAYEQUE,691.8285714285714,False,46.279333688136845,True
1825,120810,YAULI,YAULI,JUNIN,113.62222222222222,False,30.501702797789196,True
1826,120124,PARIAHUANCA,HUANCAYO,JUNIN,174.75757575757575,False,111.50276072663206,True
1827,160201,YURIMAGUAS,ALTO AMAZONAS,LORETO,1234.1166666666666,False,,False
1828,120504,ULCUMAYO,JUNIN,JUNIN,93.27419354838709,False,44.43747792125462,True
1829,120209,MARISCAL CASTILLA,CONCEPCION,JUNIN,118.0,False,78.46307938116468,True
1830,160211,TENIENTE CESAR LOPEZ ROJAS,ALTO AMAZONAS,LORETO,306.5,False,,False
1831,120903,CHONGOS BAJO,CHUPACA,JUNIN,190.76190476190476,False,14.96974924615159,True
1832,120701,TARMA,TARMA,JUNIN,941.4285714285714,False,1.4393814227945145,True
1833,120423,PACCHA,JAUJA,JUNIN,164.09090909090907,False,18.401255063904085,True
1834,120701,TARMA,TARMA,JUNIN,941.4285714285714,False,6.694591471447495,True
1835,120802,CHACAPALPA,YAULI,JUNIN,10.352941176470587,False,37.100708714374456,True
1836,120303,PICHANAQUI,CHANCHAMAYO,JUNIN,1118.71875,False,38.48287634210472,True
1837,140310,SALAS,LAMBAYEQUE,LAMBAYEQUE,200.86153846153846,False,107.17307665834157,True
1838,160113,SAN JUAN BAUTISTA,MAYNAS,LORETO,3236.38,False,,False
1839,140202,CAÑARIS,FERREÑAFE,LAMBAYEQUE,528.1071428571429,False,198.58630549763663,True
1840,120609,VIZCATAN DEL ENE,SATIPO,JUNIN,223.3125,False,232.16781121183698,True
1841,120807,SANTA BARBARA DE CARHUACAYAN,YAULI,JUNIN,24.989473684210523,False,98.19044227897511,True
1842,160601,CONTAMANA,UCAYALI,LORETO,638.5909090909091,False,39.730193219949825,True
1843,160110,TORRES CAUSANA,MAYNAS,LORETO,327.375,False,,False
1844,120206,COMAS,CONCEPCION,JUNIN,134.95555555555555,False,80.69898083370178,True
1845,120701,TARMA,TARMA,JUNIN,941.4285714285714,False,28.28764896978293,True
1846,160201,YURIMAGUAS,ALTO AMAZONAS,LORETO,1234.1166666666666,False,31.450212210382713,True
1847,120804,MARCAPOMACOCHA,YAULI,JUNIN,14.252747252747252,False,113.39635196238123,True
1848,140301,LAMBAYEQUE,LAMBAYEQUE,LAMBAYEQUE,2049.0769230769233,False,10.901397561796497,True
1849,120909,YANACANCHA,CHUPACA,JUNIN,65.68518518518518,False,121.92010644541632,True
1850,160402,PEBAS,MARISCAL RAMON CASTILLA,LORETO,346.1372549019608,False,,False
1851,160703,MANSERICHE,DATEM DEL MARAÑON,LORETO,396.55555555555554,False,,False
1852,160106,MAZAN,MAYNAS,LORETO,379.9189189189189,False,,False
1853,120709,TAPO,TARMA,JUNIN,404.8666666666666,False,39.04020943569888,True
1854,140101,CHICLAYO,CHICLAYO,LAMBAYEQUE,8778.44117647059,False,12.064124308189292,True
1855,160108,PUNCHANA,MAYNAS,LORETO,3038.7419354838707,False,,False
1856,140308,OLMOS,LAMBAYEQUE,LAMBAYEQUE,437.7578947368421,False,88.21944188914898,True
1857,140308,OLMOS,LAMBAYEQUE,LAMBAYEQUE,437.7578947368421,False,132.03687593350983,True
1858,160103,FERNANDO LORES,MAYNAS,LORETO,349.93220338983053,False,,False
1859,120207,HEROINAS TOLEDO,CONCEPCION,JUNIN,119.30000000000001,False,24.246041351977023,True
1860,140308,OLMOS,LAMBAYEQUE,LAMBAYEQUE,437.7578947368421,False,92.81623717623191,True
1861,160105,LAS AMAZONAS,MAYNAS,LORETO,283.59999999999997,False,,False
1862,120601,SATIPO,SATIPO,JUNIN,650.0597014925373,False,4.164291641443874,True
1863,160601,CONTAMANA,UCAYALI,LORETO,638.5909090909091,False,,False
1864,160112,BELEN,MAYNAS,LORETO,2504.548387096774,False,,False
1865,120502,CARHUAMAYO,JUNIN,JUNIN,228.47058823529414,False,50.389790309669166,True
1866,160404,SAN PABLO,MARISCAL RAMON CASTILLA,LORETO,575.0,False,,False
1867,120604,MAZAMARI,SATIPO,JUNIN,1065.8032786885246,False,41.546204194660255,True
1868,160301,NAUTA,LORETO,LORETO,567.2407407407408,False,,False
1869,160703,MANSERICHE,DATEM DEL MARAÑON,LORETO,396.55555555555554,False,,False
1870,120112,COLCA,HUANCAYO,JUNIN,159.0769230769231,False,63.63296564341521,True
1871,120706,PALCA,TARMA,JUNIN,223.4,False,48.924421311885,True
1872,120806,PACCHA,YAULI,JUNIN,58.89285714285714,False,39.60710688222548,True
1873,120503,ONDORES,JUNIN,JUNIN,23.740259740259738,False,15.72694164828248,True
1874,140204,MANUEL ANTONIO MESONES MURO,FERREÑAFE,LAMBAYEQUE,193.36363636363635,False,30.6617280761593,True
1875,160505,MAQUIA,REQUENA,LORETO,340.32000000000005,False,,False
1876,120807,SANTA BARBARA DE CARHUACAYAN,YAULI,JUNIN,24.989473684210523,False,58.248963251138214,True
1877,140204,MANUEL ANTONIO MESONES MURO,FERREÑAFE,LAMBAYEQUE,193.36363636363635,False,32.85282090860692,True
1878,140106,LA VICTORIA,CHICLAYO,LAMBAYEQUE,6204.599999999999,False,11.31222987114003,True
1879,160705,PASTAZA,DATEM DEL MARAÑON,LORETO,138.2127659574468,False,,False
1880,160704,MORONA,DATEM DEL MARAÑON,LORETO,324.0238095238095,False,,False
1881,160704,MORONA,DATEM DEL MARAÑON,LORETO,324.0238095238095,False,,False
1882,120607,RIO NEGRO,SATIPO,JUNIN,650.0,False,16.4014839502719,True
1883,160505,MAQUIA,REQUENA,LORETO,340.32000000000005,False,,False
1884,120101,HUANCAYO,HUANCAYO,JUNIN,7439.062500000001,False,,False
1885,120606,PANGOA,SATIPO,JUNIN,618.2346938775511,False,67.05947390528199,True
1886,160804,YAGUAS,PUTUMAYO,LORETO,113.8181818181818,False,,False
1887,160301,NAUTA,LORETO,LORETO,567.2407407407408,False,88.07476940172549,True
1888,120601,SATIPO,SATIPO,JUNIN,650.0597014925373,False,20.794714445824383,True
1889,160102,ALTO NANAY,MAYNAS,LORETO,102.13333333333334,False,,False
1890,160113,SAN JUAN BAUTISTA,MAYNAS,LORETO,3236.38,False,68.78151772895922,True
1891,160705,PASTAZA,DATEM DEL MARAÑON,LORETO,138.2127659574468,False,,False
1892,120801,LA OROYA,YAULI,JUNIN,349.3611111111111,False,1.4849199393923582,True
1893,120804,MARCAPOMACOCHA,YAULI,JUNIN,14.252747252747252,False,60.09355081345114,True
1894,120206,COMAS,CONCEPCION,JUNIN,134.95555555555555,False,66.3174275151427,True
1895,140310,SALAS,LAMBAYEQUE,LAMBAYEQUE,200.86153846153846,False,108.54956212172571,True
1896,120433,YAULI,JAUJA,JUNIN,108.66666666666667,False,9.763788033242957,True
1897,160802,ROSA PANDURO,PUTUMAYO,LORETO,82.77777777777777,False,,False
1898,160401,RAMON CASTILLA,MARISCAL RAMON CASTILLA,LORETO,595.7142857142858,False,,False
1899,120403,APATA,JAUJA,JUNIN,83.34693877551021,True,12.87424387224505,True
1900,120701,TARMA,TARMA,JUNIN,941.4285714285714,False,17.672225426152536,True
1901,120902,AHUAC,CHUPACA,JUNIN,423.7142857142857,False,20.07455707167662,True
1902,120606,PANGOA,SATIPO,JUNIN,618.2346938775511,False,68.65347917798215,True
1903,140301,LAMBAYEQUE,LAMBAYEQUE,LAMBAYEQUE,2049.0769230769233,False,3.9572187047711034,True
1904,120403,APATA,JAUJA,JUNIN,83.34693877551021,False,46.35635894237775,True
1905,120606,PANGOA,SATIPO,JUNIN,618.2346938775511,False,101.21740934825517,True
1906,140202,CAÑARIS,FERREÑAFE,LAMBAYEQUE,528.1071428571429,False,221.69539694254374,True
1907,120701,TARMA,TARMA,JUNIN,941.4285714285714,False,24.237472271584704,True
1908,160401,RAMON CASTILLA,MARISCAL RAMON CASTILLA,LORETO,595.7142857142858,False,,False
1909,120205,COCHAS,CONCEPCION,JUNIN,146.41666666666669,False,111.56406784462787,True
1910,140115,SAÑA,CHICLAYO,LAMBAYEQUE,885.5,False,41.87464134813491,True
1911,160112,BELEN,MAYNAS,LORETO,2504.548387096774,False,,False
1912,120806,PACCHA,YAULI,JUNIN,58.89285714285714,False,39.60710688222548,True
1913,160211,TENIENTE CESAR LOPEZ ROJAS,ALTO AMAZONAS,LORETO,306.5,False,,False
1914,120806,PACCHA,YAULI,JUNIN,58.89285714285714,False,13.925021167987214,True
1915,120701,TARMA,TARMA,JUNIN,941.4285714285714,False,20.575205788924674,True
1916,140113,REQUE,CHICLAYO,LAMBAYEQUE,1398.7272727272727,False,14.627323016843851,True
1917,120809,SUITUCANCHA,YAULI,JUNIN,15.599999999999998,False,77.93659540972926,True
1918,160302,PARINARI,LORETO,LORETO,666.4545454545455,False,,False
1919,120410,HUERTAS,JAUJA,JUNIN,205.50000000000003,False,7.26090905461178,True
1920,160107,NAPO,MAYNAS,LORETO,371.00000000000006,False,,False
1921,140303,ILLIMO,LAMBAYEQUE,LAMBAYEQUE,941.5000000000001,True,22.822023986466625,True
1922,120302,PERENE,CHANCHAMAYO,JUNIN,902.7325581395348,False,47.625952152243805,True
1923,120501,JUNIN,JUNIN,JUNIN,96.85714285714286,False,23.564353829147407,True
1924,120503,ONDORES,JUNIN,JUNIN,23.740259740259738,False,49.354880327145864,True
1925,120801,LA OROYA,YAULI,JUNIN,349.3611111111111,False,42.17555648616002,True
1926,160103,FERNANDO LORES,MAYNAS,LORETO,349.93220338983053,False,,False
1927,120107,CHILCA,HUANCAYO,JUNIN,9777.0,False,6.006937765349042,True
1928,120807,SANTA BARBARA DE CARHUACAYAN,YAULI,JUNIN,24.989473684210523,False,92.63456962178645,True
1929,120304,SAN LUIS DE SHUARO,CHANCHAMAYO,JUNIN,435.0,False,31.420843265534142,True
1930,120303,PICHANAQUI,CHANCHAMAYO,JUNIN,1118.71875,False,29.209894678080033,True
1931,140302,CHOCHOPE,LAMBAYEQUE,LAMBAYEQUE,124.66666666666666,False,70.56208106966224,True
1932,140205,PITIPO,FERREÑAFE,LAMBAYEQUE,691.8285714285714,False,58.83083776638909,True
1933,160107,NAPO,MAYNAS,LORETO,371.00000000000006,False,0.0,True
1934,120306,VITOC,CHANCHAMAYO,JUNIN,96.33333333333333,False,25.471536862244722,True
1935,120604,MAZAMARI,SATIPO,JUNIN,1065.8032786885246,False,60.94669848528215,True
1936,160303,TIGRE,LORETO,LORETO,279.48387096774195,False,,False
1937,120802,CHACAPALPA,YAULI,JUNIN,10.352941176470587,False,88.28895810359958,True
1938,140308,OLMOS,LAMBAYEQUE,LAMBAYEQUE,437.7578947368421,False,109.25874167183748,True
1939,120410,HUERTAS,JAUJA,JUNIN,205.50000000000003,False,5.421863372360285,True
1940,120306,VITOC,CHANCHAMAYO,JUNIN,96.33333333333333,True,38.296648314292305,True
1941,120607,RIO NEGRO,SATIPO,JUNIN,650.0,False,28.739704685537703,True
1942,120111,CHUPURO,HUANCAYO,JUNIN,194.66666666666666,False,26.13021309804175,True
1943,140112,PIMENTEL,CHICLAYO,LAMBAYEQUE,1706.4814814814818,False,2.1033471568039652,True
1944,140308,OLMOS,LAMBAYEQUE,LAMBAYEQUE,437.7578947368421,False,92.81623717623191,True
1945,160802,ROSA PANDURO,PUTUMAYO,LORETO,82.77777777777777,False,,False
1946,160106,MAZAN,MAYNAS,LORETO,379.9189189189189,False,,False
1947,120604,MAZAMARI,SATIPO,JUNIN,1065.8032786885246,False,27.288267846116568,True
1948,160303,TIGRE,LORETO,LORETO,279.48387096774195,False,,False
1949,160113,SAN JUAN BAUTISTA,MAYNAS,LORETO,3236.38,False,33.34344895360246,True
1950,120305,SAN RAMON,CHANCHAMAYO,JUNIN,746.7567567567568,False,8.72521629219262,True
1951,140307,MOTUPE,LAMBAYEQUE,LAMBAYEQUE,749.5833333333334,False,78.54041110338687,True
1952,140119,PUCALA,CHICLAYO,LAMBAYEQUE,597.1999999999999,False,30.121796200851165,True
1953,120804,MARCAPOMACOCHA,YAULI,JUNIN,14.252747252747252,False,,False
1954,120706,PALCA,TARMA,JUNIN,223.4,False,26.70045383839885,True
1955,120608,RIO TAMBO,SATIPO,JUNIN,729.2738095238095,False,76.82436030754927,True
1956,120809,SUITUCANCHA,YAULI,JUNIN,15.599999999999998,False,67.59609942241019,True
1957,160211,TENIENTE CESAR LOPEZ ROJAS,ALTO AMAZONAS,LORETO,306.5,False,124.2970193365656,True
1958,160205,JEBEROS,ALTO AMAZONAS,LORETO,272.65000000000003,False,,False
1959,120707,PALCAMAYO,TARMA,JUNIN,382.92,False,53.493363132290625,True
1960,120501,JUNIN,JUNIN,JUNIN,96.85714285714286,False,18.745944629574257,True
1961,140308,OLMOS,LAMBAYEQUE,LAMBAYEQUE,437.7578947368421,False,108.88466767838248,True
1962,160206,LAGUNAS,ALTO AMAZONAS,LORETO,520.8571428571429,False,,False
1963,160502,ALTO TAPICHE,REQUENA,LORETO,164.53846153846155,False,,False
1964,160302,PARINARI,LORETO,LORETO,666.4545454545455,False,,False
1965,120203,ANDAMARCA,CONCEPCION,JUNIN,206.1818181818182,False,126.48916279702372,True
1966,120502,CARHUAMAYO,JUNIN,JUNIN,228.47058823529414,False,43.36514707115405,True
1967,160205,JEBEROS,ALTO AMAZONAS,LORETO,272.65000000000003,False,,False
1968,120605,PAMPA HERMOSA,SATIPO,JUNIN,454.125,False,40.1146450126762,True
1969,160605,SARAYACU,UCAYALI,LORETO,676.5200000000001,False,,False
1970,120302,PERENE,CHANCHAMAYO,JUNIN,902.7325581395348,False,44.981171899727826,True
1971,120708,SAN PEDRO DE CAJAS,TARMA,JUNIN,153.21621621621622,False,,False
1972,120108,CHONGOS ALTO,HUANCAYO,JUNIN,33.475,True,63.37539411992444,True
1973,120602,COVIRIALI,SATIPO,JUNIN,372.4705882352941,False,5.060399485207803,True
1974,160103,FERNANDO LORES,MAYNAS,LORETO,349.93220338983053,False,,False
1975,160404,SAN PABLO,MARISCAL RAMON CASTILLA,LORETO,575.0,False,,False
1976,140107,LAGUNAS,CHICLAYO,LAMBAYEQUE,549.2631578947369,False,28.630567885879575,True
1977,160801,PUTUMAYO,PUTUMAYO,LORETO,241.16666666666666,True,,False
1978,120703,HUARICOLCA,TARMA,JUNIN,295.5454545454545,False,20.836535604488216,True
1979,120114,EL TAMBO,HUANCAYO,JUNIN,6923.458333333333,False,3.668845956017209,True
1980,120124,PARIAHUANCA,HUANCAYO,JUNIN,174.75757575757575,False,86.05081902296882,True
1981,140117,PATAPO,CHICLAYO,LAMBAYEQUE,1343.7058823529412,False,26.366792759312883,True
1982,160502,ALTO TAPICHE,REQUENA,LORETO,164.53846153846155,False,,False
1983,140102,CHONGOYAPE,CHICLAYO,LAMBAYEQUE,724.0400000000001,False,42.003277855789136,True
1984,120810,YAULI,YAULI,JUNIN,113.62222222222222,False,40.13336988531614,True
1985,120703,HUARICOLCA,TARMA,JUNIN,295.5454545454545,False,11.571752265318445,True
1986,120802,CHACAPALPA,YAULI,JUNIN,10.352941176470587,False,37.100708714374456,True
1987,140310,SALAS,LAMBAYEQUE,LAMBAYEQUE,200.86153846153846,False,108.34184817796226,True
1988,120810,YAULI,YAULI,JUNIN,113.62222222222222,False,35.02857128488764,True
1989,120302,PERENE,CHANCHAMAYO,JUNIN,902.7325581395348,False,34.61412825835505,True
1990,120909,YANACANCHA,CHUPACA,JUNIN,65.68518518518518,False,86.07829245960548,True
1991,120105,CHACAPAMPA,HUANCAYO,JUNIN,67.5,False,98.44879669139253,True
1992,120303,PICHANAQUI,CHANCHAMAYO,JUNIN,1118.71875,False,34.00478303984876,True
1993,120802,CHACAPALPA,YAULI,JUNIN,10.352941176470587,False,88.28895810359958,True
1994,140308,OLMOS,LAMBAYEQUE,LAMBAYEQUE,437.7578947368421,False,89.3630537501157,True
1995,120804,MARCAPOMACOCHA,YAULI,JUNIN,14.252747252747252,False,90.5863163813719,True
1996,120122,INGENIO,HUANCAYO,JUNIN,358.14285714285717,False,15.12500752469019,True
1997,120606,PANGOA,SATIPO,JUNIN,618.2346938775511,False,165.4751153080668,True
1998,120208,MANZANARES,CONCEPCION,JUNIN,463.66666666666663,False,25.87040893670068,True
1999,120201,CONCEPCION,CONCEPCION,JUNIN,2144.285714285714,False,5.033063272606959,True
2000,140205,PITIPO,FERREÑAFE,LAMBAYEQUE,691.8285714285714,False,32.71280512226282,True
2001,120604,MAZAMARI,SATIPO,JUNIN,1065.8032786885246,False,52.83687585706166,True
2002,120203,ANDAMARCA,CONCEPCION,JUNIN,206.1818181818182,False,129.8293138238884,True
2003,140308,OLMOS,LAMBAYEQUE,LAMBAYEQUE,437.7578947368421,False,103.03677916267867,True
2004,160205,JEBEROS,ALTO AMAZONAS,LORETO,272.65000000000003,False,,False
2005,120501,JUNIN,JUNIN,JUNIN,96.85714285714286,False,23.116645333894308,True
2006,120214,SAN JOSE DE QUERO,CONCEPCION,JUNIN,254.41666666666669,False,80.81392309499955,True
2007,120305,SAN RAMON,CHANCHAMAYO,JUNIN,746.7567567567568,False,7.801963139144128,True
2008,160108,PUNCHANA,MAYNAS,LORETO,3038.7419354838707,False,,False
2009,120426,POMACANCHA,JAUJA,JUNIN,131.66666666666669,False,44.27900061252001,True
2010,160102,ALTO NANAY,MAYNAS,LORETO,102.13333333333334,False,,False
2011,140202,CAÑARIS,FERREÑAFE,LAMBAYEQUE,528.1071428571429,False,202.85809658635208,True
2012,120706,PALCA,TARMA,JUNIN,223.4,False,32.95466886066759,True
2013,120604,MAZAMARI,SATIPO,JUNIN,1065.8032786885246,False,27.67339363919001,True
2014,120503,ONDORES,JUNIN,JUNIN,23.740259740259738,False,41.64597512495694,True
2015,120803,HUAY-HUAY,YAULI,JUNIN,22.333333333333332,False,39.65477958900503,True
2016,120707,PALCAMAYO,TARMA,JUNIN,382.92,False,24.156995766482165,True
2017,160704,MORONA,DATEM DEL MARAÑON,LORETO,324.0238095238095,False,,False
2018,140312,TUCUME,LAMBAYEQUE,LAMBAYEQUE,1108.952380952381,False,26.98459755494916,True
2019,120704,HUASAHUASI,TARMA,JUNIN,296.11538461538464,False,41.999835245079055,True
2020,120504,ULCUMAYO,JUNIN,JUNIN,93.27419354838709,False,44.43747792125462,True
2021,160505,MAQUIA,REQUENA,LORETO,340.32000000000005,False,,False
2022,160601,CONTAMANA,UCAYALI,LORETO,638.5909090909091,False,,False
2023,120303,PICHANAQUI,CHANCHAMAYO,JUNIN,1118.71875,False,69.35909601752306,True
2024,160211,TENIENTE CESAR LOPEZ ROJAS,ALTO AMAZONAS,LORETO,306.5,False,,False
2025,140101,CHICLAYO,CHICLAYO,LAMBAYEQUE,8778.44117647059,False,3.0612560278569516,True
2026,140108,MONSEFU,CHICLAYO,LAMBAYEQUE,1404.9565217391305,False,12.56691394155649,True
2027,160202,BALSAPUERTO,ALTO AMAZONAS,LORETO,311.0689655172414,False,,False
2028,160112,BELEN,MAYNAS,LORETO,2504.548387096774,False,,False
2029,160404,SAN PABLO,MARISCAL RAMON CASTILLA,LORETO,575.0,False,,False
2030,160202,BALSAPUERTO,ALTO AMAZONAS,LORETO,311.0689655172414,False,,False
2031,120130,SAN JERONIMO DE TUNAN,HUANCAYO,JUNIN,3473.3333333333335,False,9.612053994229163,True
2032,140102,CHONGOYAPE,CHICLAYO,LAMBAYEQUE,724.0400000000001,False,57.83430434686265,True
2033,120807,SANTA BARBARA DE CARHUACAYAN,YAULI,JUNIN,24.989473684210523,False,80.3518452115697,True
2034,120810,YAULI,YAULI,JUNIN,113.62222222222222,False,35.02857128488764,True
2035,160210,SANTA CRUZ,ALTO AMAZONAS,LORETO,188.95833333333334,False,,False
2036,160105,LAS AMAZONAS,MAYNAS,LORETO,283.59999999999997,False,,False
2037,160107,NAPO,MAYNAS,LORETO,371.00000000000006,False,,False
2038,140304,JAYANCA,LAMBAYEQUE,LAMBAYEQUE,601.3000000000001,False,50.92861420550668,True
2039,120503,ONDORES,JUNIN,JUNIN,23.740259740259738,False,59.59596687452616,True
2040,160603,PADRE MARQUEZ,UCAYALI,LORETO,564.3571428571429,False,,False
2041,160801,PUTUMAYO,PUTUMAYO,LORETO,241.16666666666666,False,,False
2042,160112,BELEN,MAYNAS,LORETO,2504.548387096774,False,,False
2043,120606,PANGOA,SATIPO,JUNIN,618.2346938775511,False,26.567263101330862,True
2044,160301,NAUTA,LORETO,LORETO,567.2407407407408,False,,False
2045,140113,REQUE,CHICLAYO,LAMBAYEQUE,1398.7272727272727,False,11.772510235220977,True
2046,120704,HUASAHUASI,TARMA,JUNIN,296.11538461538464,False,51.690390648434885,True
2047,160201,YURIMAGUAS,ALTO AMAZONAS,LORETO,1234.1166666666666,True,0.6870219755602188,True
2048,140203,INCAHUASI,FERREÑAFE,LAMBAYEQUE,302.5576923076923,False,119.27277994578422,True
2049,140112,PIMENTEL,CHICLAYO,LAMBAYEQUE,1706.4814814814818,False,7.1871074309707215,True
2050,120108,CHONGOS ALTO,HUANCAYO,JUNIN,33.475,False,104.79350912150122,True
2051,120905,HUAMANCACA CHICO,CHUPACA,JUNIN,2042.0,False,4.633116132561546,True
2052,140310,SALAS,LAMBAYEQUE,LAMBAYEQUE,200.86153846153846,False,128.88043292920878,True
2053,160110,TORRES CAUSANA,MAYNAS,LORETO,327.375,False,,False
2054,120403,APATA,JAUJA,JUNIN,83.34693877551021,False,50.866778836450216,True
2055,120503,ONDORES,JUNIN,JUNIN,23.740259740259738,False,42.97834355275424,True
2056,140302,CHOCHOPE,LAMBAYEQUE,LAMBAYEQUE,124.66666666666666,False,86.42150367050694,True
2057,160403,YAVARI,MARISCAL RAMON CASTILLA,LORETO,362.55555555555554,False,,False
2058,140106,LA VICTORIA,CHICLAYO,LAMBAYEQUE,6204.599999999999,False,6.7882158058122775,True
2059,160501,REQUENA,REQUENA,LORETO,1107.2857142857142,False,,False
2060,160401,RAMON CASTILLA,MARISCAL RAMON CASTILLA,LORETO,595.7142857142858,False,,False
2061,140308,OLMOS,LAMBAYEQUE,LAMBAYEQUE,437.7578947368421,False,89.5410066959388,True
2062,120501,JUNIN,JUNIN,JUNIN,96.85714285714286,False,24.78270683829608,True
2063,120206,COMAS,CONCEPCION,JUNIN,134.95555555555555,False,65.90837828602714,True
2064,140303,ILLIMO,LAMBAYEQUE,LAMBAYEQUE,941.5000000000001,False,27.908360549402044,True
2065,160401,RAMON CASTILLA,MARISCAL RAMON CASTILLA,LORETO,595.7142857142858,False,,False
2066,160305,URARINAS,LORETO,LORETO,293.6538461538462,False,,False
2067,120601,SATIPO,SATIPO,JUNIN,650.0597014925373,False,9.604829446276211,True
2068,120607,RIO NEGRO,SATIPO,JUNIN,650.0,False,40.79361119160535,True
2069,120426,POMACANCHA,JAUJA,JUNIN,131.66666666666669,False,30.18857344916745,True
2070,120504,ULCUMAYO,JUNIN,JUNIN,93.27419354838709,False,49.84125044876513,True
2071,120804,MARCAPOMACOCHA,YAULI,JUNIN,14.252747252747252,False,117.31275956427889,True
2072,120108,CHONGOS ALTO,HUANCAYO,JUNIN,33.475,False,88.42214353884061,True
2073,120804,MARCAPOMACOCHA,YAULI,JUNIN,14.252747252747252,False,100.14430625855371,True
2074,120809,SUITUCANCHA,YAULI,JUNIN,15.599999999999998,False,60.984891518931995,True
2075,160201,YURIMAGUAS,ALTO AMAZONAS,LORETO,1234.1166666666666,False,,False
2076,160108,PUNCHANA,MAYNAS,LORETO,3038.7419354838707,False,,False
2077,160211,TENIENTE CESAR LOPEZ ROJAS,ALTO AMAZONAS,LORETO,306.5,False,,False
2078,120206,COMAS,CONCEPCION,JUNIN,134.95555555555555,False,58.310363686902356,True
2079,160402,PEBAS,MARISCAL RAMON CASTILLA,LORETO,346.1372549019608,False,,False
2080,120705,LA UNION,TARMA,JUNIN,312.4,False,51.44314053055919,True
2081,160507,SAQUENA,REQUENA,LORETO,558.3333333333333,False,,False
2082,140308,OLMOS,LAMBAYEQUE,LAMBAYEQUE,437.7578947368421,False,127.54667947803807,True
2083,140205,PITIPO,FERREÑAFE,LAMBAYEQUE,691.8285714285714,False,59.656425695558845,True
2084,120606,PANGOA,SATIPO,JUNIN,618.2346938775511,False,170.92126745088015,True
2085,160601,CONTAMANA,UCAYALI,LORETO,638.5909090909091,False,,False
2086,120405,CANCHAYLLO,JAUJA,JUNIN,118.42857142857143,False,65.73321712137627,True
2087,120301,CHANCHAMAYO,CHANCHAMAYO,JUNIN,654.3684210526316,False,27.13629031178236,True
2088,120114,EL TAMBO,HUANCAYO,JUNIN,6923.458333333333,False,2.020833099365965,True
2089,120601,SATIPO,SATIPO,JUNIN,650.0597014925373,False,13.093223158332595,True
2090,160106,MAZAN,MAYNAS,LORETO,379.9189189189189,False,,False
2091,140301,LAMBAYEQUE,LAMBAYEQUE,LAMBAYEQUE,2049.0769230769233,False,1.9106126000584795,True
2092,120501,JUNIN,JUNIN,JUNIN,96.85714285714286,False,36.150907139018095,True
2093,160113,SAN JUAN BAUTISTA,MAYNAS,LORETO,3236.38,False,,False
2094,120701,TARMA,TARMA,JUNIN,941.4285714285714,False,25.73484362628754,True
2095,120903,CHONGOS BAJO,CHUPACA,JUNIN,190.76190476190476,False,42.873719829205626,True
2096,120302,PERENE,CHANCHAMAYO,JUNIN,902.7325581395348,False,1.304646721873508,True
2097,140205,PITIPO,FERREÑAFE,LAMBAYEQUE,691.8285714285714,False,61.80628023270265,True
2098,120801,LA OROYA,YAULI,JUNIN,349.3611111111111,False,34.724275734433654,True
2099,120421,MUQUIYAUYO,JAUJA,JUNIN,736.6666666666666,True,9.411221211528531,True
2100,160103,FERNANDO LORES,MAYNAS,LORETO,349.93220338983053,False,,False
2101,120301,CHANCHAMAYO,CHANCHAMAYO,JUNIN,654.3684210526316,False,42.0004416845363,True
2102,120702,ACOBAMBA,TARMA,JUNIN,849.125,False,19.306813620893156,True
2103,160201,YURIMAGUAS,ALTO AMAZONAS,LORETO,1234.1166666666666,False,,False
2104,160404,SAN PABLO,MARISCAL RAMON CASTILLA,LORETO,575.0,False,,False
2105,160301,NAUTA,LORETO,LORETO,567.2407407407408,False,,False
2106,120606,PANGOA,SATIPO,JUNIN,618.2346938775511,False,20.012918707629506,True
2107,120303,PICHANAQUI,CHANCHAMAYO,JUNIN,1118.71875,False,43.83519855124293,True
2108,160705,PASTAZA,DATEM DEL MARAÑON,LORETO,138.2127659574468,False,,False
2109,120425,PARCO,JAUJA,JUNIN,164.57142857142858,False,21.78983029259433,True
2110,160305,URARINAS,LORETO,LORETO,293.6538461538462,False,,False
2111,120909,YANACANCHA,CHUPACA,JUNIN,65.68518518518518,False,68.38778883548883,True
2112,120608,RIO TAMBO,SATIPO,JUNIN,729.2738095238095,False,,False
2113,160706,ANDOAS,DATEM DEL MARAÑON,LORETO,221.87931034482762,False,,False
2114,140116,CAYALTI,CHICLAYO,LAMBAYEQUE,1224.2307692307693,False,46.83596495702185,True
2115,120119,HUANCAN,HUANCAYO,JUNIN,3624.0,False,5.547605875807495,True
2116,160202,BALSAPUERTO,ALTO AMAZONAS,LORETO,311.0689655172414,False,,False
2117,140112,PIMENTEL,CHICLAYO,LAMBAYEQUE,1706.4814814814818,False,10.971372856458517,True
2118,120501,JUNIN,JUNIN,JUNIN,96.85714285714286,False,18.045037493519626,True
2119,140101,CHICLAYO,CHICLAYO,LAMBAYEQUE,8778.44117647059,False,2.6072502556365666,True
2120,160305,URARINAS,LORETO,LORETO,293.6538461538462,False,,False
2121,120133,SAPALLANGA,HUANCAYO,JUNIN,858.6,False,20.430756343483512,True
2122,120418,MOLINOS,JAUJA,JUNIN,89.52941176470588,False,21.06047179246648,True
2123,160202,BALSAPUERTO,ALTO AMAZONAS,LORETO,311.0689655172414,False,,False
2124,160112,BELEN,MAYNAS,LORETO,2504.548387096774,False,2.8923337648108327,True
2125,160403,YAVARI,MARISCAL RAMON CASTILLA,LORETO,362.55555555555554,False,,False
2126,160501,REQUENA,REQUENA,LORETO,1107.2857142857142,False,,False
2127,140310,SALAS,LAMBAYEQUE,LAMBAYEQUE,200.86153846153846,False,123.03125186345817,True
2128,120419,MONOBAMBA,JAUJA,JUNIN,95.9090909090909,False,45.48458213035607,True
2129,160113,SAN JUAN BAUTISTA,MAYNAS,LORETO,3236.38,False,,False
2130,160605,SARAYACU,UCAYALI,LORETO,676.5200000000001,False,,False
2131,120608,RIO TAMBO,SATIPO,JUNIN,729.2738095238095,False,65.38877381083888,True
2132,160701,BARRANCA,DATEM DEL MARAÑON,LORETO,379.5405405405405,False,,False
2133,160601,CONTAMANA,UCAYALI,LORETO,638.5909090909091,False,,False
2134,120810,YAULI,YAULI,JUNIN,113.62222222222222,False,44.209169144425125,True
2135,160403,YAVARI,MARISCAL RAMON CASTILLA,LORETO,362.55555555555554,False,,False
2136,120426,POMACANCHA,JAUJA,JUNIN,131.66666666666669,False,41.498112610047244,True
2137,140108,MONSEFU,CHICLAYO,LAMBAYEQUE,1404.9565217391305,False,8.32800037155822,True
2138,120804,MARCAPOMACOCHA,YAULI,JUNIN,14.252747252747252,False,108.42106709342467,True
2139,120804,MARCAPOMACOCHA,YAULI,JUNIN,14.252747252747252,False,91.54319615456744,True
2140,160703,MANSERICHE,DATEM DEL MARAÑON,LORETO,396.55555555555554,False,,False
2141,120426,POMACANCHA,JAUJA,JUNIN,131.66666666666669,False,28.703552509947123,True
2142,120810,YAULI,YAULI,JUNIN,113.62222222222222,False,24.187765195492563,True
2143,160705,PASTAZA,DATEM DEL MARAÑON,LORETO,138.2127659574468,False,,False
2144,140302,CHOCHOPE,LAMBAYEQUE,LAMBAYEQUE,124.66666666666666,False,65.49295373645637,True
2145,140120,TUMAN,CHICLAYO,LAMBAYEQUE,2362.538461538462,False,20.701636772201617,True
2146,160301,NAUTA,LORETO,LORETO,567.2407407407408,False,,False
2147,160304,TROMPETEROS,LORETO,LORETO,533.1428571428572,False,,False
2148,120604,MAZAMARI,SATIPO,JUNIN,1065.8032786885246,False,47.47419684451286,True
2149,120601,SATIPO,SATIPO,JUNIN,650.0597014925373,False,12.732717076970744,True
2150,120129,SAN AGUSTIN,HUANCAYO,JUNIN,1992.5,False,25.955655652628096,True
2151,120807,SANTA BARBARA DE CARHUACAYAN,YAULI,JUNIN,24.989473684210523,False,87.63731036523802,True
2152,120418,MOLINOS,JAUJA,JUNIN,89.52941176470588,False,22.627353680264253,True
2153,140204,MANUEL ANTONIO MESONES MURO,FERREÑAFE,LAMBAYEQUE,193.36363636363635,False,30.6617280761593,True
2154,140110,OYOTUN,CHICLAYO,LAMBAYEQUE,449.0454545454545,False,91.60124908623172,True
2155,120128,QUILCAS,HUANCAYO,JUNIN,152.42857142857142,False,14.908403539562116,True
2156,160201,YURIMAGUAS,ALTO AMAZONAS,LORETO,1234.1166666666666,False,58.49090379261604,True
2157,120609,VIZCATAN DEL ENE,SATIPO,JUNIN,223.3125,False,,False
2158,160705,PASTAZA,DATEM DEL MARAÑON,LORETO,138.2127659574468,False,,False
2159,140110,OYOTUN,CHICLAYO,LAMBAYEQUE,449.0454545454545,False,86.60384981148974,True
2160,120418,MOLINOS,JAUJA,JUNIN,89.52941176470588,False,22.627353680264253,True
2161,120807,SANTA BARBARA DE CARHUACAYAN,YAULI,JUNIN,24.989473684210523,False,67.6036980924142,True
2162,120130,SAN JERONIMO DE TUNAN,HUANCAYO,JUNIN,3473.3333333333335,False,8.406110010156649,True
2163,120303,PICHANAQUI,CHANCHAMAYO,JUNIN,1118.71875,False,18.55446538604901,True
2164,140203,INCAHUASI,FERREÑAFE,LAMBAYEQUE,302.5576923076923,False,146.8053221018099,True
2165,120705,LA UNION,TARMA,JUNIN,312.4,False,38.41574159259159,True
2166,140202,CAÑARIS,FERREÑAFE,LAMBAYEQUE,528.1071428571429,False,226.37314437792827,True
2167,120501,JUNIN,JUNIN,JUNIN,96.85714285714286,False,24.41777866377111,True
2168,160704,MORONA,DATEM DEL MARAÑON,LORETO,324.0238095238095,False,,False
2169,140310,SALAS,LAMBAYEQUE,LAMBAYEQUE,200.86153846153846,False,119.80928244594743,True
2170,160305,URARINAS,LORETO,LORETO,293.6538461538462,False,,False
2171,160113,SAN JUAN BAUTISTA,MAYNAS,LORETO,3236.38,False,47.74453725121325,True
2172,160113,SAN JUAN BAUTISTA,MAYNAS,LORETO,3236.38,False,71.61537239062763,True
2173,140202,CAÑARIS,FERREÑAFE,LAMBAYEQUE,528.1071428571429,False,,False
2174,120706,PALCA,TARMA,JUNIN,223.4,False,23.641469748849296,True
2175,120302,PERENE,CHANCHAMAYO,JUNIN,902.7325581395348,False,75.41844472474652,True
2176,120807,SANTA BARBARA DE CARHUACAYAN,YAULI,JUNIN,24.989473684210523,False,107.31171818109628,True
2177,160102,ALTO NANAY,MAYNAS,LORETO,102.13333333333334,False,,False
2178,120704,HUASAHUASI,TARMA,JUNIN,296.11538461538464,False,65.2225679097809,True
2179,120607,RIO NEGRO,SATIPO,JUNIN,650.0,False,15.364156871061171,True
2180,160605,SARAYACU,UCAYALI,LORETO,676.5200000000001,False,,False
2181,120128,QUILCAS,HUANCAYO,JUNIN,152.42857142857142,False,14.339148459026845,True
2182,120406,CURICACA,JAUJA,JUNIN,164.5,False,33.84898684463664,True
2183,160305,URARINAS,LORETO,LORETO,293.6538461538462,False,,False
2184,120503,ONDORES,JUNIN,JUNIN,23.740259740259738,False,29.94514452209522,True
2185,120501,JUNIN,JUNIN,JUNIN,96.85714285714286,False,27.98422212021312,True
2186,120708,SAN PEDRO DE CAJAS,TARMA,JUNIN,153.21621621621622,False,55.78380987286302,True
2187,120302,PERENE,CHANCHAMAYO,JUNIN,902.7325581395348,False,4.539304459033484,True
2188,160201,YURIMAGUAS,ALTO AMAZONAS,LORETO,1234.1166666666666,False,17.761747761081665,True
2189,120214,SAN JOSE DE QUERO,CONCEPCION,JUNIN,254.41666666666669,False,49.52831278150001,True
2190,120504,ULCUMAYO,JUNIN,JUNIN,93.27419354838709,False,66.1974118931175,True
2191,160102,ALTO NANAY,MAYNAS,LORETO,102.13333333333334,False,,False
2192,120101,HUANCAYO,HUANCAYO,JUNIN,7439.062500000001,False,2.4495158495556666,True
2193,140307,MOTUPE,LAMBAYEQUE,LAMBAYEQUE,749.5833333333334,False,60.211480648077114,True
2194,140304,JAYANCA,LAMBAYEQUE,LAMBAYEQUE,601.3000000000001,False,38.956016372038754,True
2195,120604,MAZAMARI,SATIPO,JUNIN,1065.8032786885246,False,28.890844856084854,True
2196,160202,BALSAPUERTO,ALTO AMAZONAS,LORETO,311.0689655172414,False,,False
2197,120701,TARMA,TARMA,JUNIN,941.4285714285714,False,15.37255892054714,True
2198,120402,ACOLLA,JAUJA,JUNIN,555.0,False,9.545626996220578,True
2199,120427,RICRAN,JAUJA,JUNIN,48.96874999999999,False,37.79800918160875,True
2200,140306,MORROPE,LAMBAYEQUE,LAMBAYEQUE,1282.5675675675675,False,20.830235908162535,True
2201,120809,SUITUCANCHA,YAULI,JUNIN,15.599999999999998,False,77.93659540972926,True
2202,120708,SAN PEDRO DE CAJAS,TARMA,JUNIN,153.21621621621622,False,38.614178651134665,True
2203,120503,ONDORES,JUNIN,JUNIN,23.740259740259738,False,47.09973834232328,True
2204,120701,TARMA,TARMA,JUNIN,941.4285714285714,False,16.48277539901344,True
2205,160703,MANSERICHE,DATEM DEL MARAÑON,LORETO,396.55555555555554,False,,False
2206,120209,MARISCAL CASTILLA,CONCEPCION,JUNIN,118.0,False,93.11226579161473,True
2207,120411,JANJAILLO,JAUJA,JUNIN,68.1,False,31.046447849227143,True
2208,160501,REQUENA,REQUENA,LORETO,1107.2857142857142,False,,False
2209,120403,APATA,JAUJA,JUNIN,83.34693877551021,False,19.90031996453157,True
2210,120608,RIO TAMBO,SATIPO,JUNIN,729.2738095238095,False,220.35402119339227,True
2211,160304,TROMPETEROS,LORETO,LORETO,533.1428571428572,False,,False
2212,160706,ANDOAS,DATEM DEL MARAÑON,LORETO,221.87931034482762,False,,False
2213,120412,JULCAN,JAUJA,JUNIN,111.83333333333333,True,12.056763895046407,True
2214,120807,SANTA BARBARA DE CARHUACAYAN,YAULI,JUNIN,24.989473684210523,False,115.74015588319884,True
2215,120501,JUNIN,JUNIN,JUNIN,96.85714285714286,False,25.76766313383462,True
2216,160105,LAS AMAZONAS,MAYNAS,LORETO,283.59999999999997,False,,False
2217,120301,CHANCHAMAYO,CHANCHAMAYO,JUNIN,654.3684210526316,False,5.131207318779809,True
2218,160304,TROMPETEROS,LORETO,LORETO,533.1428571428572,False,,False
2219,160701,BARRANCA,DATEM DEL MARAÑON,LORETO,379.5405405405405,False,,False
2220,160211,TENIENTE CESAR LOPEZ ROJAS,ALTO AMAZONAS,LORETO,306.5,False,,False
2221,120608,RIO TAMBO,SATIPO,JUNIN,729.2738095238095,False,66.54156369278347,True
2222,120302,PERENE,CHANCHAMAYO,JUNIN,902.7325581395348,False,12.644017600269631,True
2223,120302,PERENE,CHANCHAMAYO,JUNIN,902.7325581395348,False,58.8595089304504,True
2224,140107,LAGUNAS,CHICLAYO,LAMBAYEQUE,549.2631578947369,False,40.80640156045085,True
2225,160402,PEBAS,MARISCAL RAMON CASTILLA,LORETO,346.1372549019608,False,,False
2226,120203,ANDAMARCA,CONCEPCION,JUNIN,206.1818181818182,False,121.71352027629037,True
2227,140308,OLMOS,LAMBAYEQUE,LAMBAYEQUE,437.7578947368421,False,116.57476804525938,True
2228,140301,LAMBAYEQUE,LAMBAYEQUE,LAMBAYEQUE,2049.0769230769233,False,5.32496343957947,True
2229,120207,HEROINAS TOLEDO,CONCEPCION,JUNIN,119.30000000000001,False,14.158449523915303,True
2230,120705,LA UNION,TARMA,JUNIN,312.4,False,33.99552921206103,True
2231,160110,TORRES CAUSANA,MAYNAS,LORETO,327.375,False,,False
2232,120807,SANTA BARBARA DE CARHUACAYAN,YAULI,JUNIN,24.989473684210523,False,67.06581002860801,True
2233,120802,CHACAPALPA,YAULI,JUNIN,10.352941176470587,False,24.263308205857044,True
2234,120606,PANGOA,SATIPO,JUNIN,618.2346938775511,False,17.713824646883516,True
2235,140309,PACORA,LAMBAYEQUE,LAMBAYEQUE,429.3529411764706,False,34.12327680958543,True
2236,120808,SANTA ROSA DE SACCO,YAULI,JUNIN,743.7857142857143,True,3.971639631027844,True
2237,120605,PAMPA HERMOSA,SATIPO,JUNIN,454.125,False,43.74738514127852,True
2238,120424,PANCAN,JAUJA,JUNIN,640.0,False,3.8428427262676252,True
2239,160404,SAN PABLO,MARISCAL RAMON CASTILLA,LORETO,575.0,False,,False
2240,120301,CHANCHAMAYO,CHANCHAMAYO,JUNIN,654.3684210526316,False,22.041461327304635,True
2241,120122,INGENIO,HUANCAYO,JUNIN,358.14285714285717,False,11.340218243253698,True
2242,160501,REQUENA,REQUENA,LORETO,1107.2857142857142,False,,False
2243,160511,YAQUERANA,REQUENA,LORETO,237.69230769230768,False,,False
2244,160401,RAMON CASTILLA,MARISCAL RAMON CASTILLA,LORETO,595.7142857142858,False,,False
2245,120302,PERENE,CHANCHAMAYO,JUNIN,902.7325581395348,False,31.26328885287795,True
2246,120806,PACCHA,YAULI,JUNIN,58.89285714285714,False,32.379872192003276,True
2247,160501,REQUENA,REQUENA,LORETO,1107.2857142857142,False,,False
2248,120809,SUITUCANCHA,YAULI,JUNIN,15.599999999999998,False,58.49653956289433,True
2249,140305,MOCHUMI,LAMBAYEQUE,LAMBAYEQUE,778.68,False,14.867571999560063,True
2250,120906,SAN JUAN DE ISCOS,CHUPACA,JUNIN,424.6,False,28.551040814264372,True
2251,120804,MARCAPOMACOCHA,YAULI,JUNIN,14.252747252747252,False,60.09355081345114,True
2252,160706,ANDOAS,DATEM DEL MARAÑON,LORETO,221.87931034482762,False,,False
2253,140107,LAGUNAS,CHICLAYO,LAMBAYEQUE,549.2631578947369,False,31.87560733488999,True
2254,120206,COMAS,CONCEPCION,JUNIN,134.95555555555555,False,44.62740184350799,True
2255,120407,EL MANTARO,JAUJA,JUNIN,640.5,False,19.331003908449794,True
2256,120704,HUASAHUASI,TARMA,JUNIN,296.11538461538464,False,75.42929078446994,True
2257,120205,COCHAS,CONCEPCION,JUNIN,146.41666666666669,False,131.2473318685025,True
2258,140204,MANUEL ANTONIO MESONES MURO,FERREÑAFE,LAMBAYEQUE,193.36363636363635,False,31.530081883769345,True
2259,160402,PEBAS,MARISCAL RAMON CASTILLA,LORETO,346.1372549019608,False,,False
2260,120501,JUNIN,JUNIN,JUNIN,96.85714285714286,False,21.10604888612873,True
2261,120903,CHONGOS BAJO,CHUPACA,JUNIN,190.76190476190476,False,12.02781193153855,True
2262,160202,BALSAPUERTO,ALTO AMAZONAS,LORETO,311.0689655172414,False,107.6024094835139,True
2263,120504,ULCUMAYO,JUNIN,JUNIN,93.27419354838709,False,48.92254319368912,True
2264,120804,MARCAPOMACOCHA,YAULI,JUNIN,14.252747252747252,False,124.81800076741695,True
2265,160706,ANDOAS,DATEM DEL MARAÑON,LORETO,221.87931034482762,False,,False
2266,160107,NAPO,MAYNAS,LORETO,371.00000000000006,False,,False
2267,160501,REQUENA,REQUENA,LORETO,1107.2857142857142,False,,False
2268,140205,PITIPO,FERREÑAFE,LAMBAYEQUE,691.8285714285714,False,60.33085704322063,True
2269,160705,PASTAZA,DATEM DEL MARAÑON,LORETO,138.2127659574468,False,,False
2270,120501,JUNIN,JUNIN,JUNIN,96.85714285714286,True,1.5273599130929794,True
2271,120908,TRES DE DICIEMBRE,CHUPACA,JUNIN,1055.5,False,7.832957152281895,True
2272,140102,CHONGOYAPE,CHICLAYO,LAMBAYEQUE,724.0400000000001,False,51.70203617652886,True
2273,120602,COVIRIALI,SATIPO,JUNIN,372.4705882352941,False,11.507828416631016,True
2274,120807,SANTA BARBARA DE CARHUACAYAN,YAULI,JUNIN,24.989473684210523,False,55.553779036958176,True
2275,140101,CHICLAYO,CHICLAYO,LAMBAYEQUE,8778.44117647059,False,1.0726570087914975,True
2276,160706,ANDOAS,DATEM DEL MARAÑON,LORETO,221.87931034482762,False,,False
2277,120604,MAZAMARI,SATIPO,JUNIN,1065.8032786885246,False,20.10609889852261,True
2278,120411,JANJAILLO,JAUJA,JUNIN,68.1,True,32.1281172240394,True
2279,160701,BARRANCA,DATEM DEL MARAÑON,LORETO,379.5405405405405,False,,False
2280,160403,YAVARI,MARISCAL RAMON CASTILLA,LORETO,362.55555555555554,False,,False
2281,120503,ONDORES,JUNIN,JUNIN,23.740259740259738,False,70.5596181939915,True
2282,120807,SANTA BARBARA DE CARHUACAYAN,YAULI,JUNIN,24.989473684210523,False,78.07422529705633,True
2283,120405,CANCHAYLLO,JAUJA,JUNIN,118.42857142857143,False,93.81648842381898,True
2284,160211,TENIENTE CESAR LOPEZ ROJAS,ALTO AMAZONAS,LORETO,306.5,False,,False
2285,120302,PERENE,CHANCHAMAYO,JUNIN,902.7325581395348,False,38.3836650475694,True
2286,120124,PARIAHUANCA,HUANCAYO,JUNIN,174.75757575757575,False,90.58871147715654,True
2287,120607,RIO NEGRO,SATIPO,JUNIN,650.0,False,55.38934738001032,True
2288,120801,LA OROYA,YAULI,JUNIN,349.3611111111111,False,5.89629106120054,True
2289,120416,MASMA,JAUJA,JUNIN,344.16666666666663,False,14.284033124641335,True
2290,120303,PICHANAQUI,CHANCHAMAYO,JUNIN,1118.71875,False,36.05810392753391,True
2291,140205,PITIPO,FERREÑAFE,LAMBAYEQUE,691.8285714285714,False,51.45609948179374,True
2292,120708,SAN PEDRO DE CAJAS,TARMA,JUNIN,153.21621621621622,False,35.81406042208007,True
2293,120120,HUASICANCHA,HUANCAYO,JUNIN,120.28571428571429,False,86.04152151481199,True
2294,160606,VARGAS GUERRA,UCAYALI,LORETO,829.5454545454545,False,,False
2295,140115,SAÑA,CHICLAYO,LAMBAYEQUE,885.5,False,44.533839868065336,True
2296,160703,MANSERICHE,DATEM DEL MARAÑON,LORETO,396.55555555555554,False,,False
2297,120302,PERENE,CHANCHAMAYO,JUNIN,902.7325581395348,False,39.77768356373105,True
2298,160210,SANTA CRUZ,ALTO AMAZONAS,LORETO,188.95833333333334,False,,False
2299,120603,LLAYLLA,SATIPO,JUNIN,401.0625,False,29.001890384761428,True
2300,120302,PERENE,CHANCHAMAYO,JUNIN,902.7325581395348,False,41.21950868952364,True
2301,140308,OLMOS,LAMBAYEQUE,LAMBAYEQUE,437.7578947368421,False,133.5033612676624,True
2302,160507,SAQUENA,REQUENA,LORETO,558.3333333333333,False,,False
2303,160305,URARINAS,LORETO,LORETO,293.6538461538462,False,,False
2304,140119,PUCALA,CHICLAYO,LAMBAYEQUE,597.1999999999999,False,39.46100725708175,True
2305,140110,OYOTUN,CHICLAYO,LAMBAYEQUE,449.0454545454545,False,73.36022565563573,True
2306,120809,SUITUCANCHA,YAULI,JUNIN,15.599999999999998,False,78.4552638504998,True
2307,160603,PADRE MARQUEZ,UCAYALI,LORETO,564.3571428571429,False,,False
2308,120704,HUASAHUASI,TARMA,JUNIN,296.11538461538464,False,56.555489072371714,True
2309,120303,PICHANAQUI,CHANCHAMAYO,JUNIN,1118.71875,False,27.34295112396154,True
2310,140202,CAÑARIS,FERREÑAFE,LAMBAYEQUE,528.1071428571429,False,206.35039498181848,True
2311,120303,PICHANAQUI,CHANCHAMAYO,JUNIN,1118.71875,False,18.980336626053653,True
2312,160105,LAS AMAZONAS,MAYNAS,LORETO,283.59999999999997,False,,False
2313,160201,YURIMAGUAS,ALTO AMAZONAS,LORETO,1234.1166666666666,False,38.38294445166074,True
2314,140202,CAÑARIS,FERREÑAFE,LAMBAYEQUE,528.1071428571429,False,164.92296964614098,True
2315,120802,CHACAPALPA,YAULI,JUNIN,10.352941176470587,False,39.16465013878331,True
2316,160206,LAGUNAS,ALTO AMAZONAS,LORETO,520.8571428571429,False,,False
2317,140205,PITIPO,FERREÑAFE,LAMBAYEQUE,691.8285714285714,False,30.27731457738538,True
2318,160105,LAS AMAZONAS,MAYNAS,LORETO,283.59999999999997,False,,False
2319,140308,OLMOS,LAMBAYEQUE,LAMBAYEQUE,437.7578947368421,False,138.36743279572062,True
2320,120418,MOLINOS,JAUJA,JUNIN,89.52941176470588,False,,False
2321,120302,PERENE,CHANCHAMAYO,JUNIN,902.7325581395348,False,23.236489760999874,True
2322,160105,LAS AMAZONAS,MAYNAS,LORETO,283.59999999999997,False,,False
2323,120704,HUASAHUASI,TARMA,JUNIN,296.11538461538464,False,48.2667951661099,True
2324,120801,LA OROYA,YAULI,JUNIN,349.3611111111111,False,42.17555648616002,True
2325,120806,PACCHA,YAULI,JUNIN,58.89285714285714,False,50.934121356121395,True
2326,120704,HUASAHUASI,TARMA,JUNIN,296.11538461538464,False,52.5995667212121,True
2327,120607,RIO NEGRO,SATIPO,JUNIN,650.0,False,39.65271449380896,True
2328,160101,IQUITOS,MAYNAS,LORETO,10790.857142857143,False,,False
2329,160704,MORONA,DATEM DEL MARAÑON,LORETO,324.0238095238095,False,,False
2330,120802,CHACAPALPA,YAULI,JUNIN,10.352941176470587,False,30.87234070422402,True
2331,160402,PEBAS,MARISCAL RAMON CASTILLA,LORETO,346.1372549019608,False,,False
2332,160103,FERNANDO LORES,MAYNAS,LORETO,349.93220338983053,False,,False
2333,160504,EMILIO SAN MARTIN,REQUENA,LORETO,424.2777777777778,False,,False
2334,160803,TENIENTE MANUEL CLAVERO,PUTUMAYO,LORETO,237.04000000000002,False,,False
2335,120405,CANCHAYLLO,JAUJA,JUNIN,118.42857142857143,False,86.79085997534763,True
2336,120302,PERENE,CHANCHAMAYO,JUNIN,902.7325581395348,False,40.41515108386003,True
2337,120804,MARCAPOMACOCHA,YAULI,JUNIN,14.252747252747252,False,,False
2338,160113,SAN JUAN BAUTISTA,MAYNAS,LORETO,3236.38,False,23.12157809106114,True
2339,120809,SUITUCANCHA,YAULI,JUNIN,15.599999999999998,False,55.16376647416768,True
2340,160401,RAMON CASTILLA,MARISCAL RAMON CASTILLA,LORETO,595.7142857142858,False,,False
2341,120606,PANGOA,SATIPO,JUNIN,618.2346938775511,False,20.353112560999662,True
2342,160305,URARINAS,LORETO,LORETO,293.6538461538462,False,,False
2343,120810,YAULI,YAULI,JUNIN,113.62222222222222,False,28.32189421970714,True
2344,140105,JOSE LEONARDO ORTIZ,CHICLAYO,LAMBAYEQUE,11714.352941176472,True,2.4761834361235566,True
2345,120434,YAUYOS,JAUJA,JUNIN,1170.0,False,1.4730619530380968,True
2346,120701,TARMA,TARMA,JUNIN,941.4285714285714,False,22.695935319630873,True
2347,160704,MORONA,DATEM DEL MARAÑON,LORETO,324.0238095238095,False,,False
2348,120503,ONDORES,JUNIN,JUNIN,23.740259740259738,False,47.09973834232328,True
2349,140204,MANUEL ANTONIO MESONES MURO,FERREÑAFE,LAMBAYEQUE,193.36363636363635,False,33.36488910437983,True
2350,160702,CAHUAPANAS,DATEM DEL MARAÑON,LORETO,278.6774193548387,False,,False
2351,120702,ACOBAMBA,TARMA,JUNIN,849.125,False,6.950258821486937,True
2352,160305,URARINAS,LORETO,LORETO,293.6538461538462,False,,False
2353,120427,RICRAN,JAUJA,JUNIN,48.96874999999999,False,52.76155992032299,True
2354,140305,MOCHUMI,LAMBAYEQUE,LAMBAYEQUE,778.68,False,13.41427761912338,True
2355,120504,ULCUMAYO,JUNIN,JUNIN,93.27419354838709,False,114.54368397674496,True
2356,120214,SAN JOSE DE QUERO,CONCEPCION,JUNIN,254.41666666666669,False,,False
2357,160107,NAPO,MAYNAS,LORETO,371.00000000000006,False,,False
2358,120607,RIO NEGRO,SATIPO,JUNIN,650.0,False,60.013580206858066,True
2359,160202,BALSAPUERTO,ALTO AMAZONAS,LORETO,311.0689655172414,True,109.49085988281008,True
2360,160401,RAMON CASTILLA,MARISCAL RAMON CASTILLA,LORETO,595.7142857142858,False,,False
2361,160801,PUTUMAYO,PUTUMAYO,LORETO,241.16666666666666,False,,False
2362,160601,CONTAMANA,UCAYALI,LORETO,638.5909090909091,False,6.27849385092194,True
2363,120906,SAN JUAN DE ISCOS,CHUPACA,JUNIN,424.6,False,10.580502820949507,True
2364,120601,SATIPO,SATIPO,JUNIN,650.0597014925373,False,37.88967527435243,True
2365,120305,SAN RAMON,CHANCHAMAYO,JUNIN,746.7567567567568,False,23.134653912146184,True
2366,160104,INDIANA,MAYNAS,LORETO,363.64516129032256,False,,False
2367,160605,SARAYACU,UCAYALI,LORETO,676.5200000000001,False,,False
2368,120410,HUERTAS,JAUJA,JUNIN,205.50000000000003,False,6.124307071653836,True
2369,120501,JUNIN,JUNIN,JUNIN,96.85714285714286,False,18.922951670779184,True
2370,120427,RICRAN,JAUJA,JUNIN,48.96874999999999,False,52.76155992032299,True
2371,120504,ULCUMAYO,JUNIN,JUNIN,93.27419354838709,False,44.43747792125462,True
2372,120302,PERENE,CHANCHAMAYO,JUNIN,902.7325581395348,False,47.625952152243805,True
2373,120501,JUNIN,JUNIN,JUNIN,96.85714285714286,False,25.053157200167675,True
2374,120501,JUNIN,JUNIN,JUNIN,96.85714285714286,False,25.53869951590858,True
2375,160210,SANTA CRUZ,ALTO AMAZONAS,LORETO,188.95833333333334,False,,False
2376,140105,JOSE LEONARDO ORTIZ,CHICLAYO,LAMBAYEQUE,11714.352941176472,False,7.384075432650772,True
2377,120804,MARCAPOMACOCHA,YAULI,JUNIN,14.252747252747252,False,116.1580397304792,True
2378,160202,BALSAPUERTO,ALTO AMAZONAS,LORETO,311.0689655172414,False,,False
2379,120108,CHONGOS ALTO,HUANCAYO,JUNIN,33.475,False,65.80163846655124,True
2380,140116,CAYALTI,CHICLAYO,LAMBAYEQUE,1224.2307692307693,False,42.61371333900688,True
2381,120707,PALCAMAYO,TARMA,JUNIN,382.92,False,48.2667951661099,True
2382,140302,CHOCHOPE,LAMBAYEQUE,LAMBAYEQUE,124.66666666666666,False,89.21657475378369,True
2383,160706,ANDOAS,DATEM DEL MARAÑON,LORETO,221.87931034482762,False,,False
2384,120501,JUNIN,JUNIN,JUNIN,96.85714285714286,False,25.53869951590858,True
2385,140119,PUCALA,CHICLAYO,LAMBAYEQUE,597.1999999999999,False,28.03957419161288,True
2386,140301,LAMBAYEQUE,LAMBAYEQUE,LAMBAYEQUE,2049.0769230769233,False,11.276899757540258,True
2387,160605,SARAYACU,UCAYALI,LORETO,676.5200000000001,False,,False
2388,120419,MONOBAMBA,JAUJA,JUNIN,95.9090909090909,False,34.49298998800447,True
2389,120501,JUNIN,JUNIN,JUNIN,96.85714285714286,False,23.189380867851398,True
2390,120124,PARIAHUANCA,HUANCAYO,JUNIN,174.75757575757575,False,88.25526663406282,True
2391,160301,NAUTA,LORETO,LORETO,567.2407407407408,False,,False
2392,120802,CHACAPALPA,YAULI,JUNIN,10.352941176470587,False,37.100708714374456,True
2393,120804,MARCAPOMACOCHA,YAULI,JUNIN,14.252747252747252,False,108.02061840014414,True
2394,160706,ANDOAS,DATEM DEL MARAÑON,LORETO,221.87931034482762,False,,False
2395,120801,LA OROYA,YAULI,JUNIN,349.3611111111111,False,42.17555648616002,True
2396,140101,CHICLAYO,CHICLAYO,LAMBAYEQUE,8778.44117647059,False,2.5569270259364707,True
2397,160206,LAGUNAS,ALTO AMAZONAS,LORETO,520.8571428571429,False,,False
2398,160103,FERNANDO LORES,MAYNAS,LORETO,349.93220338983053,False,,False
2399,120127,QUICHUAY,HUANCAYO,JUNIN,193.88888888888886,False,10.893286691721183,True
2400,140308,OLMOS,LAMBAYEQUE,LAMBAYEQUE,437.7578947368421,False,98.8638979582139,True
2401,120706,PALCA,TARMA,JUNIN,223.4,False,39.943337696035044,True
2402,140204,MANUEL ANTONIO MESONES MURO,FERREÑAFE,LAMBAYEQUE,193.36363636363635,False,32.86255659772812,True
2403,160702,CAHUAPANAS,DATEM DEL MARAÑON,LORETO,278.6774193548387,False,,False
2404,120601,SATIPO,SATIPO,JUNIN,650.0597014925373,False,22.929715855496482,True
2405,120803,HUAY-HUAY,YAULI,JUNIN,22.333333333333332,False,48.12790461539906,True
2406,120304,SAN LUIS DE SHUARO,CHANCHAMAYO,JUNIN,435.0,False,56.81059540540765,True
2407,120501,JUNIN,JUNIN,JUNIN,96.85714285714286,False,8.283529394915039,True
2408,160201,YURIMAGUAS,ALTO AMAZONAS,LORETO,1234.1166666666666,False,45.39558797843627,True
2409,140119,PUCALA,CHICLAYO,LAMBAYEQUE,597.1999999999999,False,40.054126111346044,True
2410,120701,TARMA,TARMA,JUNIN,941.4285714285714,False,21.715059940810875,True
2411,160202,BALSAPUERTO,ALTO AMAZONAS,LORETO,311.0689655172414,False,,False
2412,120431,SINCOS,JAUJA,JUNIN,307.0,False,61.54529516859437,True
2413,160403,YAVARI,MARISCAL RAMON CASTILLA,LORETO,362.55555555555554,False,,False
2414,120804,MARCAPOMACOCHA,YAULI,JUNIN,14.252747252747252,False,88.59324447467532,True
2415,120135,SANTO DOMINGO DE ACOBAMBA,HUANCAYO,JUNIN,268.1379310344828,False,,False
2416,120805,MOROCOCHA,YAULI,JUNIN,284.1333333333333,False,44.65975142007759,True
2417,120602,COVIRIALI,SATIPO,JUNIN,372.4705882352941,False,5.4359509744229655,True
2418,120431,SINCOS,JAUJA,JUNIN,307.0,False,63.812031525246745,True
2419,120803,HUAY-HUAY,YAULI,JUNIN,22.333333333333332,False,50.82178836659327,True
2420,160302,PARINARI,LORETO,LORETO,666.4545454545455,False,,False
2421,120608,RIO TAMBO,SATIPO,JUNIN,729.2738095238095,False,139.08885779272032,True
2422,160107,NAPO,MAYNAS,LORETO,371.00000000000006,False,,False
2423,160601,CONTAMANA,UCAYALI,LORETO,638.5909090909091,False,,False
2424,160605,SARAYACU,UCAYALI,LORETO,676.5200000000001,False,,False
2425,140305,MOCHUMI,LAMBAYEQUE,LAMBAYEQUE,778.68,False,16.100634291362233,True
2426,160509,TAPICHE,REQUENA,LORETO,207.5,False,,False
2427,140310,SALAS,LAMBAYEQUE,LAMBAYEQUE,200.86153846153846,False,101.81499549905952,True
2428,120604,MAZAMARI,SATIPO,JUNIN,1065.8032786885246,False,13.942637693666255,True
2429,120706,PALCA,TARMA,JUNIN,223.4,False,29.41593286930148,True
2430,120209,MARISCAL CASTILLA,CONCEPCION,JUNIN,118.0,False,88.59794282517664,True
2431,140306,MORROPE,LAMBAYEQUE,LAMBAYEQUE,1282.5675675675675,False,29.418092400792187,True
2432,120810,YAULI,YAULI,JUNIN,113.62222222222222,False,104.26994827830839,True
2433,160803,TENIENTE MANUEL CLAVERO,PUTUMAYO,LORETO,237.04000000000002,False,,False
2434,120903,CHONGOS BAJO,CHUPACA,JUNIN,190.76190476190476,False,32.31095049012628,True
2435,120204,CHAMBARA,CONCEPCION,JUNIN,320.2222222222222,False,23.766184623467396,True
2436,120803,HUAY-HUAY,YAULI,JUNIN,22.333333333333332,False,55.16376647416768,True
2437,120501,JUNIN,JUNIN,JUNIN,96.85714285714286,False,24.37745081296585,True
2438,160113,SAN JUAN BAUTISTA,MAYNAS,LORETO,3236.38,False,55.382684214412556,True
2439,120803,HUAY-HUAY,YAULI,JUNIN,22.333333333333332,False,37.56118124257077,True
2440,120702,ACOBAMBA,TARMA,JUNIN,849.125,False,13.508984247753434,True
2441,120432,TUNAN MARCA,JAUJA,JUNIN,291.25,True,14.058193439645262,True
2442,120105,CHACAPAMPA,HUANCAYO,JUNIN,67.5,False,96.78069213116312,True
2443,120802,CHACAPALPA,YAULI,JUNIN,10.352941176470587,False,24.94380582914688,True
2444,120607,RIO NEGRO,SATIPO,JUNIN,650.0,False,17.206803014114428,True
2445,160305,URARINAS,LORETO,LORETO,293.6538461538462,False,,False
2446,140305,MOCHUMI,LAMBAYEQUE,LAMBAYEQUE,778.68,False,14.559931324199876,True
2447,160705,PASTAZA,DATEM DEL MARAÑON,LORETO,138.2127659574468,False,,False
2448,160206,LAGUNAS,ALTO AMAZONAS,LORETO,520.8571428571429,False,,False
2449,120807,SANTA BARBARA DE CARHUACAYAN,YAULI,JUNIN,24.989473684210523,False,67.06581002860801,True
2450,120210,MATAHUASI,CONCEPCION,JUNIN,646.375,False,10.874458164163144,True
2451,120434,YAUYOS,JAUJA,JUNIN,1170.0,False,2.8679860398896184,True
2452,120108,CHONGOS ALTO,HUANCAYO,JUNIN,33.475,False,64.99973070609391,True
2453,120603,LLAYLLA,SATIPO,JUNIN,401.0625,False,40.73447291341762,True
2454,120909,YANACANCHA,CHUPACA,JUNIN,65.68518518518518,False,65.98438714823378,True
2455,120133,SAPALLANGA,HUANCAYO,JUNIN,858.6,False,6.2964178461040134,True
2456,120211,MITO,CONCEPCION,JUNIN,456.3333333333333,True,10.96652139055041,True
2457,120126,PUCARA,HUANCAYO,JUNIN,455.27272727272725,False,16.738464157919495,True
2458,120909,YANACANCHA,CHUPACA,JUNIN,65.68518518518518,False,74.46162258566818,True
2459,120601,SATIPO,SATIPO,JUNIN,650.0597014925373,False,37.88967527435243,True
2460,120128,QUILCAS,HUANCAYO,JUNIN,152.42857142857142,False,14.424992468629954,True
2461,160801,PUTUMAYO,PUTUMAYO,LORETO,241.16666666666666,False,,False
2462,120302,PERENE,CHANCHAMAYO,JUNIN,902.7325581395348,False,40.02151177309006,True
2463,160404,SAN PABLO,MARISCAL RAMON CASTILLA,LORETO,575.0,False,,False
2464,120804,MARCAPOMACOCHA,YAULI,JUNIN,14.252747252747252,False,71.69846810963362,True
2465,160206,LAGUNAS,ALTO AMAZONAS,LORETO,520.8571428571429,False,,False
2466,120805,MOROCOCHA,YAULI,JUNIN,284.1333333333333,False,21.276171089444993,True
2467,120303,PICHANAQUI,CHANCHAMAYO,JUNIN,1118.71875,False,9.784581549425432,True
2468,160802,ROSA PANDURO,PUTUMAYO,LORETO,82.77777777777777,False,,False
2469,120805,MOROCOCHA,YAULI,JUNIN,284.1333333333333,False,29.91421178612771,True
2470,160701,BARRANCA,DATEM DEL MARAÑON,LORETO,379.5405405405405,True,,False
2471,140304,JAYANCA,LAMBAYEQUE,LAMBAYEQUE,601.3000000000001,False,33.154840036804295,True
2472,140111,PICSI,CHICLAYO,LAMBAYEQUE,1423.5714285714287,False,7.39589766026975,True
2473,140310,SALAS,LAMBAYEQUE,LAMBAYEQUE,200.86153846153846,False,71.78094408264019,True
2474,120403,APATA,JAUJA,JUNIN,83.34693877551021,False,50.866778836450216,True
2475,140308,OLMOS,LAMBAYEQUE,LAMBAYEQUE,437.7578947368421,False,105.79864126426406,True
2476,140310,SALAS,LAMBAYEQUE,LAMBAYEQUE,200.86153846153846,False,124.11888537230115,True
2477,140307,MOTUPE,LAMBAYEQUE,LAMBAYEQUE,749.5833333333334,False,71.229122491602,True
2478,140304,JAYANCA,LAMBAYEQUE,LAMBAYEQUE,601.3000000000001,False,55.77901513607231,True
2479,160705,PASTAZA,DATEM DEL MARAÑON,LORETO,138.2127659574468,False,,False
2480,120303,PICHANAQUI,CHANCHAMAYO,JUNIN,1118.71875,False,28.03302472735858,True
2481,140303,ILLIMO,LAMBAYEQUE,LAMBAYEQUE,941.5000000000001,False,26.46259485424575,True
2482,140107,LAGUNAS,CHICLAYO,LAMBAYEQUE,549.2631578947369,False,29.982867120887793,True
2483,140310,SALAS,LAMBAYEQUE,LAMBAYEQUE,200.86153846153846,False,126.07933193347245,True
2484,120803,HUAY-HUAY,YAULI,JUNIN,22.333333333333332,False,41.88940435850637,True
2485,160110,TORRES CAUSANA,MAYNAS,LORETO,327.375,False,,False
2486,120704,HUASAHUASI,TARMA,JUNIN,296.11538461538464,False,73.46744335486893,True
2487,120214,SAN JOSE DE QUERO,CONCEPCION,JUNIN,254.41666666666669,False,51.68820636133671,True
2488,120608,RIO TAMBO,SATIPO,JUNIN,729.2738095238095,False,438.6843341521052,True
2489,120804,MARCAPOMACOCHA,YAULI,JUNIN,14.252747252747252,False,122.47969406422747,True
2490,160510,JENARO HERRERA,REQUENA,LORETO,822.0,False,,False
2491,120807,SANTA BARBARA DE CARHUACAYAN,YAULI,JUNIN,24.989473684210523,False,90.67316956693233,True
2492,120403,APATA,JAUJA,JUNIN,83.34693877551021,False,92.11505796875934,True
2493,120301,CHANCHAMAYO,CHANCHAMAYO,JUNIN,654.3684210526316,False,15.031579237104712,True
2494,120301,CHANCHAMAYO,CHANCHAMAYO,JUNIN,654.3684210526316,False,33.69078793400697,True
2495,140118,POMALCA,CHICLAYO,LAMBAYEQUE,2870.1111111111113,False,10.219895345283785,True
2496,160202,BALSAPUERTO,ALTO AMAZONAS,LORETO,311.0689655172414,False,,False
2497,120807,SANTA BARBARA DE CARHUACAYAN,YAULI,JUNIN,24.989473684210523,False,66.01348390302967,True
2498,120804,MARCAPOMACOCHA,YAULI,JUNIN,14.252747252747252,False,87.32197057245043,True
2499,140310,SALAS,LAMBAYEQUE,LAMBAYEQUE,200.86153846153846,False,111.41012884198078,True
2500,160803,TENIENTE MANUEL CLAVERO,PUTUMAYO,LORETO,237.04000000000002,False,,False
2501,160107,NAPO,MAYNAS,LORETO,371.00000000000006,False,,False
2502,140112,PIMENTEL,CHICLAYO,LAMBAYEQUE,1706.4814814814818,False,6.368632631181165,True
2503,120605,PAMPA HERMOSA,SATIPO,JUNIN,454.125,False,81.96043737663194,True
2504,120704,HUASAHUASI,TARMA,JUNIN,296.11538461538464,False,57.293261137550516,True
2505,120303,PICHANAQUI,CHANCHAMAYO,JUNIN,1118.71875,False,11.141616363036333,True
2506,140108,MONSEFU,CHICLAYO,LAMBAYEQUE,1404.9565217391305,False,11.276905009514515,True
2507,160804,YAGUAS,PUTUMAYO,LORETO,113.8181818181818,False,,False
2508,120204,CHAMBARA,CONCEPCION,JUNIN,320.2222222222222,False,41.2564981499885,True
2509,120909,YANACANCHA,CHUPACA,JUNIN,65.68518518518518,False,79.88432326307664,True
2510,120113,CULLHUAS,HUANCAYO,JUNIN,244.88888888888886,False,28.22754183614302,True
2511,140308,OLMOS,LAMBAYEQUE,LAMBAYEQUE,437.7578947368421,False,132.32300099373714,True
2512,160403,YAVARI,MARISCAL RAMON CASTILLA,LORETO,362.55555555555554,False,,False
2513,120804,MARCAPOMACOCHA,YAULI,JUNIN,14.252747252747252,False,100.14430625855371,True
2514,160601,CONTAMANA,UCAYALI,LORETO,638.5909090909091,False,,False
2515,120606,PANGOA,SATIPO,JUNIN,618.2346938775511,False,197.7524619349019,True
2516,140118,POMALCA,CHICLAYO,LAMBAYEQUE,2870.1111111111113,False,12.862584574371072,True
2517,120423,PACCHA,JAUJA,JUNIN,164.09090909090907,False,12.002080183597895,True
2518,120810,YAULI,YAULI,JUNIN,113.62222222222222,False,13.422037209598937,True
2519,160102,ALTO NANAY,MAYNAS,LORETO,102.13333333333334,False,,False
2520,140112,PIMENTEL,CHICLAYO,LAMBAYEQUE,1706.4814814814818,False,8.022803368195817,True
2521,160401,RAMON CASTILLA,MARISCAL RAMON CASTILLA,LORETO,595.7142857142858,False,,False
2522,140203,INCAHUASI,FERREÑAFE,LAMBAYEQUE,302.5576923076923,False,173.63695610214867,True
2523,120808,SANTA ROSA DE SACCO,YAULI,JUNIN,743.7857142857143,False,0.8842480616156578,True
2524,160803,TENIENTE MANUEL CLAVERO,PUTUMAYO,LORETO,237.04000000000002,False,,False
2525,160305,URARINAS,LORETO,LORETO,293.6538461538462,False,,False
2526,120804,MARCAPOMACOCHA,YAULI,JUNIN,14.252747252747252,False,69.78955536691706,True
2527,160305,URARINAS,LORETO,LORETO,293.6538461538462,False,,False
2528,120801,LA OROYA,YAULI,JUNIN,349.3611111111111,False,25.62710528188445,True
2529,160305,URARINAS,LORETO,LORETO,293.6538461538462,False,,False
2530,120402,ACOLLA,JAUJA,JUNIN,555.0,False,7.937293451407703,True
2531,120504,ULCUMAYO,JUNIN,JUNIN,93.27419354838709,False,110.4076877701097,True
2532,160601,CONTAMANA,UCAYALI,LORETO,638.5909090909091,False,,False
2533,160702,CAHUAPANAS,DATEM DEL MARAÑON,LORETO,278.6774193548387,False,,False
2534,120602,COVIRIALI,SATIPO,JUNIN,372.4705882352941,False,9.604829446276211,True
2535,120503,ONDORES,JUNIN,JUNIN,23.740259740259738,False,24.815255432242978,True
2536,140102,CHONGOYAPE,CHICLAYO,LAMBAYEQUE,724.0400000000001,False,49.5695279263953,True
2537,120207,HEROINAS TOLEDO,CONCEPCION,JUNIN,119.30000000000001,False,18.217020370973426,True
2538,120608,RIO TAMBO,SATIPO,JUNIN,729.2738095238095,False,456.0419578762872,True
2539,120204,CHAMBARA,CONCEPCION,JUNIN,320.2222222222222,False,23.766184623467396,True
2540,160201,YURIMAGUAS,ALTO AMAZONAS,LORETO,1234.1166666666666,False,,False
2541,120127,QUICHUAY,HUANCAYO,JUNIN,193.88888888888886,False,14.665373512793185,True
2542,160305,URARINAS,LORETO,LORETO,293.6538461538462,False,,False
2543,160206,LAGUNAS,ALTO AMAZONAS,LORETO,520.8571428571429,False,,False
2544,160403,YAVARI,MARISCAL RAMON CASTILLA,LORETO,362.55555555555554,False,,False
2545,120206,COMAS,CONCEPCION,JUNIN,134.95555555555555,False,58.71656456501432,True
2546,120802,CHACAPALPA,YAULI,JUNIN,10.352941176470587,False,39.154229111838134,True
2547,120108,CHONGOS ALTO,HUANCAYO,JUNIN,33.475,False,,False
2548,120406,CURICACA,JAUJA,JUNIN,164.5,False,36.54331113760435,True
2549,120429,SAN PEDRO DE CHUNAN,JAUJA,JUNIN,419.5,True,9.403744369955762,True
2550,120909,YANACANCHA,CHUPACA,JUNIN,65.68518518518518,False,74.46162258566818,True
2551,140304,JAYANCA,LAMBAYEQUE,LAMBAYEQUE,601.3000000000001,False,34.5034910903269,True
2552,140105,JOSE LEONARDO ORTIZ,CHICLAYO,LAMBAYEQUE,11714.352941176472,False,4.206284521622447,True
2553,160105,LAS AMAZONAS,MAYNAS,LORETO,283.59999999999997,False,,False
2554,140302,CHOCHOPE,LAMBAYEQUE,LAMBAYEQUE,124.66666666666666,False,71.06643091748239,True
2555,120407,EL MANTARO,JAUJA,JUNIN,640.5,False,12.853108469038846,True
2556,120108,CHONGOS ALTO,HUANCAYO,JUNIN,33.475,False,64.99973070609391,True
2557,120804,MARCAPOMACOCHA,YAULI,JUNIN,14.252747252747252,False,78.06232654408865,True
2558,160511,YAQUERANA,REQUENA,LORETO,237.69230769230768,False,,False
2559,160105,LAS AMAZONAS,MAYNAS,LORETO,283.59999999999997,False,,False
2560,140118,POMALCA,CHICLAYO,LAMBAYEQUE,2870.1111111111113,True,6.177424085193293,True
2561,160301,NAUTA,LORETO,LORETO,567.2407407407408,False,,False
2562,120805,MOROCOCHA,YAULI,JUNIN,284.1333333333333,False,37.29483137125744,True
2563,140110,OYOTUN,CHICLAYO,LAMBAYEQUE,449.0454545454545,False,89.89886257635345,True
2564,160302,PARINARI,LORETO,LORETO,666.4545454545455,False,,False
2565,160113,SAN JUAN BAUTISTA,MAYNAS,LORETO,3236.38,False,34.69397554580054,True
2566,140310,SALAS,LAMBAYEQUE,LAMBAYEQUE,200.86153846153846,False,107.58717138239643,True
2567,120803,HUAY-HUAY,YAULI,JUNIN,22.333333333333332,False,39.65477958900503,True
2568,120206,COMAS,CONCEPCION,JUNIN,134.95555555555555,False,68.40888772549535,True
2569,120206,COMAS,CONCEPCION,JUNIN,134.95555555555555,False,74.21568162082778,True
2570,160701,BARRANCA,DATEM DEL MARAÑON,LORETO,379.5405405405405,False,,False
2571,140310,SALAS,LAMBAYEQUE,LAMBAYEQUE,200.86153846153846,False,81.86816962664234,True
2572,120112,COLCA,HUANCAYO,JUNIN,159.0769230769231,False,59.262668954379556,True
2573,160701,BARRANCA,DATEM DEL MARAÑON,LORETO,379.5405405405405,False,,False
2574,140301,LAMBAYEQUE,LAMBAYEQUE,LAMBAYEQUE,2049.0769230769233,False,13.264107553281095,True
2575,120707,PALCAMAYO,TARMA,JUNIN,382.92,False,45.57483072149506,True
2576,120604,MAZAMARI,SATIPO,JUNIN,1065.8032786885246,False,61.09400118474347,True
2577,140306,MORROPE,LAMBAYEQUE,LAMBAYEQUE,1282.5675675675675,False,28.586446697600834,True
2578,160202,BALSAPUERTO,ALTO AMAZONAS,LORETO,311.0689655172414,False,,False
2579,160401,RAMON CASTILLA,MARISCAL RAMON CASTILLA,LORETO,595.7142857142858,False,,False
2580,160703,MANSERICHE,DATEM DEL MARAÑON,LORETO,396.55555555555554,False,,False
2581,120606,PANGOA,SATIPO,JUNIN,618.2346938775511,False,36.23219489335484,True
2582,160105,LAS AMAZONAS,MAYNAS,LORETO,283.59999999999997,False,,False
2583,120608,RIO TAMBO,SATIPO,JUNIN,729.2738095238095,False,85.50019709748996,True
2584,160703,MANSERICHE,DATEM DEL MARAÑON,LORETO,396.55555555555554,False,,False
2585,160107,NAPO,MAYNAS,LORETO,371.00000000000006,True,0.0,True
2586,160106,MAZAN,MAYNAS,LORETO,379.9189189189189,False,,False
2587,120701,TARMA,TARMA,JUNIN,941.4285714285714,False,6.71561022620668,True
2588,120807,SANTA BARBARA DE CARHUACAYAN,YAULI,JUNIN,24.989473684210523,False,95.9788936685867,True
2589,120707,PALCAMAYO,TARMA,JUNIN,382.92,False,41.186346618640826,True
2590,120304,SAN LUIS DE SHUARO,CHANCHAMAYO,JUNIN,435.0,False,66.89306342996113,True
2591,120809,SUITUCANCHA,YAULI,JUNIN,15.599999999999998,False,55.16376647416768,True
2592,140110,OYOTUN,CHICLAYO,LAMBAYEQUE,449.0454545454545,False,81.98741618897408,True
2593,120215,SANTA ROSA DE OCOPA,CONCEPCION,JUNIN,507.49999999999994,False,11.094310416132602,True
2594,120211,MITO,CONCEPCION,JUNIN,456.3333333333333,False,9.10658706908283,True
2595,160706,ANDOAS,DATEM DEL MARAÑON,LORETO,221.87931034482762,False,,False
2596,160402,PEBAS,MARISCAL RAMON CASTILLA,LORETO,346.1372549019608,False,,False
2597,120122,INGENIO,HUANCAYO,JUNIN,358.14285714285717,False,13.809413588313062,True
2598,140205,PITIPO,FERREÑAFE,LAMBAYEQUE,691.8285714285714,False,59.59905320867729,True
2599,160704,MORONA,DATEM DEL MARAÑON,LORETO,324.0238095238095,False,,False
2600,120901,CHUPACA,CHUPACA,JUNIN,4481.4,False,9.279747760920923,True
2601,140306,MORROPE,LAMBAYEQUE,LAMBAYEQUE,1282.5675675675675,False,28.48771776488979,True
2602,160113,SAN JUAN BAUTISTA,MAYNAS,LORETO,3236.38,False,,False
2603,120804,MARCAPOMACOCHA,YAULI,JUNIN,14.252747252747252,False,117.31275956427889,True
2604,120802,CHACAPALPA,YAULI,JUNIN,10.352941176470587,False,30.87234070422402,True
2605,120415,MARCO,JAUJA,JUNIN,397.5,False,16.453350994710505,True
2606,120604,MAZAMARI,SATIPO,JUNIN,1065.8032786885246,False,,False
2607,160702,CAHUAPANAS,DATEM DEL MARAÑON,LORETO,278.6774193548387,False,,False
2608,120306,VITOC,CHANCHAMAYO,JUNIN,96.33333333333333,False,60.579763698407675,True
2609,120806,PACCHA,YAULI,JUNIN,58.89285714285714,False,25.4859306661947,True
2610,120809,SUITUCANCHA,YAULI,JUNIN,15.599999999999998,False,55.16376647416768,True
2611,140102,CHONGOYAPE,CHICLAYO,LAMBAYEQUE,724.0400000000001,False,55.268543121470444,True
2612,160211,TENIENTE CESAR LOPEZ ROJAS,ALTO AMAZONAS,LORETO,306.5,False,,False
2613,120502,CARHUAMAYO,JUNIN,JUNIN,228.47058823529414,False,46.920555709069546,True
2614,120301,CHANCHAMAYO,CHANCHAMAYO,JUNIN,654.3684210526316,False,0.6961771944547066,True
2615,120909,YANACANCHA,CHUPACA,JUNIN,65.68518518518518,False,90.2473550311576,True
2616,140110,OYOTUN,CHICLAYO,LAMBAYEQUE,449.0454545454545,False,189.946310569437,True
2617,140308,OLMOS,LAMBAYEQUE,LAMBAYEQUE,437.7578947368421,False,101.52172629299855,True
2618,120606,PANGOA,SATIPO,JUNIN,618.2346938775511,False,6.685464606349009,True
2619,140307,MOTUPE,LAMBAYEQUE,LAMBAYEQUE,749.5833333333334,False,66.64015228415784,True
2620,120804,MARCAPOMACOCHA,YAULI,JUNIN,14.252747252747252,False,107.14355244671138,True
2621,120903,CHONGOS BAJO,CHUPACA,JUNIN,190.76190476190476,False,13.272162824817173,True
2622,160102,ALTO NANAY,MAYNAS,LORETO,102.13333333333334,False,,False
2623,120801,LA OROYA,YAULI,JUNIN,349.3611111111111,False,22.21766137168127,True
2624,120402,ACOLLA,JAUJA,JUNIN,555.0,False,29.84457404220118,True
2625,160705,PASTAZA,DATEM DEL MARAÑON,LORETO,138.2127659574468,False,,False
2626,160705,PASTAZA,DATEM DEL MARAÑON,LORETO,138.2127659574468,False,,False
2627,120206,COMAS,CONCEPCION,JUNIN,134.95555555555555,False,58.71656456501432,True
2628,120114,EL TAMBO,HUANCAYO,JUNIN,6923.458333333333,False,5.2749365093231715,True
2629,160302,PARINARI,LORETO,LORETO,666.4545454545455,False,,False
2630,140113,REQUE,CHICLAYO,LAMBAYEQUE,1398.7272727272727,False,17.89382651240038,True
2631,120403,APATA,JAUJA,JUNIN,83.34693877551021,False,19.438475657672907,True
2632,120601,SATIPO,SATIPO,JUNIN,650.0597014925373,False,2.6592527384541986,True
2633,120601,SATIPO,SATIPO,JUNIN,650.0597014925373,False,59.78094963714902,True
2634,120803,HUAY-HUAY,YAULI,JUNIN,22.333333333333332,False,48.12790461539906,True
2635,120606,PANGOA,SATIPO,JUNIN,618.2346938775511,False,,False
2636,120607,RIO NEGRO,SATIPO,JUNIN,650.0,False,22.098816491198217,True
2637,120701,TARMA,TARMA,JUNIN,941.4285714285714,False,2.8268097133533647,True
2638,160704,MORONA,DATEM DEL MARAÑON,LORETO,324.0238095238095,False,,False
2639,120206,COMAS,CONCEPCION,JUNIN,134.95555555555555,False,64.59502473235777,True
2640,120806,PACCHA,YAULI,JUNIN,58.89285714285714,False,22.831444389133022,True
2641,120412,JULCAN,JAUJA,JUNIN,111.83333333333333,False,13.279524616191601,True
2642,160803,TENIENTE MANUEL CLAVERO,PUTUMAYO,LORETO,237.04000000000002,False,,False
2643,140117,PATAPO,CHICLAYO,LAMBAYEQUE,1343.7058823529412,False,22.148518451529085,True
2644,120601,SATIPO,SATIPO,JUNIN,650.0597014925373,False,11.168162034531152,True
2645,140312,TUCUME,LAMBAYEQUE,LAMBAYEQUE,1108.952380952381,False,22.606069487422356,True
2646,160508,SOPLIN,REQUENA,LORETO,117.83333333333333,False,,False
2647,120803,HUAY-HUAY,YAULI,JUNIN,22.333333333333332,False,48.11680212868452,True
2648,120426,POMACANCHA,JAUJA,JUNIN,131.66666666666669,False,40.01190703720252,True
2649,120210,MATAHUASI,CONCEPCION,JUNIN,646.375,False,4.519530624785675,True
2650,160102,ALTO NANAY,MAYNAS,LORETO,102.13333333333334,False,,False
2651,120501,JUNIN,JUNIN,JUNIN,96.85714285714286,False,20.34806614362173,True
2652,120707,PALCAMAYO,TARMA,JUNIN,382.92,False,19.478761094953786,True
2653,160402,PEBAS,MARISCAL RAMON CASTILLA,LORETO,346.1372549019608,False,,False
2654,120304,SAN LUIS DE SHUARO,CHANCHAMAYO,JUNIN,435.0,False,26.635491562448404,True
2655,120809,SUITUCANCHA,YAULI,JUNIN,15.599999999999998,False,66.06740537562614,True
2656,120303,PICHANAQUI,CHANCHAMAYO,JUNIN,1118.71875,False,8.417662986680874,True
2657,120807,SANTA BARBARA DE CARHUACAYAN,YAULI,JUNIN,24.989473684210523,False,57.413008613254085,True
2658,120707,PALCAMAYO,TARMA,JUNIN,382.92,False,53.96924346175817,True
2659,140107,LAGUNAS,CHICLAYO,LAMBAYEQUE,549.2631578947369,False,46.959863792055366,True
2660,160202,BALSAPUERTO,ALTO AMAZONAS,LORETO,311.0689655172414,False,110.52900938830018,True
2661,140310,SALAS,LAMBAYEQUE,LAMBAYEQUE,200.86153846153846,False,76.52646798021718,True
2662,140308,OLMOS,LAMBAYEQUE,LAMBAYEQUE,437.7578947368421,False,129.70122335233984,True
2663,160703,MANSERICHE,DATEM DEL MARAÑON,LORETO,396.55555555555554,False,,False
2664,140120,TUMAN,CHICLAYO,LAMBAYEQUE,2362.538461538462,False,20.729935046476545,True
2665,120704,HUASAHUASI,TARMA,JUNIN,296.11538461538464,False,46.88708427180021,True
2666,120206,COMAS,CONCEPCION,JUNIN,134.95555555555555,False,58.71656456501432,True
2667,120810,YAULI,YAULI,JUNIN,113.62222222222222,False,36.88868721953085,True
2668,160206,LAGUNAS,ALTO AMAZONAS,LORETO,520.8571428571429,False,,False
2669,140117,PATAPO,CHICLAYO,LAMBAYEQUE,1343.7058823529412,False,29.63070556466868,True
2670,120406,CURICACA,JAUJA,JUNIN,164.5,False,23.12020427812224,True
2671,120302,PERENE,CHANCHAMAYO,JUNIN,902.7325581395348,False,55.645489982872704,True
2672,120111,CHUPURO,HUANCAYO,JUNIN,194.66666666666666,False,14.98446847040363,True
2673,160201,YURIMAGUAS,ALTO AMAZONAS,LORETO,1234.1166666666666,False,7.339939053962696,True
2674,120708,SAN PEDRO DE CAJAS,TARMA,JUNIN,153.21621621621622,False,126.56261776944933,True
2675,140110,OYOTUN,CHICLAYO,LAMBAYEQUE,449.0454545454545,False,72.22244224422671,True
2676,160211,TENIENTE CESAR LOPEZ ROJAS,ALTO AMAZONAS,LORETO,306.5,False,,False
2677,140117,PATAPO,CHICLAYO,LAMBAYEQUE,1343.7058823529412,False,28.98922559128595,True
2678,120810,YAULI,YAULI,JUNIN,113.62222222222222,False,17.722880831906288,True
2679,120608,RIO TAMBO,SATIPO,JUNIN,729.2738095238095,False,,False
2680,120431,SINCOS,JAUJA,JUNIN,307.0,False,58.29243289029276,True
2681,120707,PALCAMAYO,TARMA,JUNIN,382.92,True,26.13426631579069,True
2682,120810,YAULI,YAULI,JUNIN,113.62222222222222,False,47.22430018974359,True
2683,160102,ALTO NANAY,MAYNAS,LORETO,102.13333333333334,False,,False
2684,120128,QUILCAS,HUANCAYO,JUNIN,152.42857142857142,False,64.96908480322972,True
2685,160112,BELEN,MAYNAS,LORETO,2504.548387096774,False,3.5935844522858273,True
2686,140312,TUCUME,LAMBAYEQUE,LAMBAYEQUE,1108.952380952381,False,30.153231934411444,True
2687,120501,JUNIN,JUNIN,JUNIN,96.85714285714286,False,12.025595146218064,True
2688,120701,TARMA,TARMA,JUNIN,941.4285714285714,False,4.154869960259199,True
2689,160403,YAVARI,MARISCAL RAMON CASTILLA,LORETO,362.55555555555554,False,,False
2690,120120,HUASICANCHA,HUANCAYO,JUNIN,120.28571428571429,False,86.04152151481199,True
2691,140312,TUCUME,LAMBAYEQUE,LAMBAYEQUE,1108.952380952381,False,30.885881809027815,True
2692,160701,BARRANCA,DATEM DEL MARAÑON,LORETO,379.5405405405405,False,,False
2693,140308,OLMOS,LAMBAYEQUE,LAMBAYEQUE,437.7578947368421,False,104.13026615573288,True
2694,140310,SALAS,LAMBAYEQUE,LAMBAYEQUE,200.86153846153846,False,109.63802687936925,True
2695,160803,TENIENTE MANUEL CLAVERO,PUTUMAYO,LORETO,237.04000000000002,False,,False
2696,160104,INDIANA,MAYNAS,LORETO,363.64516129032256,False,,False
2697,160201,YURIMAGUAS,ALTO AMAZONAS,LORETO,1234.1166666666666,False,,False
2698,120701,TARMA,TARMA,JUNIN,941.4285714285714,False,6.119675804516163,True
2699,140206,PUEBLO NUEVO,FERREÑAFE,LAMBAYEQUE,1047.6153846153848,False,15.35306130318046,True
2700,160107,NAPO,MAYNAS,LORETO,371.00000000000006,False,,False
2701,120602,COVIRIALI,SATIPO,JUNIN,372.4705882352941,False,2.8720651119048104,True
2702,160104,INDIANA,MAYNAS,LORETO,363.64516129032256,False,,False
2703,140110,OYOTUN,CHICLAYO,LAMBAYEQUE,449.0454545454545,False,88.54751621215522,True
2704,140308,OLMOS,LAMBAYEQUE,LAMBAYEQUE,437.7578947368421,False,113.2438527449843,True
2705,160501,REQUENA,REQUENA,LORETO,1107.2857142857142,False,,False
2706,160604,PAMPA HERMOSA,UCAYALI,LORETO,615.6111111111111,False,,False
2707,140111,PICSI,CHICLAYO,LAMBAYEQUE,1423.5714285714287,False,15.713989923984865,True
2708,120604,MAZAMARI,SATIPO,JUNIN,1065.8032786885246,False,78.27271266405411,True
2709,120302,PERENE,CHANCHAMAYO,JUNIN,902.7325581395348,False,37.009032325189466,True
2710,120107,CHILCA,HUANCAYO,JUNIN,9777.0,False,4.985151110932178,True
2711,120302,PERENE,CHANCHAMAYO,JUNIN,902.7325581395348,False,62.50353817225112,True
2712,140120,TUMAN,CHICLAYO,LAMBAYEQUE,2362.538461538462,False,17.55781185906344,True
2713,140203,INCAHUASI,FERREÑAFE,LAMBAYEQUE,302.5576923076923,False,144.05022710987734,True
2714,120128,QUILCAS,HUANCAYO,JUNIN,152.42857142857142,False,39.19624793496734,True
2715,120504,ULCUMAYO,JUNIN,JUNIN,93.27419354838709,False,72.80221025834004,True
2716,160501,REQUENA,REQUENA,LORETO,1107.2857142857142,False,,False
2717,140201,FERREÑAFE,FERREÑAFE,LAMBAYEQUE,1710.4285714285716,False,19.17018932346224,True
2718,160110,TORRES CAUSANA,MAYNAS,LORETO,327.375,False,,False
2719,120603,LLAYLLA,SATIPO,JUNIN,401.0625,False,35.334274150436606,True
2720,120129,SAN AGUSTIN,HUANCAYO,JUNIN,1992.5,False,9.333687321620632,True
2721,140107,LAGUNAS,CHICLAYO,LAMBAYEQUE,549.2631578947369,False,32.31945405834289,True
2722,120608,RIO TAMBO,SATIPO,JUNIN,729.2738095238095,False,475.11689588304085,True
2723,120608,RIO TAMBO,SATIPO,JUNIN,729.2738095238095,False,41.81085975559883,True
2724,160210,SANTA CRUZ,ALTO AMAZONAS,LORETO,188.95833333333334,False,,False
2725,120405,CANCHAYLLO,JAUJA,JUNIN,118.42857142857143,False,70.28469521257254,True
2726,120704,HUASAHUASI,TARMA,JUNIN,296.11538461538464,False,67.62643012712452,True
2727,120810,YAULI,YAULI,JUNIN,113.62222222222222,False,40.4646252873919,True
2728,120709,TAPO,TARMA,JUNIN,404.8666666666666,False,34.8153499202172,True
2729,120203,ANDAMARCA,CONCEPCION,JUNIN,206.1818181818182,False,126.97317069759731,True
2730,140202,CAÑARIS,FERREÑAFE,LAMBAYEQUE,528.1071428571429,False,183.9860387251221,True
2731,120606,PANGOA,SATIPO,JUNIN,618.2346938775511,False,157.2175825035594,True
2732,140203,INCAHUASI,FERREÑAFE,LAMBAYEQUE,302.5576923076923,False,187.635345900685,True
2733,160606,VARGAS GUERRA,UCAYALI,LORETO,829.5454545454545,False,,False
2734,120214,SAN JOSE DE QUERO,CONCEPCION,JUNIN,254.41666666666669,False,50.725662968116374,True
2735,140202,CAÑARIS,FERREÑAFE,LAMBAYEQUE,528.1071428571429,False,192.84007752012317,True
2736,160201,YURIMAGUAS,ALTO AMAZONAS,LORETO,1234.1166666666666,False,,False
2737,160704,MORONA,DATEM DEL MARAÑON,LORETO,324.0238095238095,False,,False
2738,160701,BARRANCA,DATEM DEL MARAÑON,LORETO,379.5405405405405,False,,False
2739,140204,MANUEL ANTONIO MESONES MURO,FERREÑAFE,LAMBAYEQUE,193.36363636363635,False,32.44766835510439,True
2740,160202,BALSAPUERTO,ALTO AMAZONAS,LORETO,311.0689655172414,False,,False
2741,120609,VIZCATAN DEL ENE,SATIPO,JUNIN,223.3125,False,222.39493913560938,True
2742,160502,ALTO TAPICHE,REQUENA,LORETO,164.53846153846155,False,,False
2743,120809,SUITUCANCHA,YAULI,JUNIN,15.599999999999998,False,84.65361085078672,True
2744,140116,CAYALTI,CHICLAYO,LAMBAYEQUE,1224.2307692307693,False,59.97264022401386,True
2745,160112,BELEN,MAYNAS,LORETO,2504.548387096774,False,,False
2746,160211,TENIENTE CESAR LOPEZ ROJAS,ALTO AMAZONAS,LORETO,306.5,False,,False
2747,160605,SARAYACU,UCAYALI,LORETO,676.5200000000001,False,,False
2748,160106,MAZAN,MAYNAS,LORETO,379.9189189189189,False,,False
2749,120503,ONDORES,JUNIN,JUNIN,23.740259740259738,False,41.69742876594989,True
2750,140205,PITIPO,FERREÑAFE,LAMBAYEQUE,691.8285714285714,False,52.06328048108242,True
2751,160504,EMILIO SAN MARTIN,REQUENA,LORETO,424.2777777777778,False,,False
2752,140205,PITIPO,FERREÑAFE,LAMBAYEQUE,691.8285714285714,False,68.75843068193505,True
2753,160301,NAUTA,LORETO,LORETO,567.2407407407408,False,,False
2754,120203,ANDAMARCA,CONCEPCION,JUNIN,206.1818181818182,False,118.56538437010713,True
2755,160113,SAN JUAN BAUTISTA,MAYNAS,LORETO,3236.38,False,28.20681131028755,True
2756,160602,INAHUAYA,UCAYALI,LORETO,687.75,False,,False
2757,120903,CHONGOS BAJO,CHUPACA,JUNIN,190.76190476190476,False,31.08707709145482,True
2758,160601,CONTAMANA,UCAYALI,LORETO,638.5909090909091,False,,False
2759,120602,COVIRIALI,SATIPO,JUNIN,372.4705882352941,False,30.649303253069107,True
2760,120303,PICHANAQUI,CHANCHAMAYO,JUNIN,1118.71875,False,31.481154790375154,True
2761,120802,CHACAPALPA,YAULI,JUNIN,10.352941176470587,False,39.16465013878331,True
2762,120303,PICHANAQUI,CHANCHAMAYO,JUNIN,1118.71875,False,51.00107780345182,True
2763,140117,PATAPO,CHICLAYO,LAMBAYEQUE,1343.7058823529412,False,31.237584294666966,True
2764,120810,YAULI,YAULI,JUNIN,113.62222222222222,False,24.187765195492563,True
2765,140101,CHICLAYO,CHICLAYO,LAMBAYEQUE,8778.44117647059,False,2.744844616518149,True
2766,140312,TUCUME,LAMBAYEQUE,LAMBAYEQUE,1108.952380952381,False,25.3953774177671,True
2767,160105,LAS AMAZONAS,MAYNAS,LORETO,283.59999999999997,False,,False
2768,160202,BALSAPUERTO,ALTO AMAZONAS,LORETO,311.0689655172414,False,,False
2769,160706,ANDOAS,DATEM DEL MARAÑON,LORETO,221.87931034482762,False,,False
2770,160103,FERNANDO LORES,MAYNAS,LORETO,349.93220338983053,False,,False
2771,120810,YAULI,YAULI,JUNIN,113.62222222222222,False,25.219432166319166,True
2772,120604,MAZAMARI,SATIPO,JUNIN,1065.8032786885246,False,18.007706503256188,True
2773,140112,PIMENTEL,CHICLAYO,LAMBAYEQUE,1706.4814814814818,False,8.638068346478523,True
2774,120113,CULLHUAS,HUANCAYO,JUNIN,244.88888888888886,False,40.527497954094265,True
2775,120701,TARMA,TARMA,JUNIN,941.4285714285714,False,11.80357155159721,True
2776,120604,MAZAMARI,SATIPO,JUNIN,1065.8032786885246,False,45.61332246771945,True
2777,120807,SANTA BARBARA DE CARHUACAYAN,YAULI,JUNIN,24.989473684210523,False,66.01348390302967,True
2778,120503,ONDORES,JUNIN,JUNIN,23.740259740259738,False,58.91723812546471,True
2779,140101,CHICLAYO,CHICLAYO,LAMBAYEQUE,8778.44117647059,False,0.9794834488678748,True
2780,140201,FERREÑAFE,FERREÑAFE,LAMBAYEQUE,1710.4285714285716,False,21.332929397960616,True
2781,160511,YAQUERANA,REQUENA,LORETO,237.69230769230768,False,,False
2782,120501,JUNIN,JUNIN,JUNIN,96.85714285714286,False,23.564353829147407,True
2783,160113,SAN JUAN BAUTISTA,MAYNAS,LORETO,3236.38,False,9.041224306589255,True
2784,120108,CHONGOS ALTO,HUANCAYO,JUNIN,33.475,False,62.93806335715156,True
2785,140308,OLMOS,LAMBAYEQUE,LAMBAYEQUE,437.7578947368421,False,93.45145263916586,True
2786,160401,RAMON CASTILLA,MARISCAL RAMON CASTILLA,LORETO,595.7142857142858,False,,False
2787,160801,PUTUMAYO,PUTUMAYO,LORETO,241.16666666666666,False,,False
2788,120608,RIO TAMBO,SATIPO,JUNIN,729.2738095238095,False,510.08550499266653,True
2789,120804,MARCAPOMACOCHA,YAULI,JUNIN,14.252747252747252,False,78.53536970083452,True
2790,160103,FERNANDO LORES,MAYNAS,LORETO,349.93220338983053,False,,False
2791,120809,SUITUCANCHA,YAULI,JUNIN,15.599999999999998,False,60.984891518931995,True
2792,120903,CHONGOS BAJO,CHUPACA,JUNIN,190.76190476190476,False,16.878780492330065,True
2793,140302,CHOCHOPE,LAMBAYEQUE,LAMBAYEQUE,124.66666666666666,False,64.31214132511475,True
2794,160206,LAGUNAS,ALTO AMAZONAS,LORETO,520.8571428571429,False,,False
2795,160105,LAS AMAZONAS,MAYNAS,LORETO,283.59999999999997,False,,False
2796,120305,SAN RAMON,CHANCHAMAYO,JUNIN,746.7567567567568,False,19.09842117921482,True
2797,160401,RAMON CASTILLA,MARISCAL RAMON CASTILLA,LORETO,595.7142857142858,False,,False
2798,120501,JUNIN,JUNIN,JUNIN,96.85714285714286,False,23.123552634142136,True
2799,160103,FERNANDO LORES,MAYNAS,LORETO,349.93220338983053,False,,False
2800,120601,SATIPO,SATIPO,JUNIN,650.0597014925373,False,53.60814229425448,True
2801,160706,ANDOAS,DATEM DEL MARAÑON,LORETO,221.87931034482762,False,,False
2802,120108,CHONGOS ALTO,HUANCAYO,JUNIN,33.475,False,,False
2803,120706,PALCA,TARMA,JUNIN,223.4,False,16.41900119565013,True
2804,140303,ILLIMO,LAMBAYEQUE,LAMBAYEQUE,941.5000000000001,False,21.824598159724218,True
2805,120609,VIZCATAN DEL ENE,SATIPO,JUNIN,223.3125,False,240.7701550468353,True
2806,120306,VITOC,CHANCHAMAYO,JUNIN,96.33333333333333,False,54.09884012357053,True
2807,140116,CAYALTI,CHICLAYO,LAMBAYEQUE,1224.2307692307693,False,48.69105967801839,True
2808,120427,RICRAN,JAUJA,JUNIN,48.96874999999999,False,52.76155992032299,True
2809,140101,CHICLAYO,CHICLAYO,LAMBAYEQUE,8778.44117647059,False,3.9152816047500423,True
2810,120502,CARHUAMAYO,JUNIN,JUNIN,228.47058823529414,False,43.36514707115405,True
2811,140304,JAYANCA,LAMBAYEQUE,LAMBAYEQUE,601.3000000000001,False,50.38642750220777,True
2812,120909,YANACANCHA,CHUPACA,JUNIN,65.68518518518518,False,69.32419969063922,True
2813,120501,JUNIN,JUNIN,JUNIN,96.85714285714286,False,18.745944629574257,True
2814,120503,ONDORES,JUNIN,JUNIN,23.740259740259738,False,28.780313361442218,True
2815,140302,CHOCHOPE,LAMBAYEQUE,LAMBAYEQUE,124.66666666666666,False,64.31214132511475,True
2816,160301,NAUTA,LORETO,LORETO,567.2407407407408,False,,False
2817,160402,PEBAS,MARISCAL RAMON CASTILLA,LORETO,346.1372549019608,False,,False
2818,120427,RICRAN,JAUJA,JUNIN,48.96874999999999,False,43.16122495451431,True
2819,160205,JEBEROS,ALTO AMAZONAS,LORETO,272.65000000000003,False,,False
2820,140101,CHICLAYO,CHICLAYO,LAMBAYEQUE,8778.44117647059,False,0.10891355485788459,True
2821,120606,PANGOA,SATIPO,JUNIN,618.2346938775511,False,37.62006132555601,True
2822,160704,MORONA,DATEM DEL MARAÑON,LORETO,324.0238095238095,False,,False
2823,120702,ACOBAMBA,TARMA,JUNIN,849.125,False,14.022325262389423,True
2824,140307,MOTUPE,LAMBAYEQUE,LAMBAYEQUE,749.5833333333334,False,47.68278195896521,True
2825,160804,YAGUAS,PUTUMAYO,LORETO,113.8181818181818,False,,False
2826,160102,ALTO NANAY,MAYNAS,LORETO,102.13333333333334,False,,False
2827,120209,MARISCAL CASTILLA,CONCEPCION,JUNIN,118.0,False,84.8437288122988,True
2828,160801,PUTUMAYO,PUTUMAYO,LORETO,241.16666666666666,False,,False
2829,120501,JUNIN,JUNIN,JUNIN,96.85714285714286,False,17.415608426807985,True
2830,160205,JEBEROS,ALTO AMAZONAS,LORETO,272.65000000000003,False,,False
2831,140304,JAYANCA,LAMBAYEQUE,LAMBAYEQUE,601.3000000000001,False,37.349401205611606,True
2832,120303,PICHANAQUI,CHANCHAMAYO,JUNIN,1118.71875,False,24.140008251229034,True
2833,120606,PANGOA,SATIPO,JUNIN,618.2346938775511,False,44.005862274960876,True
2834,160102,ALTO NANAY,MAYNAS,LORETO,102.13333333333334,False,,False
2835,160103,FERNANDO LORES,MAYNAS,LORETO,349.93220338983053,False,,False
2836,140304,JAYANCA,LAMBAYEQUE,LAMBAYEQUE,601.3000000000001,False,77.28027772871616,True
2837,160601,CONTAMANA,UCAYALI,LORETO,638.5909090909091,False,,False
2838,120303,PICHANAQUI,CHANCHAMAYO,JUNIN,1118.71875,False,54.890169200193476,True
2839,120303,PICHANAQUI,CHANCHAMAYO,JUNIN,1118.71875,False,88.46013250404346,True
2840,120503,ONDORES,JUNIN,JUNIN,23.740259740259738,False,25.630699785265094,True
2841,120214,SAN JOSE DE QUERO,CONCEPCION,JUNIN,254.41666666666669,False,52.65912893401912,True
2842,120606,PANGOA,SATIPO,JUNIN,618.2346938775511,False,20.929895219210668,True
2843,140205,PITIPO,FERREÑAFE,LAMBAYEQUE,691.8285714285714,False,61.11328720141722,True
2844,160603,PADRE MARQUEZ,UCAYALI,LORETO,564.3571428571429,False,,False
2845,140306,MORROPE,LAMBAYEQUE,LAMBAYEQUE,1282.5675675675675,False,33.391473586052626,True
2846,120604,MAZAMARI,SATIPO,JUNIN,1065.8032786885246,False,25.85740988771941,True
2847,160201,YURIMAGUAS,ALTO AMAZONAS,LORETO,1234.1166666666666,False,,False
2848,160104,INDIANA,MAYNAS,LORETO,363.64516129032256,False,,False
2849,120904,HUACHAC,CHUPACA,JUNIN,1006.75,True,21.154109888148813,True
2850,160110,TORRES CAUSANA,MAYNAS,LORETO,327.375,False,,False
2851,120108,CHONGOS ALTO,HUANCAYO,JUNIN,33.475,False,102.68018236070921,True
2852,160401,RAMON CASTILLA,MARISCAL RAMON CASTILLA,LORETO,595.7142857142858,False,,False
2853,160601,CONTAMANA,UCAYALI,LORETO,638.5909090909091,False,,False
2854,120408,HUAMALI,JAUJA,JUNIN,452.25000000000006,False,16.0103625737448,True
2855,120434,YAUYOS,JAUJA,JUNIN,1170.0,False,8.205076239210792,True
2856,120305,SAN RAMON,CHANCHAMAYO,JUNIN,746.7567567567568,False,20.997973376937725,True
2857,160102,ALTO NANAY,MAYNAS,LORETO,102.13333333333334,False,,False
2858,120909,YANACANCHA,CHUPACA,JUNIN,65.68518518518518,False,62.292109269600516,True
2859,160705,PASTAZA,DATEM DEL MARAÑON,LORETO,138.2127659574468,False,,False
2860,120607,RIO NEGRO,SATIPO,JUNIN,650.0,False,11.609714864987371,True
2861,120607,RIO NEGRO,SATIPO,JUNIN,650.0,False,64.22704803413126,True
2862,120808,SANTA ROSA DE SACCO,YAULI,JUNIN,743.7857142857143,False,23.494044697727105,True
2863,160102,ALTO NANAY,MAYNAS,LORETO,102.13333333333334,False,,False
2864,160305,URARINAS,LORETO,LORETO,293.6538461538462,False,,False
2865,160803,TENIENTE MANUEL CLAVERO,PUTUMAYO,LORETO,237.04000000000002,False,,False
2866,140308,OLMOS,LAMBAYEQUE,LAMBAYEQUE,437.7578947368421,False,154.80427059025845,True
2867,160503,CAPELO,REQUENA,LORETO,507.1111111111111,False,,False
2868,140308,OLMOS,LAMBAYEQUE,LAMBAYEQUE,437.7578947368421,False,118.85570165882281,True
2869,160702,CAHUAPANAS,DATEM DEL MARAÑON,LORETO,278.6774193548387,False,,False
2870,160301,NAUTA,LORETO,LORETO,567.2407407407408,False,,False
2871,120909,YANACANCHA,CHUPACA,JUNIN,65.68518518518518,False,65.98438714823378,True
2872,120601,SATIPO,SATIPO,JUNIN,650.0597014925373,False,57.40205160541798,True
2873,160706,ANDOAS,DATEM DEL MARAÑON,LORETO,221.87931034482762,False,,False
2874,120601,SATIPO,SATIPO,JUNIN,650.0597014925373,False,66.435245517433,True
2875,120502,CARHUAMAYO,JUNIN,JUNIN,228.47058823529414,False,58.476372636124495,True
2876,120601,SATIPO,SATIPO,JUNIN,650.0597014925373,False,2.0829739069046713,True
2877,160112,BELEN,MAYNAS,LORETO,2504.548387096774,False,,False
2878,120701,TARMA,TARMA,JUNIN,941.4285714285714,False,30.344355498228758,True
2879,120604,MAZAMARI,SATIPO,JUNIN,1065.8032786885246,False,80.99003006974678,True
2880,160301,NAUTA,LORETO,LORETO,567.2407407407408,False,,False
2881,120106,CHICCHE,HUANCAYO,JUNIN,112.625,False,44.30642256036202,True
2882,160102,ALTO NANAY,MAYNAS,LORETO,102.13333333333334,False,,False
2883,120807,SANTA BARBARA DE CARHUACAYAN,YAULI,JUNIN,24.989473684210523,False,109.99402658941698,True
2884,160202,BALSAPUERTO,ALTO AMAZONAS,LORETO,311.0689655172414,False,46.02062338542541,True
2885,120807,SANTA BARBARA DE CARHUACAYAN,YAULI,JUNIN,24.989473684210523,False,70.17583185871278,True
2886,120804,MARCAPOMACOCHA,YAULI,JUNIN,14.252747252747252,False,81.10145221687232,True
2887,160804,YAGUAS,PUTUMAYO,LORETO,113.8181818181818,False,,False
2888,120504,ULCUMAYO,JUNIN,JUNIN,93.27419354838709,False,86.26940186136984,True
2889,120203,ANDAMARCA,CONCEPCION,JUNIN,206.1818181818182,False,126.87634055179504,True
2890,120803,HUAY-HUAY,YAULI,JUNIN,22.333333333333332,False,42.8467689385483,True
2891,140102,CHONGOYAPE,CHICLAYO,LAMBAYEQUE,724.0400000000001,False,48.26887561662198,True
2892,160505,MAQUIA,REQUENA,LORETO,340.32000000000005,False,,False
2893,140301,LAMBAYEQUE,LAMBAYEQUE,LAMBAYEQUE,2049.0769230769233,False,11.222865125480059,True
2894,120608,RIO TAMBO,SATIPO,JUNIN,729.2738095238095,False,48.8739178835078,True
2895,160205,JEBEROS,ALTO AMAZONAS,LORETO,272.65000000000003,False,,False
2896,120603,LLAYLLA,SATIPO,JUNIN,401.0625,False,30.649303253069107,True
2897,160205,JEBEROS,ALTO AMAZONAS,LORETO,272.65000000000003,False,,False
2898,120607,RIO NEGRO,SATIPO,JUNIN,650.0,False,19.393403911069598,True
2899,140304,JAYANCA,LAMBAYEQUE,LAMBAYEQUE,601.3000000000001,False,33.74743228537153,True
2900,120502,CARHUAMAYO,JUNIN,JUNIN,228.47058823529414,False,64.39409786771111,True
2901,140110,OYOTUN,CHICLAYO,LAMBAYEQUE,449.0454545454545,False,91.11940344840905,True
2902,120608,RIO TAMBO,SATIPO,JUNIN,729.2738095238095,False,73.05278601193466,True
2903,160113,SAN JUAN BAUTISTA,MAYNAS,LORETO,3236.38,False,51.957832198630754,True
2904,120205,COCHAS,CONCEPCION,JUNIN,146.41666666666669,False,112.0193081831658,True
2905,160104,INDIANA,MAYNAS,LORETO,363.64516129032256,False,,False
2906,120706,PALCA,TARMA,JUNIN,223.4,False,18.20134506947411,True
2907,120601,SATIPO,SATIPO,JUNIN,650.0597014925373,False,22.929715855496482,True
2908,120702,ACOBAMBA,TARMA,JUNIN,849.125,False,14.084935933245484,True
2909,120403,APATA,JAUJA,JUNIN,83.34693877551021,False,46.35635894237775,True
2910,120213,ORCOTUNA,CONCEPCION,JUNIN,1389.3333333333333,False,13.054762395599147,True
2911,120114,EL TAMBO,HUANCAYO,JUNIN,6923.458333333333,False,2.771973695658584,True
2912,120403,APATA,JAUJA,JUNIN,83.34693877551021,False,71.01727247724199,True
2913,120135,SANTO DOMINGO DE ACOBAMBA,HUANCAYO,JUNIN,268.1379310344828,False,189.50840863846324,True
2914,120108,CHONGOS ALTO,HUANCAYO,JUNIN,33.475,False,117.0583311168851,True
2915,120305,SAN RAMON,CHANCHAMAYO,JUNIN,746.7567567567568,False,9.35906711589316,True
2916,160506,PUINAHUA,REQUENA,LORETO,617.0,False,,False
2917,140112,PIMENTEL,CHICLAYO,LAMBAYEQUE,1706.4814814814818,False,3.973208526966993,True
2918,120809,SUITUCANCHA,YAULI,JUNIN,15.599999999999998,False,79.87821702481806,True
2919,160704,MORONA,DATEM DEL MARAÑON,LORETO,324.0238095238095,False,,False
2920,160404,SAN PABLO,MARISCAL RAMON CASTILLA,LORETO,575.0,False,,False
2921,160601,CONTAMANA,UCAYALI,LORETO,638.5909090909091,False,13.925427129215038,True
2922,140203,INCAHUASI,FERREÑAFE,LAMBAYEQUE,302.5576923076923,False,150.45621941227282,True
2923,140101,CHICLAYO,CHICLAYO,LAMBAYEQUE,8778.44117647059,False,4.383690311468008,True
2924,120206,COMAS,CONCEPCION,JUNIN,134.95555555555555,False,61.91789903894549,True
2925,140308,OLMOS,LAMBAYEQUE,LAMBAYEQUE,437.7578947368421,False,86.88382137769257,True
2926,120427,RICRAN,JAUJA,JUNIN,48.96874999999999,False,60.33936035151528,True
2927,140203,INCAHUASI,FERREÑAFE,LAMBAYEQUE,302.5576923076923,False,159.76299514954707,True
2928,120413,LEONOR ORDOÑEZ,JAUJA,JUNIN,369.99999999999994,False,13.499928196766326,True
2929,120807,SANTA BARBARA DE CARHUACAYAN,YAULI,JUNIN,24.989473684210523,False,80.3518452115697,True
2930,120902,AHUAC,CHUPACA,JUNIN,423.7142857142857,False,18.521133529305846,True
2931,140310,SALAS,LAMBAYEQUE,LAMBAYEQUE,200.86153846153846,False,130.18275050674217,True
2932,120807,SANTA BARBARA DE CARHUACAYAN,YAULI,JUNIN,24.989473684210523,False,129.891395869996,True
2933,160201,YURIMAGUAS,ALTO AMAZONAS,LORETO,1234.1166666666666,False,32.811812231716885,True
2934,120107,CHILCA,HUANCAYO,JUNIN,9777.0,False,3.3361150746158956,True
2935,140112,PIMENTEL,CHICLAYO,LAMBAYEQUE,1706.4814814814818,False,3.3877454169048025,True
2936,140308,OLMOS,LAMBAYEQUE,LAMBAYEQUE,437.7578947368421,False,150.62332642517353,True
2937,120135,SANTO DOMINGO DE ACOBAMBA,HUANCAYO,JUNIN,268.1379310344828,False,193.03423992061468,True
2938,160505,MAQUIA,REQUENA,LORETO,340.32000000000005,False,,False
2939,160107,NAPO,MAYNAS,LORETO,371.00000000000006,False,,False
2940,120303,PICHANAQUI,CHANCHAMAYO,JUNIN,1118.71875,True,0.19154830588817423,True
2941,120502,CARHUAMAYO,JUNIN,JUNIN,228.47058823529414,False,29.421975275341023,True
2942,140101,CHICLAYO,CHICLAYO,LAMBAYEQUE,8778.44117647059,False,3.553805945344831,True
2943,120707,PALCAMAYO,TARMA,JUNIN,382.92,False,30.299457874792168,True
2944,120810,YAULI,YAULI,JUNIN,113.62222222222222,False,54.36778962385218,True
2945,120604,MAZAMARI,SATIPO,JUNIN,1065.8032786885246,False,25.723746186838458,True
2946,160105,LAS AMAZONAS,MAYNAS,LORETO,283.59999999999997,False,,False
2947,160101,IQUITOS,MAYNAS,LORETO,10790.857142857143,False,,False
2948,120803,HUAY-HUAY,YAULI,JUNIN,22.333333333333332,False,46.94249631419564,True
2949,120428,SAN LORENZO,JAUJA,JUNIN,278.77777777777777,False,10.298444129734387,True
2950,120423,PACCHA,JAUJA,JUNIN,164.09090909090907,False,17.6797523536149,True
2951,140116,CAYALTI,CHICLAYO,LAMBAYEQUE,1224.2307692307693,False,54.19065264532308,True
2952,140301,LAMBAYEQUE,LAMBAYEQUE,LAMBAYEQUE,2049.0769230769233,False,15.47504200058164,True
2953,120709,TAPO,TARMA,JUNIN,404.8666666666666,False,34.487159003594925,True
2954,120803,HUAY-HUAY,YAULI,JUNIN,22.333333333333332,False,52.59832061380949,True
2955,140308,OLMOS,LAMBAYEQUE,LAMBAYEQUE,437.7578947368421,False,80.72374580290285,True
2956,120807,SANTA BARBARA DE CARHUACAYAN,YAULI,JUNIN,24.989473684210523,False,115.74015588319884,True
2957,160201,YURIMAGUAS,ALTO AMAZONAS,LORETO,1234.1166666666666,False,,False
2958,120135,SANTO DOMINGO DE ACOBAMBA,HUANCAYO,JUNIN,268.1379310344828,False,,False
2959,120603,LLAYLLA,SATIPO,JUNIN,401.0625,False,42.02716273088533,True
2960,120604,MAZAMARI,SATIPO,JUNIN,1065.8032786885246,False,50.95770004381229,True
2961,140101,CHICLAYO,CHICLAYO,LAMBAYEQUE,8778.44117647059,False,1.2716805962099584,True
2962,140115,SAÑA,CHICLAYO,LAMBAYEQUE,885.5,False,47.01737124319445,True
2963,120418,MOLINOS,JAUJA,JUNIN,89.52941176470588,False,11.901429443527647,True
2964,160404,SAN PABLO,MARISCAL RAMON CASTILLA,LORETO,575.0,False,,False
2965,160107,NAPO,MAYNAS,LORETO,371.00000000000006,False,,False
2966,140108,MONSEFU,CHICLAYO,LAMBAYEQUE,1404.9565217391305,False,9.02657026647594,True
2967,120606,PANGOA,SATIPO,JUNIN,618.2346938775511,False,15.278114644030111,True
2968,160113,SAN JUAN BAUTISTA,MAYNAS,LORETO,3236.38,False,57.132350760096756,True
2969,120403,APATA,JAUJA,JUNIN,83.34693877551021,False,16.18222128898828,True
2970,140307,MOTUPE,LAMBAYEQUE,LAMBAYEQUE,749.5833333333334,False,46.67649085245691,True
2971,120601,SATIPO,SATIPO,JUNIN,650.0597014925373,True,0.7811014159535724,True
2972,160504,EMILIO SAN MARTIN,REQUENA,LORETO,424.2777777777778,False,,False
2973,120406,CURICACA,JAUJA,JUNIN,164.5,False,27.45720309563886,True
2974,120427,RICRAN,JAUJA,JUNIN,48.96874999999999,False,37.79800918160875,True
2975,140308,OLMOS,LAMBAYEQUE,LAMBAYEQUE,437.7578947368421,False,180.66315169449058,True
2976,120104,CARHUACALLANGA,HUANCAYO,JUNIN,349.5,False,88.20669770167764,True
2977,120607,RIO NEGRO,SATIPO,JUNIN,650.0,False,60.59004520048652,True
2978,120607,RIO NEGRO,SATIPO,JUNIN,650.0,False,60.59004520048652,True
2979,120214,SAN JOSE DE QUERO,CONCEPCION,JUNIN,254.41666666666669,False,86.07829245960548,True
2980,120601,SATIPO,SATIPO,JUNIN,650.0597014925373,False,21.435404311981593,True
2981,160107,NAPO,MAYNAS,LORETO,371.00000000000006,False,,False
2982,140306,MORROPE,LAMBAYEQUE,LAMBAYEQUE,1282.5675675675675,False,36.65499226074006,True
2983,160110,TORRES CAUSANA,MAYNAS,LORETO,327.375,False,,False
2984,140311,SAN JOSE,LAMBAYEQUE,LAMBAYEQUE,2106.375,False,14.590328711874841,True
2985,120304,SAN LUIS DE SHUARO,CHANCHAMAYO,JUNIN,435.0,False,38.28667792514742,True
2986,160605,SARAYACU,UCAYALI,LORETO,676.5200000000001,False,,False
2987,120606,PANGOA,SATIPO,JUNIN,618.2346938775511,False,58.510802768109315,True
2988,160211,TENIENTE CESAR LOPEZ ROJAS,ALTO AMAZONAS,LORETO,306.5,False,,False
2989,140309,PACORA,LAMBAYEQUE,LAMBAYEQUE,429.3529411764706,False,27.887527957351377,True
2990,120427,RICRAN,JAUJA,JUNIN,48.96874999999999,False,60.33936035151528,True
2991,120807,SANTA BARBARA DE CARHUACAYAN,YAULI,JUNIN,24.989473684210523,False,75.84660658012393,True
2992,120501,JUNIN,JUNIN,JUNIN,96.85714285714286,False,25.053157200167675,True
2993,120504,ULCUMAYO,JUNIN,JUNIN,93.27419354838709,False,73.29640150894937,True
2994,120608,RIO TAMBO,SATIPO,JUNIN,729.2738095238095,False,,False
2995,120709,TAPO,TARMA,JUNIN,404.8666666666666,False,38.991506651332074,True
2996,120504,ULCUMAYO,JUNIN,JUNIN,93.27419354838709,False,116.63561026575425,True
2997,160605,SARAYACU,UCAYALI,LORETO,676.5200000000001,False,,False
2998,120708,SAN PEDRO DE CAJAS,TARMA,JUNIN,153.21621621621622,False,26.30599899919208,True
2999,160105,LAS AMAZONAS,MAYNAS,LORETO,283.59999999999997,False,,False
3000,120203,ANDAMARCA,CONCEPCION,JUNIN,206.1818181818182,False,149.07475936978918,True
3001,160303,TIGRE,LORETO,LORETO,279.48387096774195,False,,False
3002,120426,POMACANCHA,JAUJA,JUNIN,131.66666666666669,False,30.049134471813254,True
3003,160113,SAN JUAN BAUTISTA,MAYNAS,LORETO,3236.38,False,63.73550090474691,True
3004,160701,BARRANCA,DATEM DEL MARAÑON,LORETO,379.5405405405405,False,,False
3005,160402,PEBAS,MARISCAL RAMON CASTILLA,LORETO,346.1372549019608,False,,False
3006,160502,ALTO TAPICHE,REQUENA,LORETO,164.53846153846155,False,,False
3007,140205,PITIPO,FERREÑAFE,LAMBAYEQUE,691.8285714285714,False,83.94765920907975,True
3008,160303,TIGRE,LORETO,LORETO,279.48387096774195,False,,False
3009,120501,JUNIN,JUNIN,JUNIN,96.85714285714286,False,20.34806614362173,True
3010,120807,SANTA BARBARA DE CARHUACAYAN,YAULI,JUNIN,24.989473684210523,False,75.84660658012393,True
3011,120502,CARHUAMAYO,JUNIN,JUNIN,228.47058823529414,False,58.476372636124495,True
3012,120108,CHONGOS ALTO,HUANCAYO,JUNIN,33.475,False,66.93977344894896,True
3013,120605,PAMPA HERMOSA,SATIPO,JUNIN,454.125,False,46.54529313649409,True
3014,120301,CHANCHAMAYO,CHANCHAMAYO,JUNIN,654.3684210526316,False,18.25966899286837,True
3015,120601,SATIPO,SATIPO,JUNIN,650.0597014925373,False,8.493977792073178,True
3016,140103,ETEN,CHICLAYO,LAMBAYEQUE,1766.5,False,15.63596463462506,True
3017,160601,CONTAMANA,UCAYALI,LORETO,638.5909090909091,False,90.87227882099282,True
3018,120427,RICRAN,JAUJA,JUNIN,48.96874999999999,False,40.7259488365174,True
3019,120114,EL TAMBO,HUANCAYO,JUNIN,6923.458333333333,False,1.839371035049001,True
3020,120601,SATIPO,SATIPO,JUNIN,650.0597014925373,False,49.04749656293273,True
3021,160104,INDIANA,MAYNAS,LORETO,363.64516129032256,False,,False
3022,140301,LAMBAYEQUE,LAMBAYEQUE,LAMBAYEQUE,2049.0769230769233,False,13.522271859218113,True
3023,120414,LLOCLLAPAMPA,JAUJA,JUNIN,125.125,False,30.264648749676933,True
3024,140109,NUEVA ARICA,CHICLAYO,LAMBAYEQUE,582.75,False,72.95423758884253,True
3025,160304,TROMPETEROS,LORETO,LORETO,533.1428571428572,False,,False
3026,120601,SATIPO,SATIPO,JUNIN,650.0597014925373,False,42.10951210866432,True
3027,120135,SANTO DOMINGO DE ACOBAMBA,HUANCAYO,JUNIN,268.1379310344828,False,150.5090415333867,True
3028,120607,RIO NEGRO,SATIPO,JUNIN,650.0,False,34.62732380623256,True
3029,120809,SUITUCANCHA,YAULI,JUNIN,15.599999999999998,False,56.95493334064156,True
3030,160201,YURIMAGUAS,ALTO AMAZONAS,LORETO,1234.1166666666666,False,,False
3031,120504,ULCUMAYO,JUNIN,JUNIN,93.27419354838709,False,48.64233728575464,True
3032,160401,RAMON CASTILLA,MARISCAL RAMON CASTILLA,LORETO,595.7142857142858,False,,False
3033,120809,SUITUCANCHA,YAULI,JUNIN,15.599999999999998,False,77.93659540972926,True
3034,120902,AHUAC,CHUPACA,JUNIN,423.7142857142857,False,14.000886716945777,True
3035,120503,ONDORES,JUNIN,JUNIN,23.740259740259738,False,25.630699785265094,True
3036,120503,ONDORES,JUNIN,JUNIN,23.740259740259738,False,58.0848377076247,True
3037,120126,PUCARA,HUANCAYO,JUNIN,455.27272727272725,False,21.004374611106506,True
3038,160401,RAMON CASTILLA,MARISCAL RAMON CASTILLA,LORETO,595.7142857142858,False,,False
3039,140204,MANUEL ANTONIO MESONES MURO,FERREÑAFE,LAMBAYEQUE,193.36363636363635,False,31.01987372045405,True
3040,120503,ONDORES,JUNIN,JUNIN,23.740259740259738,True,28.49239332432684,True
3041,120805,MOROCOCHA,YAULI,JUNIN,284.1333333333333,False,19.15150881764214,True
3042,140106,LA VICTORIA,CHICLAYO,LAMBAYEQUE,6204.599999999999,False,10.372919638781237,True
3043,120133,SAPALLANGA,HUANCAYO,JUNIN,858.6,False,34.17312081658778,True
3044,120214,SAN JOSE DE QUERO,CONCEPCION,JUNIN,254.41666666666669,False,47.84019081352627,True
3045,120431,SINCOS,JAUJA,JUNIN,307.0,False,35.97350367176547,True
3046,120503,ONDORES,JUNIN,JUNIN,23.740259740259738,False,55.33986049083114,True
3047,160601,CONTAMANA,UCAYALI,LORETO,638.5909090909091,False,,False
3048,120427,RICRAN,JAUJA,JUNIN,48.96874999999999,False,40.710592172044976,True
3049,160210,SANTA CRUZ,ALTO AMAZONAS,LORETO,188.95833333333334,False,,False
3050,160202,BALSAPUERTO,ALTO AMAZONAS,LORETO,311.0689655172414,False,46.02062338542541,True
3051,140304,JAYANCA,LAMBAYEQUE,LAMBAYEQUE,601.3000000000001,False,62.1424232787222,True
3052,120810,YAULI,YAULI,JUNIN,113.62222222222222,False,20.831636660718043,True
3053,160303,TIGRE,LORETO,LORETO,279.48387096774195,False,,False
3054,120433,YAULI,JAUJA,JUNIN,108.66666666666667,False,10.91234508705475,True
3055,120803,HUAY-HUAY,YAULI,JUNIN,22.333333333333332,False,48.11680212868452,True
3056,160205,JEBEROS,ALTO AMAZONAS,LORETO,272.65000000000003,False,,False
3057,120133,SAPALLANGA,HUANCAYO,JUNIN,858.6,False,31.718533996637056,True
3058,160103,FERNANDO LORES,MAYNAS,LORETO,349.93220338983053,False,,False
3059,120504,ULCUMAYO,JUNIN,JUNIN,93.27419354838709,False,53.80169711232242,True
3060,160803,TENIENTE MANUEL CLAVERO,PUTUMAYO,LORETO,237.04000000000002,False,,False
3061,120425,PARCO,JAUJA,JUNIN,164.57142857142858,False,21.78983029259433,True
3062,140301,LAMBAYEQUE,LAMBAYEQUE,LAMBAYEQUE,2049.0769230769233,False,2.2978571821600995,True
3063,160404,SAN PABLO,MARISCAL RAMON CASTILLA,LORETO,575.0,False,,False
3064,140303,ILLIMO,LAMBAYEQUE,LAMBAYEQUE,941.5000000000001,False,30.47655813420056,True
3065,160101,IQUITOS,MAYNAS,LORETO,10790.857142857143,False,,False
3066,120302,PERENE,CHANCHAMAYO,JUNIN,902.7325581395348,False,62.120641619687085,True
3067,140306,MORROPE,LAMBAYEQUE,LAMBAYEQUE,1282.5675675675675,False,33.72097327135866,True
3068,120608,RIO TAMBO,SATIPO,JUNIN,729.2738095238095,False,520.6135425941762,True
3069,120601,SATIPO,SATIPO,JUNIN,650.0597014925373,False,51.86009818058829,True
3070,160206,LAGUNAS,ALTO AMAZONAS,LORETO,520.8571428571429,False,,False
3071,120703,HUARICOLCA,TARMA,JUNIN,295.5454545454545,False,46.12214504610082,True
3072,120606,PANGOA,SATIPO,JUNIN,618.2346938775511,False,80.89621313232811,True
3073,120607,RIO NEGRO,SATIPO,JUNIN,650.0,False,52.00834511423699,True
3074,120807,SANTA BARBARA DE CARHUACAYAN,YAULI,JUNIN,24.989473684210523,False,92.31975882800442,True
3075,120804,MARCAPOMACOCHA,YAULI,JUNIN,14.252747252747252,False,107.98748465143919,True
3076,120801,LA OROYA,YAULI,JUNIN,349.3611111111111,False,24.844755081853442,True
3077,160803,TENIENTE MANUEL CLAVERO,PUTUMAYO,LORETO,237.04000000000002,False,,False
3078,120707,PALCAMAYO,TARMA,JUNIN,382.92,False,45.42635965870959,True
3079,120504,ULCUMAYO,JUNIN,JUNIN,93.27419354838709,False,64.36851119354196,True
3080,120709,TAPO,TARMA,JUNIN,404.8666666666666,False,30.11216035399025,True
3081,160501,REQUENA,REQUENA,LORETO,1107.2857142857142,False,,False
3082,120302,PERENE,CHANCHAMAYO,JUNIN,902.7325581395348,False,28.537574478233168,True
3083,160211,TENIENTE CESAR LOPEZ ROJAS,ALTO AMAZONAS,LORETO,306.5,False,,False
3084,160304,TROMPETEROS,LORETO,LORETO,533.1428571428572,False,,False
3085,160501,REQUENA,REQUENA,LORETO,1107.2857142857142,False,,False
3086,120608,RIO TAMBO,SATIPO,JUNIN,729.2738095238095,False,420.7129365698718,True
3087,160107,NAPO,MAYNAS,LORETO,371.00000000000006,False,,False
3088,160704,MORONA,DATEM DEL MARAÑON,LORETO,324.0238095238095,False,,False
3089,120503,ONDORES,JUNIN,JUNIN,23.740259740259738,False,51.84048923180274,True
3090,120409,HUARIPAMPA,JAUJA,JUNIN,418.0,False,18.61423897339528,True
3091,160301,NAUTA,LORETO,LORETO,567.2407407407408,False,,False
3092,120701,TARMA,TARMA,JUNIN,941.4285714285714,False,24.67966155969963,True
3093,120606,PANGOA,SATIPO,JUNIN,618.2346938775511,False,140.15303286513858,True
3094,120708,SAN PEDRO DE CAJAS,TARMA,JUNIN,153.21621621621622,False,135.0888444821411,True
3095,120909,YANACANCHA,CHUPACA,JUNIN,65.68518518518518,False,82.69600918356684,True
3096,120132,SAÑO,HUANCAYO,JUNIN,816.4,False,11.77043757331895,True
3097,120303,PICHANAQUI,CHANCHAMAYO,JUNIN,1118.71875,False,34.60170708548875,True
3098,140205,PITIPO,FERREÑAFE,LAMBAYEQUE,691.8285714285714,False,40.9569638777987,True
3099,120807,SANTA BARBARA DE CARHUACAYAN,YAULI,JUNIN,24.989473684210523,False,92.79702937579928,True
3100,140201,FERREÑAFE,FERREÑAFE,LAMBAYEQUE,1710.4285714285716,False,17.85813981283386,True
3101,120135,SANTO DOMINGO DE ACOBAMBA,HUANCAYO,JUNIN,268.1379310344828,False,187.82495098948434,True
3102,120210,MATAHUASI,CONCEPCION,JUNIN,646.375,False,4.355524111612978,True
3103,120604,MAZAMARI,SATIPO,JUNIN,1065.8032786885246,False,,False
3104,120604,MAZAMARI,SATIPO,JUNIN,1065.8032786885246,False,51.531025168872134,True
3105,120801,LA OROYA,YAULI,JUNIN,349.3611111111111,False,0.90678277046469,True
3106,160305,URARINAS,LORETO,LORETO,293.6538461538462,False,,False
3107,160605,SARAYACU,UCAYALI,LORETO,676.5200000000001,False,,False
3108,120802,CHACAPALPA,YAULI,JUNIN,10.352941176470587,False,30.87234070422402,True
3109,120105,CHACAPAMPA,HUANCAYO,JUNIN,67.5,False,96.78069213116312,True
3110,160113,SAN JUAN BAUTISTA,MAYNAS,LORETO,3236.38,False,70.55038109289748,True
3111,160505,MAQUIA,REQUENA,LORETO,340.32000000000005,False,,False
3112,120405,CANCHAYLLO,JAUJA,JUNIN,118.42857142857143,False,65.73321712137627,True
3113,160112,BELEN,MAYNAS,LORETO,2504.548387096774,False,,False
3114,120709,TAPO,TARMA,JUNIN,404.8666666666666,False,62.58372817301481,True
3115,160706,ANDOAS,DATEM DEL MARAÑON,LORETO,221.87931034482762,False,,False
3116,120301,CHANCHAMAYO,CHANCHAMAYO,JUNIN,654.3684210526316,False,18.00579392555376,True
3117,140305,MOCHUMI,LAMBAYEQUE,LAMBAYEQUE,778.68,False,12.890014371046288,True
3118,160401,RAMON CASTILLA,MARISCAL RAMON CASTILLA,LORETO,595.7142857142858,False,,False
3119,120205,COCHAS,CONCEPCION,JUNIN,146.41666666666669,False,70.36803098837846,True
3120,120704,HUASAHUASI,TARMA,JUNIN,296.11538461538464,False,63.629879163656895,True
3121,120605,PAMPA HERMOSA,SATIPO,JUNIN,454.125,False,32.360293452818155,True
3122,120807,SANTA BARBARA DE CARHUACAYAN,YAULI,JUNIN,24.989473684210523,False,122.41234010613725,True
3123,140305,MOCHUMI,LAMBAYEQUE,LAMBAYEQUE,778.68,False,28.944580135722088,True
3124,140204,MANUEL ANTONIO MESONES MURO,FERREÑAFE,LAMBAYEQUE,193.36363636363635,False,32.94475330579124,True
3125,140116,CAYALTI,CHICLAYO,LAMBAYEQUE,1224.2307692307693,False,44.68029940442663,True
3126,120807,SANTA BARBARA DE CARHUACAYAN,YAULI,JUNIN,24.989473684210523,False,65.9712925110545,True
3127,120205,COCHAS,CONCEPCION,JUNIN,146.41666666666669,False,74.26513911869868,True
3128,140306,MORROPE,LAMBAYEQUE,LAMBAYEQUE,1282.5675675675675,False,27.417988150438287,True
3129,120807,SANTA BARBARA DE CARHUACAYAN,YAULI,JUNIN,24.989473684210523,False,80.02202136094645,True
3130,160401,RAMON CASTILLA,MARISCAL RAMON CASTILLA,LORETO,595.7142857142858,False,,False
3131,120419,MONOBAMBA,JAUJA,JUNIN,95.9090909090909,False,131.2473318685025,True
3132,160113,SAN JUAN BAUTISTA,MAYNAS,LORETO,3236.38,False,47.81288302967763,True
3133,160303,TIGRE,LORETO,LORETO,279.48387096774195,False,,False
3134,140110,OYOTUN,CHICLAYO,LAMBAYEQUE,449.0454545454545,False,89.93909745634886,True
3135,120803,HUAY-HUAY,YAULI,JUNIN,22.333333333333332,False,48.12790461539906,True
3136,160112,BELEN,MAYNAS,LORETO,2504.548387096774,False,,False
3137,160507,SAQUENA,REQUENA,LORETO,558.3333333333333,False,,False
3138,160304,TROMPETEROS,LORETO,LORETO,533.1428571428572,False,,False
3139,120802,CHACAPALPA,YAULI,JUNIN,10.352941176470587,False,39.16465013878331,True
3140,120301,CHANCHAMAYO,CHANCHAMAYO,JUNIN,654.3684210526316,False,34.55832600381501,True
3141,160305,URARINAS,LORETO,LORETO,293.6538461538462,False,,False
3142,120303,PICHANAQUI,CHANCHAMAYO,JUNIN,1118.71875,False,44.73387823086342,True
3143,120503,ONDORES,JUNIN,JUNIN,23.740259740259738,False,41.69742876594989,True
3144,120124,PARIAHUANCA,HUANCAYO,JUNIN,174.75757575757575,True,87.5141638931926,True
3145,160402,PEBAS,MARISCAL RAMON CASTILLA,LORETO,346.1372549019608,False,,False
3146,140304,JAYANCA,LAMBAYEQUE,LAMBAYEQUE,601.3000000000001,False,35.18999433413269,True
3147,160705,PASTAZA,DATEM DEL MARAÑON,LORETO,138.2127659574468,False,,False
3148,120701,TARMA,TARMA,JUNIN,941.4285714285714,False,3.3617579429190885,True
3149,140202,CAÑARIS,FERREÑAFE,LAMBAYEQUE,528.1071428571429,False,161.1791940944475,True
3150,120603,LLAYLLA,SATIPO,JUNIN,401.0625,False,26.674688631688767,True
3151,160403,YAVARI,MARISCAL RAMON CASTILLA,LORETO,362.55555555555554,False,,False
3152,160705,PASTAZA,DATEM DEL MARAÑON,LORETO,138.2127659574468,False,,False
3153,120606,PANGOA,SATIPO,JUNIN,618.2346938775511,False,75.99051678416217,True
3154,160705,PASTAZA,DATEM DEL MARAÑON,LORETO,138.2127659574468,False,,False
3155,120503,ONDORES,JUNIN,JUNIN,23.740259740259738,False,58.5071518152573,True
3156,120809,SUITUCANCHA,YAULI,JUNIN,15.599999999999998,False,66.06740537562614,True
3157,120302,PERENE,CHANCHAMAYO,JUNIN,902.7325581395348,False,62.750753917193755,True
3158,160103,FERNANDO LORES,MAYNAS,LORETO,349.93220338983053,False,,False
3159,120608,RIO TAMBO,SATIPO,JUNIN,729.2738095238095,False,76.7415550070897,True
3160,120804,MARCAPOMACOCHA,YAULI,JUNIN,14.252747252747252,False,86.15047633967708,True
3161,120423,PACCHA,JAUJA,JUNIN,164.09090909090907,False,21.10027322863163,True
3162,120904,HUACHAC,CHUPACA,JUNIN,1006.75,False,18.161052338436594,True
3163,160201,YURIMAGUAS,ALTO AMAZONAS,LORETO,1234.1166666666666,False,13.211192980329754,True
3164,160404,SAN PABLO,MARISCAL RAMON CASTILLA,LORETO,575.0,False,,False
3165,160110,TORRES CAUSANA,MAYNAS,LORETO,327.375,False,,False
3166,160106,MAZAN,MAYNAS,LORETO,379.9189189189189,False,,False
3167,120206,COMAS,CONCEPCION,JUNIN,134.95555555555555,False,42.5998645393091,True
3168,120802,CHACAPALPA,YAULI,JUNIN,10.352941176470587,False,39.16465013878331,True
3169,160702,CAHUAPANAS,DATEM DEL MARAÑON,LORETO,278.6774193548387,False,,False
3170,120708,SAN PEDRO DE CAJAS,TARMA,JUNIN,153.21621621621622,False,40.63887791509072,True
3171,120119,HUANCAN,HUANCAYO,JUNIN,3624.0,False,6.898635829731482,True
3172,120608,RIO TAMBO,SATIPO,JUNIN,729.2738095238095,False,46.69310550565582,True
3173,140117,PATAPO,CHICLAYO,LAMBAYEQUE,1343.7058823529412,False,29.76953683495685,True
3174,160110,TORRES CAUSANA,MAYNAS,LORETO,327.375,False,,False
3175,120415,MARCO,JAUJA,JUNIN,397.5,False,20.833654902763655,True
3176,120203,ANDAMARCA,CONCEPCION,JUNIN,206.1818181818182,False,133.17029817638948,True
3177,120503,ONDORES,JUNIN,JUNIN,23.740259740259738,False,41.69742876594989,True
3178,160605,SARAYACU,UCAYALI,LORETO,676.5200000000001,False,,False
3179,120803,HUAY-HUAY,YAULI,JUNIN,22.333333333333332,False,37.56118124257077,True
3180,120209,MARISCAL CASTILLA,CONCEPCION,JUNIN,118.0,False,77.74683317358212,True
3181,160801,PUTUMAYO,PUTUMAYO,LORETO,241.16666666666666,False,,False
3182,120306,VITOC,CHANCHAMAYO,JUNIN,96.33333333333333,False,26.360286549968766,True
3183,120608,RIO TAMBO,SATIPO,JUNIN,729.2738095238095,False,448.05052726477203,True
3184,140202,CAÑARIS,FERREÑAFE,LAMBAYEQUE,528.1071428571429,False,200.64583745202296,True
3185,160803,TENIENTE MANUEL CLAVERO,PUTUMAYO,LORETO,237.04000000000002,False,,False
3186,140119,PUCALA,CHICLAYO,LAMBAYEQUE,597.1999999999999,False,40.06979025859168,True
3187,120135,SANTO DOMINGO DE ACOBAMBA,HUANCAYO,JUNIN,268.1379310344828,False,,False
3188,120302,PERENE,CHANCHAMAYO,JUNIN,902.7325581395348,False,36.6262735841552,True
3189,160606,VARGAS GUERRA,UCAYALI,LORETO,829.5454545454545,False,,False
3190,160702,CAHUAPANAS,DATEM DEL MARAÑON,LORETO,278.6774193548387,False,,False
3191,120708,SAN PEDRO DE CAJAS,TARMA,JUNIN,153.21621621621622,False,50.24326171255396,True
3192,120135,SANTO DOMINGO DE ACOBAMBA,HUANCAYO,JUNIN,268.1379310344828,False,185.35073091240017,True
3193,120807,SANTA BARBARA DE CARHUACAYAN,YAULI,JUNIN,24.989473684210523,False,103.8162159913614,True
3194,120304,SAN LUIS DE SHUARO,CHANCHAMAYO,JUNIN,435.0,False,61.47193911496995,True
3195,120807,SANTA BARBARA DE CARHUACAYAN,YAULI,JUNIN,24.989473684210523,False,57.413008613254085,True
3196,120706,PALCA,TARMA,JUNIN,223.4,False,27.74485554168357,True
3197,120303,PICHANAQUI,CHANCHAMAYO,JUNIN,1118.71875,False,20.664055996510196,True
3198,120306,VITOC,CHANCHAMAYO,JUNIN,96.33333333333333,False,42.699022033609324,True
3199,140306,MORROPE,LAMBAYEQUE,LAMBAYEQUE,1282.5675675675675,False,32.66967231166356,True
3200,120503,ONDORES,JUNIN,JUNIN,23.740259740259738,False,62.36944011682015,True
3201,140307,MOTUPE,LAMBAYEQUE,LAMBAYEQUE,749.5833333333334,False,41.71500352684571,True
3202,160301,NAUTA,LORETO,LORETO,567.2407407407408,False,,False
3203,160404,SAN PABLO,MARISCAL RAMON CASTILLA,LORETO,575.0,False,,False
3204,160202,BALSAPUERTO,ALTO AMAZONAS,LORETO,311.0689655172414,False,96.46979442837137,True
3205,140205,PITIPO,FERREÑAFE,LAMBAYEQUE,691.8285714285714,False,23.20212495627048,True
3206,140204,MANUEL ANTONIO MESONES MURO,FERREÑAFE,LAMBAYEQUE,193.36363636363635,False,26.692954889627387,True
3207,140203,INCAHUASI,FERREÑAFE,LAMBAYEQUE,302.5576923076923,False,144.68295114508499,True
3208,120425,PARCO,JAUJA,JUNIN,164.57142857142858,False,25.270756057653376,True
3209,120101,HUANCAYO,HUANCAYO,JUNIN,7439.062500000001,False,2.6985054467669856,True
3210,120411,JANJAILLO,JAUJA,JUNIN,68.1,False,34.31119662791786,True
3211,120403,APATA,JAUJA,JUNIN,83.34693877551021,False,46.24522216016112,True
3212,140304,JAYANCA,LAMBAYEQUE,LAMBAYEQUE,601.3000000000001,False,51.83091832169018,True
3213,120301,CHANCHAMAYO,CHANCHAMAYO,JUNIN,654.3684210526316,False,9.422180639906863,True
3214,160502,ALTO TAPICHE,REQUENA,LORETO,164.53846153846155,False,,False
3215,120206,COMAS,CONCEPCION,JUNIN,134.95555555555555,False,91.21526849657987,True
3216,140309,PACORA,LAMBAYEQUE,LAMBAYEQUE,429.3529411764706,False,28.40861025780451,True
3217,160402,PEBAS,MARISCAL RAMON CASTILLA,LORETO,346.1372549019608,False,,False
3218,120124,PARIAHUANCA,HUANCAYO,JUNIN,174.75757575757575,False,95.84896826886194,True
3219,140305,MOCHUMI,LAMBAYEQUE,LAMBAYEQUE,778.68,False,18.28991968040038,True
3220,120210,MATAHUASI,CONCEPCION,JUNIN,646.375,False,9.367941749161899,True
3221,140310,SALAS,LAMBAYEQUE,LAMBAYEQUE,200.86153846153846,False,104.8769126744271,True
3222,120809,SUITUCANCHA,YAULI,JUNIN,15.599999999999998,False,57.16644332236106,True
3223,160105,LAS AMAZONAS,MAYNAS,LORETO,283.59999999999997,False,,False
3224,120112,COLCA,HUANCAYO,JUNIN,159.0769230769231,False,75.15442235362823,True
3225,160107,NAPO,MAYNAS,LORETO,371.00000000000006,False,1.0612911341455187,True
3226,160206,LAGUNAS,ALTO AMAZONAS,LORETO,520.8571428571429,False,,False
3227,120704,HUASAHUASI,TARMA,JUNIN,296.11538461538464,False,81.73651493529168,True
3228,120608,RIO TAMBO,SATIPO,JUNIN,729.2738095238095,False,66.54156369278347,True
3229,160202,BALSAPUERTO,ALTO AMAZONAS,LORETO,311.0689655172414,False,,False
3230,140309,PACORA,LAMBAYEQUE,LAMBAYEQUE,429.3529411764706,True,27.77640978916859,True
3231,120302,PERENE,CHANCHAMAYO,JUNIN,902.7325581395348,False,36.57051683939887,True
3232,120603,LLAYLLA,SATIPO,JUNIN,401.0625,False,25.471593269510127,True
3233,120804,MARCAPOMACOCHA,YAULI,JUNIN,14.252747252747252,False,77.64401753927162,True
3234,140301,LAMBAYEQUE,LAMBAYEQUE,LAMBAYEQUE,2049.0769230769233,False,9.519793656769753,True
3235,140111,PICSI,CHICLAYO,LAMBAYEQUE,1423.5714285714287,False,12.29441833095875,True
3236,160703,MANSERICHE,DATEM DEL MARAÑON,LORETO,396.55555555555554,False,,False
3237,120706,PALCA,TARMA,JUNIN,223.4,False,,False
3238,120303,PICHANAQUI,CHANCHAMAYO,JUNIN,1118.71875,False,5.270555094569865,True
3239,160704,MORONA,DATEM DEL MARAÑON,LORETO,324.0238095238095,False,,False
3240,120135,SANTO DOMINGO DE ACOBAMBA,HUANCAYO,JUNIN,268.1379310344828,False,153.97762079788225,True
3241,160305,URARINAS,LORETO,LORETO,293.6538461538462,False,,False
3242,160701,BARRANCA,DATEM DEL MARAÑON,LORETO,379.5405405405405,False,,False
3243,120504,ULCUMAYO,JUNIN,JUNIN,93.27419354838709,False,101.81275507763958,True
3244,120207,HEROINAS TOLEDO,CONCEPCION,JUNIN,119.30000000000001,False,16.463360273495418,True
3245,140308,OLMOS,LAMBAYEQUE,LAMBAYEQUE,437.7578947368421,False,120.8157493988387,True
3246,120112,COLCA,HUANCAYO,JUNIN,159.0769230769231,False,63.81520564118938,True
3247,140203,INCAHUASI,FERREÑAFE,LAMBAYEQUE,302.5576923076923,False,135.85894646751035,True
3248,120114,EL TAMBO,HUANCAYO,JUNIN,6923.458333333333,False,2.5554986072526376,True
3249,120803,HUAY-HUAY,YAULI,JUNIN,22.333333333333332,False,46.92692466545157,True
3250,160102,ALTO NANAY,MAYNAS,LORETO,102.13333333333334,False,,False
3251,120111,CHUPURO,HUANCAYO,JUNIN,194.66666666666666,False,43.468150180602315,True
3252,140118,POMALCA,CHICLAYO,LAMBAYEQUE,2870.1111111111113,False,13.400066618264862,True
3253,140306,MORROPE,LAMBAYEQUE,LAMBAYEQUE,1282.5675675675675,False,31.171637391464078,True
3254,120804,MARCAPOMACOCHA,YAULI,JUNIN,14.252747252747252,False,87.93972895753635,True
3255,140303,ILLIMO,LAMBAYEQUE,LAMBAYEQUE,941.5000000000001,False,25.863115642096133,True
3256,160503,CAPELO,REQUENA,LORETO,507.1111111111111,False,,False
3257,120803,HUAY-HUAY,YAULI,JUNIN,22.333333333333332,False,39.65477958900503,True
3258,120909,YANACANCHA,CHUPACA,JUNIN,65.68518518518518,False,96.705710188026,True
3259,120707,PALCAMAYO,TARMA,JUNIN,382.92,False,19.493869570494617,True
3260,120609,VIZCATAN DEL ENE,SATIPO,JUNIN,223.3125,False,224.72586041920815,True
3261,140307,MOTUPE,LAMBAYEQUE,LAMBAYEQUE,749.5833333333334,False,50.5004378773604,True
3262,120804,MARCAPOMACOCHA,YAULI,JUNIN,14.252747252747252,False,98.26991638270778,True
3263,120101,HUANCAYO,HUANCAYO,JUNIN,7439.062500000001,False,8.765102316022944,True
3264,140307,MOTUPE,LAMBAYEQUE,LAMBAYEQUE,749.5833333333334,False,66.89611176393836,True
3265,160802,ROSA PANDURO,PUTUMAYO,LORETO,82.77777777777777,False,,False
3266,120707,PALCAMAYO,TARMA,JUNIN,382.92,False,26.790763292527824,True
3267,120419,MONOBAMBA,JAUJA,JUNIN,95.9090909090909,False,62.026117380246625,True
3268,160402,PEBAS,MARISCAL RAMON CASTILLA,LORETO,346.1372549019608,False,,False
3269,140105,JOSE LEONARDO ORTIZ,CHICLAYO,LAMBAYEQUE,11714.352941176472,False,8.013651982526149,True
3270,160304,TROMPETEROS,LORETO,LORETO,533.1428571428572,False,,False
3271,120501,JUNIN,JUNIN,JUNIN,96.85714285714286,False,7.689167766152478,True
3272,160103,FERNANDO LORES,MAYNAS,LORETO,349.93220338983053,False,,False
3273,120302,PERENE,CHANCHAMAYO,JUNIN,902.7325581395348,False,26.170542334545395,True
3274,120608,RIO TAMBO,SATIPO,JUNIN,729.2738095238095,False,432.52322796794016,True
3275,140310,SALAS,LAMBAYEQUE,LAMBAYEQUE,200.86153846153846,False,168.03966865208517,True
3276,140120,TUMAN,CHICLAYO,LAMBAYEQUE,2362.538461538462,False,22.20565452420463,True
3277,160304,TROMPETEROS,LORETO,LORETO,533.1428571428572,False,,False
3278,140309,PACORA,LAMBAYEQUE,LAMBAYEQUE,429.3529411764706,False,32.47747460173394,True
3279,120606,PANGOA,SATIPO,JUNIN,618.2346938775511,False,,False
3280,160202,BALSAPUERTO,ALTO AMAZONAS,LORETO,311.0689655172414,False,,False
3281,120126,PUCARA,HUANCAYO,JUNIN,455.27272727272725,False,35.02659875054814,True
3282,120403,APATA,JAUJA,JUNIN,83.34693877551021,False,16.576817698064367,True
3283,120602,COVIRIALI,SATIPO,JUNIN,372.4705882352941,False,16.1254923980974,True
3284,160108,PUNCHANA,MAYNAS,LORETO,3038.7419354838707,False,17.205615055667966,True
3285,120801,LA OROYA,YAULI,JUNIN,349.3611111111111,False,7.3630740533762955,True
3286,140112,PIMENTEL,CHICLAYO,LAMBAYEQUE,1706.4814814814818,False,0.9555993201499078,True
3287,160506,PUINAHUA,REQUENA,LORETO,617.0,False,,False
3288,140312,TUCUME,LAMBAYEQUE,LAMBAYEQUE,1108.952380952381,False,26.31437475340481,True
3289,160402,PEBAS,MARISCAL RAMON CASTILLA,LORETO,346.1372549019608,False,,False
3290,120606,PANGOA,SATIPO,JUNIN,618.2346938775511,False,83.6091916086065,True
3291,120120,HUASICANCHA,HUANCAYO,JUNIN,120.28571428571429,False,83.78149142905687,True
3292,160701,BARRANCA,DATEM DEL MARAÑON,LORETO,379.5405405405405,False,,False
3293,160103,FERNANDO LORES,MAYNAS,LORETO,349.93220338983053,False,,False
3294,160706,ANDOAS,DATEM DEL MARAÑON,LORETO,221.87931034482762,False,,False
3295,120504,ULCUMAYO,JUNIN,JUNIN,93.27419354838709,False,68.87882376051553,True
3296,120709,TAPO,TARMA,JUNIN,404.8666666666666,False,28.705098143946508,True
3297,120132,SAÑO,HUANCAYO,JUNIN,816.4,False,11.41988242603015,True
3298,120108,CHONGOS ALTO,HUANCAYO,JUNIN,33.475,False,62.93806335715156,True
3299,160201,YURIMAGUAS,ALTO AMAZONAS,LORETO,1234.1166666666666,False,,False
3300,120501,JUNIN,JUNIN,JUNIN,96.85714285714286,False,16.595249409709062,True
3301,120206,COMAS,CONCEPCION,JUNIN,134.95555555555555,False,58.71656456501432,True
3302,120302,PERENE,CHANCHAMAYO,JUNIN,902.7325581395348,False,30.056058101146913,True
3303,120601,SATIPO,SATIPO,JUNIN,650.0597014925373,False,80.4164033004485,True
3304,160803,TENIENTE MANUEL CLAVERO,PUTUMAYO,LORETO,237.04000000000002,False,,False
3305,160211,TENIENTE CESAR LOPEZ ROJAS,ALTO AMAZONAS,LORETO,306.5,False,,False
3306,120902,AHUAC,CHUPACA,JUNIN,423.7142857142857,False,19.136843962123056,True
3307,120427,RICRAN,JAUJA,JUNIN,48.96874999999999,False,37.12768557567564,True
3308,160706,ANDOAS,DATEM DEL MARAÑON,LORETO,221.87931034482762,False,,False
3309,140203,INCAHUASI,FERREÑAFE,LAMBAYEQUE,302.5576923076923,False,135.89883226930922,True
3310,160703,MANSERICHE,DATEM DEL MARAÑON,LORETO,396.55555555555554,False,,False
3311,160202,BALSAPUERTO,ALTO AMAZONAS,LORETO,311.0689655172414,False,,False
3312,160102,ALTO NANAY,MAYNAS,LORETO,102.13333333333334,False,,False
3313,120609,VIZCATAN DEL ENE,SATIPO,JUNIN,223.3125,False,248.0640864268375,True
3314,120704,HUASAHUASI,TARMA,JUNIN,296.11538461538464,False,77.96986678395517,True
3315,120503,ONDORES,JUNIN,JUNIN,23.740259740259738,False,63.625151444438934,True
3316,160506,PUINAHUA,REQUENA,LORETO,617.0,False,,False
3317,120804,MARCAPOMACOCHA,YAULI,JUNIN,14.252747252747252,False,,False
3318,140108,MONSEFU,CHICLAYO,LAMBAYEQUE,1404.9565217391305,False,11.572553677669942,True
3319,160106,MAZAN,MAYNAS,LORETO,379.9189189189189,False,,False
3320,120301,CHANCHAMAYO,CHANCHAMAYO,JUNIN,654.3684210526316,False,90.20729236256156,True
3321,140310,SALAS,LAMBAYEQUE,LAMBAYEQUE,200.86153846153846,False,91.72953118202557,True
3322,140120,TUMAN,CHICLAYO,LAMBAYEQUE,2362.538461538462,True,15.39154016157739,True
3323,120205,COCHAS,CONCEPCION,JUNIN,146.41666666666669,False,96.1450384262169,True
3324,120606,PANGOA,SATIPO,JUNIN,618.2346938775511,False,17.733421550887627,True
3325,160112,BELEN,MAYNAS,LORETO,2504.548387096774,False,,False
3326,120708,SAN PEDRO DE CAJAS,TARMA,JUNIN,153.21621621621622,False,16.986020541216867,True
3327,160801,PUTUMAYO,PUTUMAYO,LORETO,241.16666666666666,False,,False
3328,120203,ANDAMARCA,CONCEPCION,JUNIN,206.1818181818182,False,108.59837431275827,True
3329,120809,SUITUCANCHA,YAULI,JUNIN,15.599999999999998,False,66.06740537562614,True
3330,120804,MARCAPOMACOCHA,YAULI,JUNIN,14.252747252747252,False,122.47969406422747,True
3331,160303,TIGRE,LORETO,LORETO,279.48387096774195,False,,False
3332,120608,RIO TAMBO,SATIPO,JUNIN,729.2738095238095,False,64.09080276125442,True
3333,120431,SINCOS,JAUJA,JUNIN,307.0,False,32.79967143192318,True
3334,120302,PERENE,CHANCHAMAYO,JUNIN,902.7325581395348,True,23.410243881067295,True
3335,120301,CHANCHAMAYO,CHANCHAMAYO,JUNIN,654.3684210526316,False,23.002852450796986,True
3336,160504,EMILIO SAN MARTIN,REQUENA,LORETO,424.2777777777778,False,,False
3337,160301,NAUTA,LORETO,LORETO,567.2407407407408,False,,False
3338,120809,SUITUCANCHA,YAULI,JUNIN,15.599999999999998,False,75.30570905384243,True
3339,120501,JUNIN,JUNIN,JUNIN,96.85714285714286,False,3.412546958846723,True
3340,160103,FERNANDO LORES,MAYNAS,LORETO,349.93220338983053,False,,False
3341,160703,MANSERICHE,DATEM DEL MARAÑON,LORETO,396.55555555555554,False,,False
3342,160505,MAQUIA,REQUENA,LORETO,340.32000000000005,False,,False
3343,120504,ULCUMAYO,JUNIN,JUNIN,93.27419354838709,False,62.283466948675965,True
3344,120701,TARMA,TARMA,JUNIN,941.4285714285714,False,16.174034348742754,True
3345,120403,APATA,JAUJA,JUNIN,83.34693877551021,False,92.11505796875934,True
3346,120403,APATA,JAUJA,JUNIN,83.34693877551021,False,59.876909745585614,True
3347,160803,TENIENTE MANUEL CLAVERO,PUTUMAYO,LORETO,237.04000000000002,False,,False
3348,120704,HUASAHUASI,TARMA,JUNIN,296.11538461538464,False,68.09761822351264,True
3349,160702,CAHUAPANAS,DATEM DEL MARAÑON,LORETO,278.6774193548387,False,,False
3350,120708,SAN PEDRO DE CAJAS,TARMA,JUNIN,153.21621621621622,False,88.02466688288166,True
3351,140306,MORROPE,LAMBAYEQUE,LAMBAYEQUE,1282.5675675675675,False,22.772052027793343,True
3352,160601,CONTAMANA,UCAYALI,LORETO,638.5909090909091,False,,False
3353,140308,OLMOS,LAMBAYEQUE,LAMBAYEQUE,437.7578947368421,False,153.44787958071635,True
3354,140308,OLMOS,LAMBAYEQUE,LAMBAYEQUE,437.7578947368421,False,87.10220099468397,True
3355,120605,PAMPA HERMOSA,SATIPO,JUNIN,454.125,False,23.72087323353358,True
3356,120601,SATIPO,SATIPO,JUNIN,650.0597014925373,False,31.642236572091484,True
3357,160501,REQUENA,REQUENA,LORETO,1107.2857142857142,False,,False
3358,160604,PAMPA HERMOSA,UCAYALI,LORETO,615.6111111111111,False,,False
3359,120108,CHONGOS ALTO,HUANCAYO,JUNIN,33.475,False,61.600600349953076,True
3360,120410,HUERTAS,JAUJA,JUNIN,205.50000000000003,False,6.849722582978615,True
3361,120807,SANTA BARBARA DE CARHUACAYAN,YAULI,JUNIN,24.989473684210523,False,96.8424449664851,True
3362,120105,CHACAPAMPA,HUANCAYO,JUNIN,67.5,False,66.57812733340243,True
3363,140310,SALAS,LAMBAYEQUE,LAMBAYEQUE,200.86153846153846,False,126.07933193347245,True
3364,140109,NUEVA ARICA,CHICLAYO,LAMBAYEQUE,582.75,False,86.26134562833624,True
3365,160511,YAQUERANA,REQUENA,LORETO,237.69230769230768,False,,False
3366,120606,PANGOA,SATIPO,JUNIN,618.2346938775511,False,5.206184845257561,True
3367,140205,PITIPO,FERREÑAFE,LAMBAYEQUE,691.8285714285714,False,62.271500775827334,True
3368,140301,LAMBAYEQUE,LAMBAYEQUE,LAMBAYEQUE,2049.0769230769233,False,11.053959839905975,True
3369,120425,PARCO,JAUJA,JUNIN,164.57142857142858,False,25.270756057653376,True
3370,120608,RIO TAMBO,SATIPO,JUNIN,729.2738095238095,False,47.5497099985732,True
3371,140304,JAYANCA,LAMBAYEQUE,LAMBAYEQUE,601.3000000000001,False,32.73061382850153,True
3372,160202,BALSAPUERTO,ALTO AMAZONAS,LORETO,311.0689655172414,False,,False
3373,160704,MORONA,DATEM DEL MARAÑON,LORETO,324.0238095238095,False,,False
3374,120501,JUNIN,JUNIN,JUNIN,96.85714285714286,False,25.76766313383462,True
3375,160402,PEBAS,MARISCAL RAMON CASTILLA,LORETO,346.1372549019608,False,,False
3376,140112,PIMENTEL,CHICLAYO,LAMBAYEQUE,1706.4814814814818,False,6.501517203877828,True
3377,120412,JULCAN,JAUJA,JUNIN,111.83333333333333,False,13.575799073195167,True
3378,160706,ANDOAS,DATEM DEL MARAÑON,LORETO,221.87931034482762,False,,False
3379,160106,MAZAN,MAYNAS,LORETO,379.9189189189189,False,,False
3380,160601,CONTAMANA,UCAYALI,LORETO,638.5909090909091,False,,False
3381,160103,FERNANDO LORES,MAYNAS,LORETO,349.93220338983053,False,,False
3382,160403,YAVARI,MARISCAL RAMON CASTILLA,LORETO,362.55555555555554,False,,False
3383,120301,CHANCHAMAYO,CHANCHAMAYO,JUNIN,654.3684210526316,False,36.60184232343218,True
3384,160601,CONTAMANA,UCAYALI,LORETO,638.5909090909091,False,,False
3385,120305,SAN RAMON,CHANCHAMAYO,JUNIN,746.7567567567568,False,31.50617398155594,True
3386,120604,MAZAMARI,SATIPO,JUNIN,1065.8032786885246,False,48.39619074677419,True
3387,160202,BALSAPUERTO,ALTO AMAZONAS,LORETO,311.0689655172414,False,107.6024094835139,True
3388,160701,BARRANCA,DATEM DEL MARAÑON,LORETO,379.5405405405405,False,,False
3389,120810,YAULI,YAULI,JUNIN,113.62222222222222,False,53.33350782584433,True
3390,140202,CAÑARIS,FERREÑAFE,LAMBAYEQUE,528.1071428571429,False,206.35039498181848,True
3391,120803,HUAY-HUAY,YAULI,JUNIN,22.333333333333332,False,48.12790461539906,True
3392,140119,PUCALA,CHICLAYO,LAMBAYEQUE,597.1999999999999,False,34.809531089319535,True
3393,160702,CAHUAPANAS,DATEM DEL MARAÑON,LORETO,278.6774193548387,False,,False
3394,120416,MASMA,JAUJA,JUNIN,344.16666666666663,False,13.125352304258257,True
3395,160105,LAS AMAZONAS,MAYNAS,LORETO,283.59999999999997,False,,False
3396,120429,SAN PEDRO DE CHUNAN,JAUJA,JUNIN,419.5,False,6.863085986708739,True
3397,120810,YAULI,YAULI,JUNIN,113.62222222222222,False,26.87407246189133,True
3398,120809,SUITUCANCHA,YAULI,JUNIN,15.599999999999998,False,56.95493334064156,True
3399,120421,MUQUIYAUYO,JAUJA,JUNIN,736.6666666666666,False,12.676607079264194,True
3400,160112,BELEN,MAYNAS,LORETO,2504.548387096774,False,57.132350760096756,True
3401,160210,SANTA CRUZ,ALTO AMAZONAS,LORETO,188.95833333333334,False,,False
3402,120305,SAN RAMON,CHANCHAMAYO,JUNIN,746.7567567567568,False,18.736580248854196,True
3403,160210,SANTA CRUZ,ALTO AMAZONAS,LORETO,188.95833333333334,False,,False
3404,120303,PICHANAQUI,CHANCHAMAYO,JUNIN,1118.71875,False,32.55777457861069,True
3405,120304,SAN LUIS DE SHUARO,CHANCHAMAYO,JUNIN,435.0,False,36.404594167275526,True
3406,140308,OLMOS,LAMBAYEQUE,LAMBAYEQUE,437.7578947368421,False,102.63533596560846,True
3407,120807,SANTA BARBARA DE CARHUACAYAN,YAULI,JUNIN,24.989473684210523,False,84.91829091421674,True
3408,120804,MARCAPOMACOCHA,YAULI,JUNIN,14.252747252747252,False,84.76756806570658,True
3409,160103,FERNANDO LORES,MAYNAS,LORETO,349.93220338983053,False,,False
3410,120214,SAN JOSE DE QUERO,CONCEPCION,JUNIN,254.41666666666669,False,68.41577364725978,True
3411,120105,CHACAPAMPA,HUANCAYO,JUNIN,67.5,False,61.68999444817202,True
3412,140107,LAGUNAS,CHICLAYO,LAMBAYEQUE,549.2631578947369,False,28.77767926794142,True
3413,120412,JULCAN,JAUJA,JUNIN,111.83333333333333,False,12.174419104996,True
3414,120809,SUITUCANCHA,YAULI,JUNIN,15.599999999999998,False,82.49127716976338,True
3415,120418,MOLINOS,JAUJA,JUNIN,89.52941176470588,False,11.901429443527647,True
3416,160503,CAPELO,REQUENA,LORETO,507.1111111111111,False,,False
3417,160301,NAUTA,LORETO,LORETO,567.2407407407408,False,,False
3418,120804,MARCAPOMACOCHA,YAULI,JUNIN,14.252747252747252,False,,False
3419,160113,SAN JUAN BAUTISTA,MAYNAS,LORETO,3236.38,False,58.157571940070646,True
3420,140308,OLMOS,LAMBAYEQUE,LAMBAYEQUE,437.7578947368421,False,98.8638979582139,True
3421,120503,ONDORES,JUNIN,JUNIN,23.740259740259738,False,60.90164850344087,True
3422,120214,SAN JOSE DE QUERO,CONCEPCION,JUNIN,254.41666666666669,False,42.27901977510147,True
3423,160606,VARGAS GUERRA,UCAYALI,LORETO,829.5454545454545,False,,False
3424,140201,FERREÑAFE,FERREÑAFE,LAMBAYEQUE,1710.4285714285716,False,20.904419620947948,True
3425,120503,ONDORES,JUNIN,JUNIN,23.740259740259738,False,55.23771679410691,True
3426,120133,SAPALLANGA,HUANCAYO,JUNIN,858.6,False,20.430756343483512,True
3427,120426,POMACANCHA,JAUJA,JUNIN,131.66666666666669,False,40.18762550888633,True
3428,120802,CHACAPALPA,YAULI,JUNIN,10.352941176470587,False,88.28895810359958,True
3429,120503,ONDORES,JUNIN,JUNIN,23.740259740259738,False,57.413008613254085,True
3430,120807,SANTA BARBARA DE CARHUACAYAN,YAULI,JUNIN,24.989473684210523,False,111.24907669481901,True
3431,120302,PERENE,CHANCHAMAYO,JUNIN,902.7325581395348,False,32.17961582198027,True
3432,120603,LLAYLLA,SATIPO,JUNIN,401.0625,False,35.91202357717678,True
3433,120427,RICRAN,JAUJA,JUNIN,48.96874999999999,False,42.849929766652664,True
3434,140310,SALAS,LAMBAYEQUE,LAMBAYEQUE,200.86153846153846,False,142.1308328256369,True
3435,140310,SALAS,LAMBAYEQUE,LAMBAYEQUE,200.86153846153846,False,123.26392797571137,True
3436,120302,PERENE,CHANCHAMAYO,JUNIN,902.7325581395348,False,31.337769967496143,True
3437,160107,NAPO,MAYNAS,LORETO,371.00000000000006,False,,False
3438,120810,YAULI,YAULI,JUNIN,113.62222222222222,False,28.32189421970714,True
3439,120601,SATIPO,SATIPO,JUNIN,650.0597014925373,False,31.642236572091484,True
3440,120427,RICRAN,JAUJA,JUNIN,48.96874999999999,False,52.76155992032299,True
3441,120303,PICHANAQUI,CHANCHAMAYO,JUNIN,1118.71875,False,54.156064662270964,True
3442,120807,SANTA BARBARA DE CARHUACAYAN,YAULI,JUNIN,24.989473684210523,False,91.62169711004776,True
3443,140117,PATAPO,CHICLAYO,LAMBAYEQUE,1343.7058823529412,False,17.227184769497654,True
3444,120209,MARISCAL CASTILLA,CONCEPCION,JUNIN,118.0,False,76.202555393776,True
3445,160301,NAUTA,LORETO,LORETO,567.2407407407408,False,,False
3446,160705,PASTAZA,DATEM DEL MARAÑON,LORETO,138.2127659574468,False,,False
3447,160106,MAZAN,MAYNAS,LORETO,379.9189189189189,False,,False
3448,120203,ANDAMARCA,CONCEPCION,JUNIN,206.1818181818182,False,119.01123727623518,True
3449,120802,CHACAPALPA,YAULI,JUNIN,10.352941176470587,False,39.16465013878331,True
3450,160501,REQUENA,REQUENA,LORETO,1107.2857142857142,False,,False
3451,160112,BELEN,MAYNAS,LORETO,2504.548387096774,False,,False
3452,120608,RIO TAMBO,SATIPO,JUNIN,729.2738095238095,False,148.77891712631748,True
3453,160505,MAQUIA,REQUENA,LORETO,340.32000000000005,False,,False
3454,120606,PANGOA,SATIPO,JUNIN,618.2346938775511,False,34.71973429488925,True
3455,120503,ONDORES,JUNIN,JUNIN,23.740259740259738,False,24.815255432242978,True
3456,120708,SAN PEDRO DE CAJAS,TARMA,JUNIN,153.21621621621622,False,73.05159280254078,True
3457,120134,SICAYA,HUANCAYO,JUNIN,907.3333333333333,False,9.175760318753765,True
3458,120606,PANGOA,SATIPO,JUNIN,618.2346938775511,False,68.94527926016228,True
3459,120709,TAPO,TARMA,JUNIN,404.8666666666666,False,35.50039423184269,True
3460,120302,PERENE,CHANCHAMAYO,JUNIN,902.7325581395348,False,66.0828142312403,True
3461,140308,OLMOS,LAMBAYEQUE,LAMBAYEQUE,437.7578947368421,False,84.04366987904665,True
3462,120807,SANTA BARBARA DE CARHUACAYAN,YAULI,JUNIN,24.989473684210523,False,105.91313062423214,True
3463,120803,HUAY-HUAY,YAULI,JUNIN,22.333333333333332,False,,False
3464,160403,YAVARI,MARISCAL RAMON CASTILLA,LORETO,362.55555555555554,False,,False
3465,120807,SANTA BARBARA DE CARHUACAYAN,YAULI,JUNIN,24.989473684210523,False,103.8162159913614,True
3466,140105,JOSE LEONARDO ORTIZ,CHICLAYO,LAMBAYEQUE,11714.352941176472,False,7.384075432650772,True
3467,160509,TAPICHE,REQUENA,LORETO,207.5,False,,False
3468,120206,COMAS,CONCEPCION,JUNIN,134.95555555555555,False,65.24475784887981,True
3469,120905,HUAMANCACA CHICO,CHUPACA,JUNIN,2042.0,True,3.5155914470387644,True
3470,120432,TUNAN MARCA,JAUJA,JUNIN,291.25,False,34.98081858412755,True
3471,160202,BALSAPUERTO,ALTO AMAZONAS,LORETO,311.0689655172414,False,,False
3472,160510,JENARO HERRERA,REQUENA,LORETO,822.0,False,,False
3473,120302,PERENE,CHANCHAMAYO,JUNIN,902.7325581395348,False,50.837463792752004,True
3474,160402,PEBAS,MARISCAL RAMON CASTILLA,LORETO,346.1372549019608,False,,False
3475,160801,PUTUMAYO,PUTUMAYO,LORETO,241.16666666666666,False,,False
3476,160701,BARRANCA,DATEM DEL MARAÑON,LORETO,379.5405405405405,False,,False
3477,120809,SUITUCANCHA,YAULI,JUNIN,15.599999999999998,False,55.16376647416768,True
3478,160701,BARRANCA,DATEM DEL MARAÑON,LORETO,379.5405405405405,False,,False
3479,120203,ANDAMARCA,CONCEPCION,JUNIN,206.1818181818182,False,139.19713334724125,True
3480,120502,CARHUAMAYO,JUNIN,JUNIN,228.47058823529414,False,36.53271932862835,True
3481,120608,RIO TAMBO,SATIPO,JUNIN,729.2738095238095,False,64.71339284201532,True
3482,140309,PACORA,LAMBAYEQUE,LAMBAYEQUE,429.3529411764706,False,46.70876407340673,True
3483,120909,YANACANCHA,CHUPACA,JUNIN,65.68518518518518,False,86.07829245960548,True
3484,160507,SAQUENA,REQUENA,LORETO,558.3333333333333,False,,False
3485,140112,PIMENTEL,CHICLAYO,LAMBAYEQUE,1706.4814814814818,False,6.95371495318888,True
3486,120608,RIO TAMBO,SATIPO,JUNIN,729.2738095238095,False,65.61216692897673,True
3487,140114,SANTA ROSA,CHICLAYO,LAMBAYEQUE,4343.333333333333,False,15.523575922528282,True
3488,120909,YANACANCHA,CHUPACA,JUNIN,65.68518518518518,False,96.705710188026,True
3489,120807,SANTA BARBARA DE CARHUACAYAN,YAULI,JUNIN,24.989473684210523,False,115.74015588319884,True
3490,120803,HUAY-HUAY,YAULI,JUNIN,22.333333333333332,False,,False
3491,140306,MORROPE,LAMBAYEQUE,LAMBAYEQUE,1282.5675675675675,False,27.120707383408142,True
3492,120807,SANTA BARBARA DE CARHUACAYAN,YAULI,JUNIN,24.989473684210523,False,122.2388080904141,True
3493,140305,MOCHUMI,LAMBAYEQUE,LAMBAYEQUE,778.68,False,25.380598464923004,True
3494,160107,NAPO,MAYNAS,LORETO,371.00000000000006,False,,False
3495,120504,ULCUMAYO,JUNIN,JUNIN,93.27419354838709,False,122.42459162966665,True
3496,160110,TORRES CAUSANA,MAYNAS,LORETO,327.375,False,,False
3497,160113,SAN JUAN BAUTISTA,MAYNAS,LORETO,3236.38,False,4.6411097917460395,True
3498,160502,ALTO TAPICHE,REQUENA,LORETO,164.53846153846155,True,,False
3499,120802,CHACAPALPA,YAULI,JUNIN,10.352941176470587,False,47.660612611194125,True
3500,120704,HUASAHUASI,TARMA,JUNIN,296.11538461538464,False,80.60213459356271,True
3501,160704,MORONA,DATEM DEL MARAÑON,LORETO,324.0238095238095,False,,False
3502,120606,PANGOA,SATIPO,JUNIN,618.2346938775511,False,104.90217724408423,True
3503,120601,SATIPO,SATIPO,JUNIN,650.0597014925373,False,2.7766398436652495,True
3504,160404,SAN PABLO,MARISCAL RAMON CASTILLA,LORETO,575.0,False,,False
3505,120803,HUAY-HUAY,YAULI,JUNIN,22.333333333333332,False,48.11680212868452,True
3506,120807,SANTA BARBARA DE CARHUACAYAN,YAULI,JUNIN,24.989473684210523,False,92.97203172303527,True
3507,160105,LAS AMAZONAS,MAYNAS,LORETO,283.59999999999997,False,,False
3508,120804,MARCAPOMACOCHA,YAULI,JUNIN,14.252747252747252,False,72.53105661744499,True
3509,160504,EMILIO SAN MARTIN,REQUENA,LORETO,424.2777777777778,False,,False
3510,140206,PUEBLO NUEVO,FERREÑAFE,LAMBAYEQUE,1047.6153846153848,False,20.766776072262083,True
3511,120501,JUNIN,JUNIN,JUNIN,96.85714285714286,False,25.76766313383462,True
3512,160402,PEBAS,MARISCAL RAMON CASTILLA,LORETO,346.1372549019608,False,,False
3513,120425,PARCO,JAUJA,JUNIN,164.57142857142858,True,13.737992939945212,True
3514,120403,APATA,JAUJA,JUNIN,83.34693877551021,False,33.77579175522943,True
3515,140203,INCAHUASI,FERREÑAFE,LAMBAYEQUE,302.5576923076923,False,168.03966865208517,True
3516,120608,RIO TAMBO,SATIPO,JUNIN,729.2738095238095,False,,False
3517,140308,OLMOS,LAMBAYEQUE,LAMBAYEQUE,437.7578947368421,False,108.38263273431207,True
3518,120106,CHICCHE,HUANCAYO,JUNIN,112.625,False,54.90574004622063,True
3519,120209,MARISCAL CASTILLA,CONCEPCION,JUNIN,118.0,False,76.60316653249772,True
3520,120417,MASMA CHICCHE,JAUJA,JUNIN,126.16666666666667,False,20.890579051469533,True
3521,160211,TENIENTE CESAR LOPEZ ROJAS,ALTO AMAZONAS,LORETO,306.5,False,,False
3522,120502,CARHUAMAYO,JUNIN,JUNIN,228.47058823529414,False,45.286969184655675,True
3523,120503,ONDORES,JUNIN,JUNIN,23.740259740259738,False,48.9894708091268,True
3524,120807,SANTA BARBARA DE CARHUACAYAN,YAULI,JUNIN,24.989473684210523,False,98.77809703094111,True
3525,120106,CHICCHE,HUANCAYO,JUNIN,112.625,False,57.26060350130328,True
3526,120426,POMACANCHA,JAUJA,JUNIN,131.66666666666669,False,30.9878073343301,True
3527,140304,JAYANCA,LAMBAYEQUE,LAMBAYEQUE,601.3000000000001,False,34.503793856431464,True
3528,120426,POMACANCHA,JAUJA,JUNIN,131.66666666666669,False,36.16815599766735,True
3529,160201,YURIMAGUAS,ALTO AMAZONAS,LORETO,1234.1166666666666,False,,False
3530,160210,SANTA CRUZ,ALTO AMAZONAS,LORETO,188.95833333333334,False,,False
3531,120602,COVIRIALI,SATIPO,JUNIN,372.4705882352941,False,6.732891677509443,True
3532,140308,OLMOS,LAMBAYEQUE,LAMBAYEQUE,437.7578947368421,False,148.28777279770526,True
3533,120606,PANGOA,SATIPO,JUNIN,618.2346938775511,False,125.22145394278101,True
3534,120106,CHICCHE,HUANCAYO,JUNIN,112.625,False,48.8362991533767,True
3535,120604,MAZAMARI,SATIPO,JUNIN,1065.8032786885246,False,22.489846397313087,True
3536,160113,SAN JUAN BAUTISTA,MAYNAS,LORETO,3236.38,False,51.78425336619061,True
3537,120121,HUAYUCACHI,HUANCAYO,JUNIN,2166.25,False,8.212963673942378,True
3538,120601,SATIPO,SATIPO,JUNIN,650.0597014925373,False,28.099691965237966,True
3539,140108,MONSEFU,CHICLAYO,LAMBAYEQUE,1404.9565217391305,False,16.93030109141266,True
3540,160501,REQUENA,REQUENA,LORETO,1107.2857142857142,False,,False
3541,160702,CAHUAPANAS,DATEM DEL MARAÑON,LORETO,278.6774193548387,False,,False
3542,160205,JEBEROS,ALTO AMAZONAS,LORETO,272.65000000000003,False,,False
3543,140101,CHICLAYO,CHICLAYO,LAMBAYEQUE,8778.44117647059,False,0.4835002331695144,True
3544,160701,BARRANCA,DATEM DEL MARAÑON,LORETO,379.5405405405405,False,,False
3545,160206,LAGUNAS,ALTO AMAZONAS,LORETO,520.8571428571429,False,,False
3546,120607,RIO NEGRO,SATIPO,JUNIN,650.0,False,14.105385840742514,True
3547,120504,ULCUMAYO,JUNIN,JUNIN,93.27419354838709,False,164.46764503835192,True
3548,120601,SATIPO,SATIPO,JUNIN,650.0597014925373,False,2.3355102569673196,True
3549,120706,PALCA,TARMA,JUNIN,223.4,False,15.036410573166231,True
3550,120302,PERENE,CHANCHAMAYO,JUNIN,902.7325581395348,False,81.02925928951406,True
3551,160305,URARINAS,LORETO,LORETO,293.6538461538462,False,,False
3552,140302,CHOCHOPE,LAMBAYEQUE,LAMBAYEQUE,124.66666666666666,False,68.05587460367073,True
3553,120801,LA OROYA,YAULI,JUNIN,349.3611111111111,False,42.17555648616002,True
3554,120414,LLOCLLAPAMPA,JAUJA,JUNIN,125.125,True,27.68183806073379,True
3555,160202,BALSAPUERTO,ALTO AMAZONAS,LORETO,311.0689655172414,False,110.52900938830018,True
3556,120403,APATA,JAUJA,JUNIN,83.34693877551021,False,56.00595082615273,True
3557,120120,HUASICANCHA,HUANCAYO,JUNIN,120.28571428571429,False,83.78149142905687,True
3558,120101,HUANCAYO,HUANCAYO,JUNIN,7439.062500000001,False,0.8667865998834496,True
3559,120804,MARCAPOMACOCHA,YAULI,JUNIN,14.252747252747252,False,90.5863163813719,True
3560,140305,MOCHUMI,LAMBAYEQUE,LAMBAYEQUE,778.68,True,15.493161069267089,True
3561,120802,CHACAPALPA,YAULI,JUNIN,10.352941176470587,False,34.82639453296512,True
3562,120406,CURICACA,JAUJA,JUNIN,164.5,False,36.42835634138731,True
3563,140106,LA VICTORIA,CHICLAYO,LAMBAYEQUE,6204.599999999999,False,8.065125566247524,True
3564,120809,SUITUCANCHA,YAULI,JUNIN,15.599999999999998,False,57.81847419268127,True
3565,160601,CONTAMANA,UCAYALI,LORETO,638.5909090909091,False,,False
3566,160105,LAS AMAZONAS,MAYNAS,LORETO,283.59999999999997,False,,False
3567,120606,PANGOA,SATIPO,JUNIN,618.2346938775511,False,67.94796578693224,True
3568,120701,TARMA,TARMA,JUNIN,941.4285714285714,False,4.655373979118406,True
3569,120706,PALCA,TARMA,JUNIN,223.4,False,26.526086418394094,True
3570,120431,SINCOS,JAUJA,JUNIN,307.0,False,31.069027662612108,True
3571,160701,BARRANCA,DATEM DEL MARAÑON,LORETO,379.5405405405405,False,,False
3572,120606,PANGOA,SATIPO,JUNIN,618.2346938775511,False,12.969436785644202,True
3573,140106,LA VICTORIA,CHICLAYO,LAMBAYEQUE,6204.599999999999,False,5.9028056542524,True
3574,160106,MAZAN,MAYNAS,LORETO,379.9189189189189,False,,False
3575,160601,CONTAMANA,UCAYALI,LORETO,638.5909090909091,False,21.35839672136632,True
3576,120108,CHONGOS ALTO,HUANCAYO,JUNIN,33.475,False,64.99973070609391,True
3577,120701,TARMA,TARMA,JUNIN,941.4285714285714,False,5.504006553659658,True
3578,120705,LA UNION,TARMA,JUNIN,312.4,False,23.305652101143973,True
3579,120806,PACCHA,YAULI,JUNIN,58.89285714285714,False,13.925021167987214,True
3580,120902,AHUAC,CHUPACA,JUNIN,423.7142857142857,False,35.958651782080885,True
3581,140110,OYOTUN,CHICLAYO,LAMBAYEQUE,449.0454545454545,False,82.27130209944511,True
3582,160211,TENIENTE CESAR LOPEZ ROJAS,ALTO AMAZONAS,LORETO,306.5,False,,False
3583,160301,NAUTA,LORETO,LORETO,567.2407407407408,False,,False
3584,120403,APATA,JAUJA,JUNIN,83.34693877551021,False,46.24522216016112,True
3585,160705,PASTAZA,DATEM DEL MARAÑON,LORETO,138.2127659574468,False,,False
3586,140304,JAYANCA,LAMBAYEQUE,LAMBAYEQUE,601.3000000000001,False,37.04893967119794,True
3587,140309,PACORA,LAMBAYEQUE,LAMBAYEQUE,429.3529411764706,False,30.448384925347963,True
3588,120601,SATIPO,SATIPO,JUNIN,650.0597014925373,False,47.920426404891785,True
3589,160103,FERNANDO LORES,MAYNAS,LORETO,349.93220338983053,False,,False
3590,160705,PASTAZA,DATEM DEL MARAÑON,LORETO,138.2127659574468,False,,False
3591,120412,JULCAN,JAUJA,JUNIN,111.83333333333333,False,11.901429443527647,True
3592,160112,BELEN,MAYNAS,LORETO,2504.548387096774,False,,False
3593,120606,PANGOA,SATIPO,JUNIN,618.2346938775511,False,65.50325175216327,True
3594,120606,PANGOA,SATIPO,JUNIN,618.2346938775511,False,77.54884378965313,True
3595,120402,ACOLLA,JAUJA,JUNIN,555.0,False,19.366197678868,True
3596,120909,YANACANCHA,CHUPACA,JUNIN,65.68518518518518,False,,False
3597,160113,SAN JUAN BAUTISTA,MAYNAS,LORETO,3236.38,False,77.49645245982259,True
3598,120804,MARCAPOMACOCHA,YAULI,JUNIN,14.252747252747252,False,117.31275956427889,True
3599,120704,HUASAHUASI,TARMA,JUNIN,296.11538461538464,False,43.494950258884295,True
3600,120501,JUNIN,JUNIN,JUNIN,96.85714285714286,False,25.205215771963587,True
3601,120101,HUANCAYO,HUANCAYO,JUNIN,7439.062500000001,False,13.438396018853139,True
3602,160104,INDIANA,MAYNAS,LORETO,363.64516129032256,False,,False
3603,120504,ULCUMAYO,JUNIN,JUNIN,93.27419354838709,False,46.75283417203408,True
3604,140308,OLMOS,LAMBAYEQUE,LAMBAYEQUE,437.7578947368421,False,111.50959670360207,True
3605,120604,MAZAMARI,SATIPO,JUNIN,1065.8032786885246,False,56.99887157331541,True
3606,120403,APATA,JAUJA,JUNIN,83.34693877551021,False,14.94152519623074,True
3607,160107,NAPO,MAYNAS,LORETO,371.00000000000006,False,,False
3608,160202,BALSAPUERTO,ALTO AMAZONAS,LORETO,311.0689655172414,False,110.52900938830018,True
3609,160112,BELEN,MAYNAS,LORETO,2504.548387096774,False,2.39893320555472,True
3610,120802,CHACAPALPA,YAULI,JUNIN,10.352941176470587,False,36.04681994596654,True
3611,160305,URARINAS,LORETO,LORETO,293.6538461538462,False,,False
3612,160802,ROSA PANDURO,PUTUMAYO,LORETO,82.77777777777777,False,,False
3613,120804,MARCAPOMACOCHA,YAULI,JUNIN,14.252747252747252,False,90.5863163813719,True
3614,140305,MOCHUMI,LAMBAYEQUE,LAMBAYEQUE,778.68,False,12.890014371046288,True
3615,120423,PACCHA,JAUJA,JUNIN,164.09090909090907,False,29.016811746370585,True
3616,140309,PACORA,LAMBAYEQUE,LAMBAYEQUE,429.3529411764706,False,31.929294780849226,True
3617,160107,NAPO,MAYNAS,LORETO,371.00000000000006,False,,False
3618,120206,COMAS,CONCEPCION,JUNIN,134.95555555555555,False,89.34798052079849,True
3619,120909,YANACANCHA,CHUPACA,JUNIN,65.68518518518518,False,121.92010644541632,True
3620,160705,PASTAZA,DATEM DEL MARAÑON,LORETO,138.2127659574468,False,,False
3621,140203,INCAHUASI,FERREÑAFE,LAMBAYEQUE,302.5576923076923,False,143.94987034879045,True
3622,120305,SAN RAMON,CHANCHAMAYO,JUNIN,746.7567567567568,False,4.208329857714087,True
3623,120207,HEROINAS TOLEDO,CONCEPCION,JUNIN,119.30000000000001,False,15.611567772090464,True
3624,120134,SICAYA,HUANCAYO,JUNIN,907.3333333333333,False,13.711923719942845,True
3625,160705,PASTAZA,DATEM DEL MARAÑON,LORETO,138.2127659574468,False,,False
3626,120116,HUACRAPUQUIO,HUANCAYO,JUNIN,212.33333333333334,False,26.96996392510876,True
3627,160301,NAUTA,LORETO,LORETO,567.2407407407408,False,,False
3628,120801,LA OROYA,YAULI,JUNIN,349.3611111111111,False,42.17555648616002,True
3629,160304,TROMPETEROS,LORETO,LORETO,533.1428571428572,False,,False
3630,120501,JUNIN,JUNIN,JUNIN,96.85714285714286,False,17.846560723441044,True
3631,140312,TUCUME,LAMBAYEQUE,LAMBAYEQUE,1108.952380952381,False,25.3953774177671,True
3632,120802,CHACAPALPA,YAULI,JUNIN,10.352941176470587,False,39.015294724206676,True
3633,120909,YANACANCHA,CHUPACA,JUNIN,65.68518518518518,False,56.99765725480623,True
3634,160403,YAVARI,MARISCAL RAMON CASTILLA,LORETO,362.55555555555554,False,,False
3635,120203,ANDAMARCA,CONCEPCION,JUNIN,206.1818181818182,False,126.48916279702372,True
3636,160706,ANDOAS,DATEM DEL MARAÑON,LORETO,221.87931034482762,False,,False
3637,160304,TROMPETEROS,LORETO,LORETO,533.1428571428572,False,,False
3638,140202,CAÑARIS,FERREÑAFE,LAMBAYEQUE,528.1071428571429,False,198.58630549763663,True
3639,120129,SAN AGUSTIN,HUANCAYO,JUNIN,1992.5,False,19.32715657839938,True
3640,120808,SANTA ROSA DE SACCO,YAULI,JUNIN,743.7857142857143,False,36.42406208970183,True
3641,120503,ONDORES,JUNIN,JUNIN,23.740259740259738,False,46.44410915514007,True
3642,120609,VIZCATAN DEL ENE,SATIPO,JUNIN,223.3125,True,233.85573211781877,True
3643,160101,IQUITOS,MAYNAS,LORETO,10790.857142857143,False,1.997676453671886,True
3644,120132,SAÑO,HUANCAYO,JUNIN,816.4,False,13.51371089668614,True
3645,120304,SAN LUIS DE SHUARO,CHANCHAMAYO,JUNIN,435.0,False,50.46005856414738,True
3646,120306,VITOC,CHANCHAMAYO,JUNIN,96.33333333333333,False,,False
3647,120128,QUILCAS,HUANCAYO,JUNIN,152.42857142857142,False,,False
3648,120135,SANTO DOMINGO DE ACOBAMBA,HUANCAYO,JUNIN,268.1379310344828,False,162.98133180054788,True
3649,120214,SAN JOSE DE QUERO,CONCEPCION,JUNIN,254.41666666666669,False,43.56379571832146,True
3650,120801,LA OROYA,YAULI,JUNIN,349.3611111111111,False,22.867613062552564,True
3651,120423,PACCHA,JAUJA,JUNIN,164.09090909090907,False,25.270756057653376,True
3652,160112,BELEN,MAYNAS,LORETO,2504.548387096774,False,,False
3653,120403,APATA,JAUJA,JUNIN,83.34693877551021,False,,False
3654,160303,TIGRE,LORETO,LORETO,279.48387096774195,False,,False
3655,120706,PALCA,TARMA,JUNIN,223.4,False,59.6310654927146,True
3656,160601,CONTAMANA,UCAYALI,LORETO,638.5909090909091,False,,False
3657,140311,SAN JOSE,LAMBAYEQUE,LAMBAYEQUE,2106.375,False,11.71104965341641,True
3658,120504,ULCUMAYO,JUNIN,JUNIN,93.27419354838709,False,53.99775288982297,True
3659,160206,LAGUNAS,ALTO AMAZONAS,LORETO,520.8571428571429,False,,False
3660,120701,TARMA,TARMA,JUNIN,941.4285714285714,False,0.5818160648850966,True
3661,120306,VITOC,CHANCHAMAYO,JUNIN,96.33333333333333,False,54.09884012357053,True
3662,120128,QUILCAS,HUANCAYO,JUNIN,152.42857142857142,False,51.99574066163288,True
3663,120809,SUITUCANCHA,YAULI,JUNIN,15.599999999999998,False,55.16376647416768,True
3664,120302,PERENE,CHANCHAMAYO,JUNIN,902.7325581395348,False,37.99180055181554,True
3665,140306,MORROPE,LAMBAYEQUE,LAMBAYEQUE,1282.5675675675675,False,52.044466356017104,True
3666,120305,SAN RAMON,CHANCHAMAYO,JUNIN,746.7567567567568,False,20.486360299701033,True
3667,120135,SANTO DOMINGO DE ACOBAMBA,HUANCAYO,JUNIN,268.1379310344828,False,177.39707637787942,True
3668,160108,PUNCHANA,MAYNAS,LORETO,3038.7419354838707,False,,False
3669,140120,TUMAN,CHICLAYO,LAMBAYEQUE,2362.538461538462,False,16.237891539549032,True
3670,120501,JUNIN,JUNIN,JUNIN,96.85714285714286,False,16.86947834637691,True
3671,120604,MAZAMARI,SATIPO,JUNIN,1065.8032786885246,False,66.56243772028687,True
3672,160706,ANDOAS,DATEM DEL MARAÑON,LORETO,221.87931034482762,False,,False
3673,120101,HUANCAYO,HUANCAYO,JUNIN,7439.062500000001,False,0.9035765251710743,True
3674,140306,MORROPE,LAMBAYEQUE,LAMBAYEQUE,1282.5675675675675,False,27.120707383408142,True
3675,140108,MONSEFU,CHICLAYO,LAMBAYEQUE,1404.9565217391305,False,12.560313300946106,True
3676,140310,SALAS,LAMBAYEQUE,LAMBAYEQUE,200.86153846153846,False,140.7355310152948,True
3677,120418,MOLINOS,JAUJA,JUNIN,89.52941176470588,False,22.627353680264253,True
3678,140203,INCAHUASI,FERREÑAFE,LAMBAYEQUE,302.5576923076923,False,116.75068974481705,True
3679,120601,SATIPO,SATIPO,JUNIN,650.0597014925373,False,2.104759336042309,True
3680,160103,FERNANDO LORES,MAYNAS,LORETO,349.93220338983053,False,,False
3681,120902,AHUAC,CHUPACA,JUNIN,423.7142857142857,False,20.394193481050156,True
3682,160103,FERNANDO LORES,MAYNAS,LORETO,349.93220338983053,False,,False
3683,120106,CHICCHE,HUANCAYO,JUNIN,112.625,False,57.875963699558895,True
3684,120204,CHAMBARA,CONCEPCION,JUNIN,320.2222222222222,False,26.539397915868992,True
3685,160301,NAUTA,LORETO,LORETO,567.2407407407408,False,,False
3686,120124,PARIAHUANCA,HUANCAYO,JUNIN,174.75757575757575,False,70.7969268360494,True
3687,140203,INCAHUASI,FERREÑAFE,LAMBAYEQUE,302.5576923076923,False,135.89883226930922,True
3688,140202,CAÑARIS,FERREÑAFE,LAMBAYEQUE,528.1071428571429,False,206.35039498181848,True
3689,120502,CARHUAMAYO,JUNIN,JUNIN,228.47058823529414,False,50.389790309669166,True
3690,140113,REQUE,CHICLAYO,LAMBAYEQUE,1398.7272727272727,False,13.856070344257548,True
3691,160108,PUNCHANA,MAYNAS,LORETO,3038.7419354838707,False,1.8156573586068543,True
3692,120501,JUNIN,JUNIN,JUNIN,96.85714285714286,False,,False
3693,120804,MARCAPOMACOCHA,YAULI,JUNIN,14.252747252747252,False,109.42067785096614,True
3694,140101,CHICLAYO,CHICLAYO,LAMBAYEQUE,8778.44117647059,False,7.868818719928758,True
3695,160106,MAZAN,MAYNAS,LORETO,379.9189189189189,False,,False
3696,140305,MOCHUMI,LAMBAYEQUE,LAMBAYEQUE,778.68,False,13.41427761912338,True
3697,120502,CARHUAMAYO,JUNIN,JUNIN,228.47058823529414,False,50.389790309669166,True
3698,160303,TIGRE,LORETO,LORETO,279.48387096774195,False,,False
3699,160706,ANDOAS,DATEM DEL MARAÑON,LORETO,221.87931034482762,False,,False
3700,120302,PERENE,CHANCHAMAYO,JUNIN,902.7325581395348,False,52.15779540492716,True
3701,160706,ANDOAS,DATEM DEL MARAÑON,LORETO,221.87931034482762,False,,False
3702,120604,MAZAMARI,SATIPO,JUNIN,1065.8032786885246,False,51.216747371916355,True
3703,120206,COMAS,CONCEPCION,JUNIN,134.95555555555555,False,66.04051630332971,True
3704,140203,INCAHUASI,FERREÑAFE,LAMBAYEQUE,302.5576923076923,False,156.0801755496537,True
3705,120419,MONOBAMBA,JAUJA,JUNIN,95.9090909090909,False,,False
3706,120808,SANTA ROSA DE SACCO,YAULI,JUNIN,743.7857142857143,False,10.905944442714777,True
3707,160206,LAGUNAS,ALTO AMAZONAS,LORETO,520.8571428571429,False,,False
3708,160505,MAQUIA,REQUENA,LORETO,340.32000000000005,False,,False
3709,120909,YANACANCHA,CHUPACA,JUNIN,65.68518518518518,False,62.292109269600516,True
3710,160205,JEBEROS,ALTO AMAZONAS,LORETO,272.65000000000003,False,,False
3711,120305,SAN RAMON,CHANCHAMAYO,JUNIN,746.7567567567568,False,58.46549813860643,True
3712,120403,APATA,JAUJA,JUNIN,83.34693877551021,False,34.531714412319516,True
3713,120605,PAMPA HERMOSA,SATIPO,JUNIN,454.125,False,28.613618494473553,True
3714,160702,CAHUAPANAS,DATEM DEL MARAÑON,LORETO,278.6774193548387,False,,False
3715,140119,PUCALA,CHICLAYO,LAMBAYEQUE,597.1999999999999,False,31.171016066974843,True
3716,120114,EL TAMBO,HUANCAYO,JUNIN,6923.458333333333,False,2.7708286211302315,True
3717,160103,FERNANDO LORES,MAYNAS,LORETO,349.93220338983053,False,,False
3718,120303,PICHANAQUI,CHANCHAMAYO,JUNIN,1118.71875,False,9.49180842573148,True
3719,120201,CONCEPCION,CONCEPCION,JUNIN,2144.285714285714,True,4.339110019121553,True
3720,120206,COMAS,CONCEPCION,JUNIN,134.95555555555555,False,61.91789903894549,True
3721,160403,YAVARI,MARISCAL RAMON CASTILLA,LORETO,362.55555555555554,False,,False
3722,160705,PASTAZA,DATEM DEL MARAÑON,LORETO,138.2127659574468,False,,False
3723,160112,BELEN,MAYNAS,LORETO,2504.548387096774,False,32.09554065165548,True
3724,120701,TARMA,TARMA,JUNIN,941.4285714285714,False,28.296958331161377,True
3725,120206,COMAS,CONCEPCION,JUNIN,134.95555555555555,False,66.3174275151427,True
3726,120305,SAN RAMON,CHANCHAMAYO,JUNIN,746.7567567567568,False,12.155918952382038,True
3727,120431,SINCOS,JAUJA,JUNIN,307.0,False,42.3481835764086,True
3728,160202,BALSAPUERTO,ALTO AMAZONAS,LORETO,311.0689655172414,False,40.91555923064259,True
3729,140308,OLMOS,LAMBAYEQUE,LAMBAYEQUE,437.7578947368421,False,135.20947705264948,True
3730,120107,CHILCA,HUANCAYO,JUNIN,9777.0,False,1.377883801782599,True
3731,120606,PANGOA,SATIPO,JUNIN,618.2346938775511,False,90.0236276912024,True
3732,160704,MORONA,DATEM DEL MARAÑON,LORETO,324.0238095238095,False,,False
3733,160104,INDIANA,MAYNAS,LORETO,363.64516129032256,False,,False
3734,160107,NAPO,MAYNAS,LORETO,371.00000000000006,False,,False
3735,160705,PASTAZA,DATEM DEL MARAÑON,LORETO,138.2127659574468,False,,False
3736,120501,JUNIN,JUNIN,JUNIN,96.85714285714286,False,5.0482755808331365,True
3737,120810,YAULI,YAULI,JUNIN,113.62222222222222,False,44.209169144425125,True
3738,160103,FERNANDO LORES,MAYNAS,LORETO,349.93220338983053,False,,False
3739,120503,ONDORES,JUNIN,JUNIN,23.740259740259738,False,59.66860904760985,True
3740,160210,SANTA CRUZ,ALTO AMAZONAS,LORETO,188.95833333333334,False,,False
3741,140203,INCAHUASI,FERREÑAFE,LAMBAYEQUE,302.5576923076923,False,90.77815463990036,True
3742,120808,SANTA ROSA DE SACCO,YAULI,JUNIN,743.7857142857143,False,36.42406208970183,True
3743,120605,PAMPA HERMOSA,SATIPO,JUNIN,454.125,False,44.159664520483595,True
3744,120608,RIO TAMBO,SATIPO,JUNIN,729.2738095238095,False,446.3293692190275,True
3745,160705,PASTAZA,DATEM DEL MARAÑON,LORETO,138.2127659574468,False,,False
3746,160211,TENIENTE CESAR LOPEZ ROJAS,ALTO AMAZONAS,LORETO,306.5,False,,False
3747,120701,TARMA,TARMA,JUNIN,941.4285714285714,False,29.083094075061926,True
3748,120202,ACO,CONCEPCION,JUNIN,796.0,False,33.31988777347046,True
3749,120126,PUCARA,HUANCAYO,JUNIN,455.27272727272725,False,14.856795516608607,True
3750,160105,LAS AMAZONAS,MAYNAS,LORETO,283.59999999999997,False,,False
3751,120504,ULCUMAYO,JUNIN,JUNIN,93.27419354838709,False,128.67556072277387,True
3752,120101,HUANCAYO,HUANCAYO,JUNIN,7439.062500000001,False,3.6774386840467312,True
3753,120605,PAMPA HERMOSA,SATIPO,JUNIN,454.125,False,8.872371457105244,True
3754,160104,INDIANA,MAYNAS,LORETO,363.64516129032256,False,,False
3755,160202,BALSAPUERTO,ALTO AMAZONAS,LORETO,311.0689655172414,False,,False
3756,160108,PUNCHANA,MAYNAS,LORETO,3038.7419354838707,False,25.233512662627714,True
3757,140203,INCAHUASI,FERREÑAFE,LAMBAYEQUE,302.5576923076923,False,149.91113304324418,True
3758,140114,SANTA ROSA,CHICLAYO,LAMBAYEQUE,4343.333333333333,True,17.68298090079705,True
3759,140206,PUEBLO NUEVO,FERREÑAFE,LAMBAYEQUE,1047.6153846153848,False,24.29695141591751,True
3760,160705,PASTAZA,DATEM DEL MARAÑON,LORETO,138.2127659574468,False,,False
3761,120807,SANTA BARBARA DE CARHUACAYAN,YAULI,JUNIN,24.989473684210523,False,74.09206570409204,True
3762,120903,CHONGOS BAJO,CHUPACA,JUNIN,190.76190476190476,False,39.414041586808914,True
3763,140118,POMALCA,CHICLAYO,LAMBAYEQUE,2870.1111111111113,False,9.40513189109164,True
3764,120112,COLCA,HUANCAYO,JUNIN,159.0769230769231,False,40.527497954094265,True
3765,160102,ALTO NANAY,MAYNAS,LORETO,102.13333333333334,False,,False
3766,120604,MAZAMARI,SATIPO,JUNIN,1065.8032786885246,False,23.799407744177017,True
3767,120122,INGENIO,HUANCAYO,JUNIN,358.14285714285717,True,10.66062250569184,True
3768,120112,COLCA,HUANCAYO,JUNIN,159.0769230769231,False,60.87822193578405,True
3769,160703,MANSERICHE,DATEM DEL MARAÑON,LORETO,396.55555555555554,False,,False
3770,160103,FERNANDO LORES,MAYNAS,LORETO,349.93220338983053,False,,False
3771,160804,YAGUAS,PUTUMAYO,LORETO,113.8181818181818,False,,False
3772,160401,RAMON CASTILLA,MARISCAL RAMON CASTILLA,LORETO,595.7142857142858,False,,False
3773,160210,SANTA CRUZ,ALTO AMAZONAS,LORETO,188.95833333333334,False,,False
3774,160113,SAN JUAN BAUTISTA,MAYNAS,LORETO,3236.38,False,42.205479410232,True
3775,160301,NAUTA,LORETO,LORETO,567.2407407407408,False,,False
3776,160210,SANTA CRUZ,ALTO AMAZONAS,LORETO,188.95833333333334,False,,False
3777,120108,CHONGOS ALTO,HUANCAYO,JUNIN,33.475,False,87.50575316968019,True
3778,120503,ONDORES,JUNIN,JUNIN,23.740259740259738,False,25.630699785265094,True
3779,160603,PADRE MARQUEZ,UCAYALI,LORETO,564.3571428571429,False,,False
3780,120431,SINCOS,JAUJA,JUNIN,307.0,False,17.13507704271849,True
3781,160303,TIGRE,LORETO,LORETO,279.48387096774195,False,,False
3782,140107,LAGUNAS,CHICLAYO,LAMBAYEQUE,549.2631578947369,False,31.044355383139756,True
3783,120803,HUAY-HUAY,YAULI,JUNIN,22.333333333333332,False,48.12790461539906,True
3784,120605,PAMPA HERMOSA,SATIPO,JUNIN,454.125,False,56.25834508959597,True
3785,160101,IQUITOS,MAYNAS,LORETO,10790.857142857143,False,,False
3786,120119,HUANCAN,HUANCAYO,JUNIN,3624.0,False,9.033979337049617,True
3787,120804,MARCAPOMACOCHA,YAULI,JUNIN,14.252747252747252,False,,False
3788,120214,SAN JOSE DE QUERO,CONCEPCION,JUNIN,254.41666666666669,False,54.373089406403594,True
3789,160305,URARINAS,LORETO,LORETO,293.6538461538462,False,,False
3790,160401,RAMON CASTILLA,MARISCAL RAMON CASTILLA,LORETO,595.7142857142858,False,,False
3791,160103,FERNANDO LORES,MAYNAS,LORETO,349.93220338983053,False,,False
3792,160301,NAUTA,LORETO,LORETO,567.2407407407408,False,,False
3793,160103,FERNANDO LORES,MAYNAS,LORETO,349.93220338983053,False,,False
3794,140308,OLMOS,LAMBAYEQUE,LAMBAYEQUE,437.7578947368421,False,141.2651668768523,True
3795,120609,VIZCATAN DEL ENE,SATIPO,JUNIN,223.3125,False,259.7682207693486,True
3796,160102,ALTO NANAY,MAYNAS,LORETO,102.13333333333334,False,,False
3797,160704,MORONA,DATEM DEL MARAÑON,LORETO,324.0238095238095,False,,False
3798,120306,VITOC,CHANCHAMAYO,JUNIN,96.33333333333333,False,60.579763698407675,True
3799,160104,INDIANA,MAYNAS,LORETO,363.64516129032256,False,,False
3800,120701,TARMA,TARMA,JUNIN,941.4285714285714,False,5.990392253198689,True
3801,160401,RAMON CASTILLA,MARISCAL RAMON CASTILLA,LORETO,595.7142857142858,False,,False
3802,140308,OLMOS,LAMBAYEQUE,LAMBAYEQUE,437.7578947368421,False,91.76464957549645,True
3803,160301,NAUTA,LORETO,LORETO,567.2407407407408,True,109.67047961889367,True
3804,120206,COMAS,CONCEPCION,JUNIN,134.95555555555555,False,88.25526663406282,True
3805,120306,VITOC,CHANCHAMAYO,JUNIN,96.33333333333333,False,28.451501394055075,True
3806,140103,ETEN,CHICLAYO,LAMBAYEQUE,1766.5,False,19.713464855415104,True
3807,140101,CHICLAYO,CHICLAYO,LAMBAYEQUE,8778.44117647059,False,1.1632818557382896,True
3808,160202,BALSAPUERTO,ALTO AMAZONAS,LORETO,311.0689655172414,False,,False
3809,120111,CHUPURO,HUANCAYO,JUNIN,194.66666666666666,False,12.426199708947003,True
3810,120504,ULCUMAYO,JUNIN,JUNIN,93.27419354838709,False,58.95320179018482,True
3811,160501,REQUENA,REQUENA,LORETO,1107.2857142857142,False,,False
3812,140108,MONSEFU,CHICLAYO,LAMBAYEQUE,1404.9565217391305,False,9.59533574221309,True
3813,140113,REQUE,CHICLAYO,LAMBAYEQUE,1398.7272727272727,False,15.439906457402023,True
3814,120124,PARIAHUANCA,HUANCAYO,JUNIN,174.75757575757575,False,,False
3815,160202,BALSAPUERTO,ALTO AMAZONAS,LORETO,311.0689655172414,False,110.77876265677922,True
3816,140105,JOSE LEONARDO ORTIZ,CHICLAYO,LAMBAYEQUE,11714.352941176472,False,3.2707320976720804,True
3817,160103,FERNANDO LORES,MAYNAS,LORETO,349.93220338983053,False,,False
3818,120802,CHACAPALPA,YAULI,JUNIN,10.352941176470587,False,34.82639453296512,True
3819,120504,ULCUMAYO,JUNIN,JUNIN,93.27419354838709,False,26.23755106293287,True
3820,120116,HUACRAPUQUIO,HUANCAYO,JUNIN,212.33333333333334,False,28.42400280873328,True
3821,120105,CHACAPAMPA,HUANCAYO,JUNIN,67.5,False,64.93990234681752,True
3822,160402,PEBAS,MARISCAL RAMON CASTILLA,LORETO,346.1372549019608,False,,False
3823,160701,BARRANCA,DATEM DEL MARAÑON,LORETO,379.5405405405405,False,,False
3824,140308,OLMOS,LAMBAYEQUE,LAMBAYEQUE,437.7578947368421,False,133.5033612676624,True
3825,120304,SAN LUIS DE SHUARO,CHANCHAMAYO,JUNIN,435.0,False,61.47193911496995,True
3826,140115,SAÑA,CHICLAYO,LAMBAYEQUE,885.5,False,40.85872295605468,True
3827,160108,PUNCHANA,MAYNAS,LORETO,3038.7419354838707,False,39.28009942853282,True
3828,120601,SATIPO,SATIPO,JUNIN,650.0597014925373,False,13.0852917440394,True
3829,120703,HUARICOLCA,TARMA,JUNIN,295.5454545454545,True,13.804145319915778,True
3830,160701,BARRANCA,DATEM DEL MARAÑON,LORETO,379.5405405405405,False,,False
3831,120114,EL TAMBO,HUANCAYO,JUNIN,6923.458333333333,False,6.701353136403515,True
3832,120606,PANGOA,SATIPO,JUNIN,618.2346938775511,False,5.887799579463124,True
3833,160104,INDIANA,MAYNAS,LORETO,363.64516129032256,False,,False
3834,160505,MAQUIA,REQUENA,LORETO,340.32000000000005,False,,False
3835,120304,SAN LUIS DE SHUARO,CHANCHAMAYO,JUNIN,435.0,False,33.843914950987866,True
3836,160702,CAHUAPANAS,DATEM DEL MARAÑON,LORETO,278.6774193548387,False,,False
3837,140203,INCAHUASI,FERREÑAFE,LAMBAYEQUE,302.5576923076923,False,145.91230415524595,True
3838,140202,CAÑARIS,FERREÑAFE,LAMBAYEQUE,528.1071428571429,False,206.7975938711475,True
3839,160506,PUINAHUA,REQUENA,LORETO,617.0,False,,False
3840,120608,RIO TAMBO,SATIPO,JUNIN,729.2738095238095,False,77.91826304226669,True
3841,140201,FERREÑAFE,FERREÑAFE,LAMBAYEQUE,1710.4285714285716,False,29.21459284382051,True
3842,120210,MATAHUASI,CONCEPCION,JUNIN,646.375,False,6.246180707422423,True
3843,140115,SAÑA,CHICLAYO,LAMBAYEQUE,885.5,False,41.654980461334695,True
3844,120801,LA OROYA,YAULI,JUNIN,349.3611111111111,False,25.62710528188445,True
3845,120609,VIZCATAN DEL ENE,SATIPO,JUNIN,223.3125,False,224.72586041920815,True
3846,120806,PACCHA,YAULI,JUNIN,58.89285714285714,False,35.353979454091885,True
3847,120302,PERENE,CHANCHAMAYO,JUNIN,902.7325581395348,False,47.068744878647294,True
3848,120121,HUAYUCACHI,HUANCAYO,JUNIN,2166.25,False,5.68407784072849,True
3849,120305,SAN RAMON,CHANCHAMAYO,JUNIN,746.7567567567568,False,21.058300853791216,True
3850,160305,URARINAS,LORETO,LORETO,293.6538461538462,False,,False
3851,140308,OLMOS,LAMBAYEQUE,LAMBAYEQUE,437.7578947368421,False,132.55629183779507,True
3852,120802,CHACAPALPA,YAULI,JUNIN,10.352941176470587,False,88.28895810359958,True
3853,160206,LAGUNAS,ALTO AMAZONAS,LORETO,520.8571428571429,False,,False
3854,160106,MAZAN,MAYNAS,LORETO,379.9189189189189,False,,False
3855,120606,PANGOA,SATIPO,JUNIN,618.2346938775511,False,11.003453460839923,True
3856,120302,PERENE,CHANCHAMAYO,JUNIN,902.7325581395348,False,32.66397950164856,True
3857,120601,SATIPO,SATIPO,JUNIN,650.0597014925373,False,2.3672803478271547,True
3858,140203,INCAHUASI,FERREÑAFE,LAMBAYEQUE,302.5576923076923,False,186.72387908182793,True
3859,140305,MOCHUMI,LAMBAYEQUE,LAMBAYEQUE,778.68,False,22.494534473641803,True
3860,120608,RIO TAMBO,SATIPO,JUNIN,729.2738095238095,False,64.92908087289965,True
3861,140205,PITIPO,FERREÑAFE,LAMBAYEQUE,691.8285714285714,False,50.66760037398452,True
3862,160403,YAVARI,MARISCAL RAMON CASTILLA,LORETO,362.55555555555554,False,,False
3863,140202,CAÑARIS,FERREÑAFE,LAMBAYEQUE,528.1071428571429,False,210.9996682155314,True
3864,120107,CHILCA,HUANCAYO,JUNIN,9777.0,False,3.668342102064972,True
3865,120601,SATIPO,SATIPO,JUNIN,650.0597014925373,False,25.650869201996947,True
3866,120802,CHACAPALPA,YAULI,JUNIN,10.352941176470587,False,34.82639453296512,True
3867,120803,HUAY-HUAY,YAULI,JUNIN,22.333333333333332,False,34.724275734433654,True
3868,140305,MOCHUMI,LAMBAYEQUE,LAMBAYEQUE,778.68,False,18.701257675933274,True
3869,140116,CAYALTI,CHICLAYO,LAMBAYEQUE,1224.2307692307693,False,53.78422413169424,True
3870,120108,CHONGOS ALTO,HUANCAYO,JUNIN,33.475,False,131.3419820292032,True
3871,160201,YURIMAGUAS,ALTO AMAZONAS,LORETO,1234.1166666666666,False,21.968823837733066,True
3872,160201,YURIMAGUAS,ALTO AMAZONAS,LORETO,1234.1166666666666,False,1.7395974569552715,True
3873,140101,CHICLAYO,CHICLAYO,LAMBAYEQUE,8778.44117647059,False,1.581792378668279,True
3874,140304,JAYANCA,LAMBAYEQUE,LAMBAYEQUE,601.3000000000001,False,39.85227638302288,True
3875,120802,CHACAPALPA,YAULI,JUNIN,10.352941176470587,False,,False
3876,120209,MARISCAL CASTILLA,CONCEPCION,JUNIN,118.0,False,108.94708436857017,True
3877,160206,LAGUNAS,ALTO AMAZONAS,LORETO,520.8571428571429,False,,False
3878,120802,CHACAPALPA,YAULI,JUNIN,10.352941176470587,False,34.61244963617448,True
3879,120901,CHUPACA,CHUPACA,JUNIN,4481.4,False,12.30661456081389,True
3880,140308,OLMOS,LAMBAYEQUE,LAMBAYEQUE,437.7578947368421,False,147.64598340859717,True
3881,120504,ULCUMAYO,JUNIN,JUNIN,93.27419354838709,False,37.88096062531979,True
3882,120701,TARMA,TARMA,JUNIN,941.4285714285714,False,5.990392253198689,True
3883,160704,MORONA,DATEM DEL MARAÑON,LORETO,324.0238095238095,False,,False
3884,140310,SALAS,LAMBAYEQUE,LAMBAYEQUE,200.86153846153846,False,90.91931831781704,True
3885,120504,ULCUMAYO,JUNIN,JUNIN,93.27419354838709,False,55.19963648248161,True
3886,120128,QUILCAS,HUANCAYO,JUNIN,152.42857142857142,False,32.36394239289662,True
3887,120909,YANACANCHA,CHUPACA,JUNIN,65.68518518518518,False,117.13076949671563,True
3888,120301,CHANCHAMAYO,CHANCHAMAYO,JUNIN,654.3684210526316,False,33.778291745872075,True
3889,120903,CHONGOS BAJO,CHUPACA,JUNIN,190.76190476190476,False,35.223579500463,True
3890,140307,MOTUPE,LAMBAYEQUE,LAMBAYEQUE,749.5833333333334,False,41.71500352684571,True
3891,140304,JAYANCA,LAMBAYEQUE,LAMBAYEQUE,601.3000000000001,False,57.876937770092304,True
3892,140107,LAGUNAS,CHICLAYO,LAMBAYEQUE,549.2631578947369,False,34.559529173333544,True
3893,120305,SAN RAMON,CHANCHAMAYO,JUNIN,746.7567567567568,False,34.58205118122669,True
3894,160701,BARRANCA,DATEM DEL MARAÑON,LORETO,379.5405405405405,False,,False
3895,160706,ANDOAS,DATEM DEL MARAÑON,LORETO,221.87931034482762,False,,False
3896,120802,CHACAPALPA,YAULI,JUNIN,10.352941176470587,False,88.28895810359958,True
3897,140101,CHICLAYO,CHICLAYO,LAMBAYEQUE,8778.44117647059,False,1.8736790770259626,True
3898,140305,MOCHUMI,LAMBAYEQUE,LAMBAYEQUE,778.68,False,16.532200698975863,True
3899,140107,LAGUNAS,CHICLAYO,LAMBAYEQUE,549.2631578947369,False,47.883673572969826,True
3900,120302,PERENE,CHANCHAMAYO,JUNIN,902.7325581395348,False,43.81718409357287,True
3901,120504,ULCUMAYO,JUNIN,JUNIN,93.27419354838709,False,90.82742103794536,True
3902,120601,SATIPO,SATIPO,JUNIN,650.0597014925373,False,1.486119001150904,True
3903,160701,BARRANCA,DATEM DEL MARAÑON,LORETO,379.5405405405405,False,,False
3904,160505,MAQUIA,REQUENA,LORETO,340.32000000000005,False,,False
3905,160507,SAQUENA,REQUENA,LORETO,558.3333333333333,False,,False
3906,120704,HUASAHUASI,TARMA,JUNIN,296.11538461538464,False,55.078191162501504,True
3907,140202,CAÑARIS,FERREÑAFE,LAMBAYEQUE,528.1071428571429,False,194.0372567877043,True
3908,160706,ANDOAS,DATEM DEL MARAÑON,LORETO,221.87931034482762,False,,False
3909,140307,MOTUPE,LAMBAYEQUE,LAMBAYEQUE,749.5833333333334,False,58.5552431164566,True
3910,120416,MASMA,JAUJA,JUNIN,344.16666666666663,False,12.814152931777853,True
3911,160601,CONTAMANA,UCAYALI,LORETO,638.5909090909091,False,,False
3912,120503,ONDORES,JUNIN,JUNIN,23.740259740259738,False,49.354880327145864,True
3913,120419,MONOBAMBA,JAUJA,JUNIN,95.9090909090909,False,62.026117380246625,True
3914,160706,ANDOAS,DATEM DEL MARAÑON,LORETO,221.87931034482762,False,,False
3915,120806,PACCHA,YAULI,JUNIN,58.89285714285714,False,33.985433026308876,True
3916,120606,PANGOA,SATIPO,JUNIN,618.2346938775511,False,138.98563840499972,True
3917,160506,PUINAHUA,REQUENA,LORETO,617.0,False,,False
3918,140304,JAYANCA,LAMBAYEQUE,LAMBAYEQUE,601.3000000000001,False,32.73061382850153,True
3919,160501,REQUENA,REQUENA,LORETO,1107.2857142857142,False,,False
3920,120305,SAN RAMON,CHANCHAMAYO,JUNIN,746.7567567567568,False,14.434797002381748,True
3921,160606,VARGAS GUERRA,UCAYALI,LORETO,829.5454545454545,False,,False
3922,140205,PITIPO,FERREÑAFE,LAMBAYEQUE,691.8285714285714,False,35.42210408985349,True
3923,120306,VITOC,CHANCHAMAYO,JUNIN,96.33333333333333,False,45.62271688655659,True
3924,160103,FERNANDO LORES,MAYNAS,LORETO,349.93220338983053,False,,False
3925,120707,PALCAMAYO,TARMA,JUNIN,382.92,False,42.07213690478098,True
3926,160403,YAVARI,MARISCAL RAMON CASTILLA,LORETO,362.55555555555554,False,,False
3927,140113,REQUE,CHICLAYO,LAMBAYEQUE,1398.7272727272727,False,18.792858665718924,True
3928,160202,BALSAPUERTO,ALTO AMAZONAS,LORETO,311.0689655172414,False,,False
3929,120301,CHANCHAMAYO,CHANCHAMAYO,JUNIN,654.3684210526316,False,15.500144741409166,True
3930,120108,CHONGOS ALTO,HUANCAYO,JUNIN,33.475,False,,False
3931,160803,TENIENTE MANUEL CLAVERO,PUTUMAYO,LORETO,237.04000000000002,False,,False
3932,120504,ULCUMAYO,JUNIN,JUNIN,93.27419354838709,False,58.60815038131404,True
3933,160508,SOPLIN,REQUENA,LORETO,117.83333333333333,False,,False
3934,120417,MASMA CHICCHE,JAUJA,JUNIN,126.16666666666667,False,20.146983584701328,True
3935,140310,SALAS,LAMBAYEQUE,LAMBAYEQUE,200.86153846153846,False,119.65765957768953,True
3936,160106,MAZAN,MAYNAS,LORETO,379.9189189189189,False,,False
3937,160704,MORONA,DATEM DEL MARAÑON,LORETO,324.0238095238095,False,,False
3938,140301,LAMBAYEQUE,LAMBAYEQUE,LAMBAYEQUE,2049.0769230769233,False,11.625080591031159,True
3939,120804,MARCAPOMACOCHA,YAULI,JUNIN,14.252747252747252,False,88.59324447467532,True
3940,160305,URARINAS,LORETO,LORETO,293.6538461538462,False,,False
3941,120402,ACOLLA,JAUJA,JUNIN,555.0,False,7.23579523239566,True
3942,120136,VIQUES,HUANCAYO,JUNIN,749.0,True,9.6311880889113,True
3943,120802,CHACAPALPA,YAULI,JUNIN,10.352941176470587,False,34.61244963617448,True
3944,120709,TAPO,TARMA,JUNIN,404.8666666666666,False,39.58773136228735,True
3945,120420,MUQUI,JAUJA,JUNIN,239.99999999999997,False,13.079257856962741,True
3946,120403,APATA,JAUJA,JUNIN,83.34693877551021,False,30.05833010239593,True
3947,160505,MAQUIA,REQUENA,LORETO,340.32000000000005,False,,False
3948,120417,MASMA CHICCHE,JAUJA,JUNIN,126.16666666666667,True,20.72820237714684,True
3949,120810,YAULI,YAULI,JUNIN,113.62222222222222,False,17.722880831906288,True
3950,120124,PARIAHUANCA,HUANCAYO,JUNIN,174.75757575757575,False,75.82601199761554,True
3951,120120,HUASICANCHA,HUANCAYO,JUNIN,120.28571428571429,False,75.79448237708786,True
3952,120605,PAMPA HERMOSA,SATIPO,JUNIN,454.125,False,81.96043737663194,True
3953,120209,MARISCAL CASTILLA,CONCEPCION,JUNIN,118.0,False,96.5146681184845,True
3954,120901,CHUPACA,CHUPACA,JUNIN,4481.4,False,8.165686653583796,True
3955,160301,NAUTA,LORETO,LORETO,567.2407407407408,False,,False
3956,160705,PASTAZA,DATEM DEL MARAÑON,LORETO,138.2127659574468,False,,False
3957,120504,ULCUMAYO,JUNIN,JUNIN,93.27419354838709,False,63.87216449612508,True
3958,140301,LAMBAYEQUE,LAMBAYEQUE,LAMBAYEQUE,2049.0769230769233,False,1.0042088170552759,True
3959,120501,JUNIN,JUNIN,JUNIN,96.85714285714286,False,22.749172705414182,True
3960,160706,ANDOAS,DATEM DEL MARAÑON,LORETO,221.87931034482762,False,,False
3961,160703,MANSERICHE,DATEM DEL MARAÑON,LORETO,396.55555555555554,False,,False
3962,140311,SAN JOSE,LAMBAYEQUE,LAMBAYEQUE,2106.375,False,12.606588566922337,True
3963,120504,ULCUMAYO,JUNIN,JUNIN,93.27419354838709,False,62.283466948675965,True
3964,160303,TIGRE,LORETO,LORETO,279.48387096774195,False,,False
3965,160604,PAMPA HERMOSA,UCAYALI,LORETO,615.6111111111111,False,243.2988900336975,True
3966,160106,MAZAN,MAYNAS,LORETO,379.9189189189189,False,,False
3967,160402,PEBAS,MARISCAL RAMON CASTILLA,LORETO,346.1372549019608,False,,False
3968,160506,PUINAHUA,REQUENA,LORETO,617.0,False,,False
3969,140307,MOTUPE,LAMBAYEQUE,LAMBAYEQUE,749.5833333333334,False,72.55083854589911,True
3970,140308,OLMOS,LAMBAYEQUE,LAMBAYEQUE,437.7578947368421,False,107.7997238481056,True
3971,160509,TAPICHE,REQUENA,LORETO,207.5,False,,False
3972,140301,LAMBAYEQUE,LAMBAYEQUE,LAMBAYEQUE,2049.0769230769233,False,14.179617754696375,True
3973,120136,VIQUES,HUANCAYO,JUNIN,749.0,False,9.143082799020293,True
3974,120701,TARMA,TARMA,JUNIN,941.4285714285714,False,47.00409701430696,True
3975,120809,SUITUCANCHA,YAULI,JUNIN,15.599999999999998,False,77.65886747030407,True
3976,120709,TAPO,TARMA,JUNIN,404.8666666666666,False,36.94614344838585,True
3977,120709,TAPO,TARMA,JUNIN,404.8666666666666,False,27.530304696718563,True
3978,120704,HUASAHUASI,TARMA,JUNIN,296.11538461538464,False,57.293261137550516,True
3979,160606,VARGAS GUERRA,UCAYALI,LORETO,829.5454545454545,False,,False
3980,120135,SANTO DOMINGO DE ACOBAMBA,HUANCAYO,JUNIN,268.1379310344828,False,180.89527892750425,True
3981,120405,CANCHAYLLO,JAUJA,JUNIN,118.42857142857143,False,55.81394141378845,True
3982,140205,PITIPO,FERREÑAFE,LAMBAYEQUE,691.8285714285714,False,64.70215226696757,True
3983,160701,BARRANCA,DATEM DEL MARAÑON,LORETO,379.5405405405405,False,,False
3984,140310,SALAS,LAMBAYEQUE,LAMBAYEQUE,200.86153846153846,False,112.18087655895353,True
3985,120502,CARHUAMAYO,JUNIN,JUNIN,228.47058823529414,False,36.69688889823209,True
3986,160403,YAVARI,MARISCAL RAMON CASTILLA,LORETO,362.55555555555554,False,,False
3987,160102,ALTO NANAY,MAYNAS,LORETO,102.13333333333334,False,,False
3988,160202,BALSAPUERTO,ALTO AMAZONAS,LORETO,311.0689655172414,False,,False
3989,120803,HUAY-HUAY,YAULI,JUNIN,22.333333333333332,False,39.78953768376691,True
3990,140310,SALAS,LAMBAYEQUE,LAMBAYEQUE,200.86153846153846,False,108.14566018857303,True
3991,120804,MARCAPOMACOCHA,YAULI,JUNIN,14.252747252747252,False,104.4344702093293,True
3992,120704,HUASAHUASI,TARMA,JUNIN,296.11538461538464,False,47.008409503401666,True
3993,120604,MAZAMARI,SATIPO,JUNIN,1065.8032786885246,False,29.316306538117338,True
3994,120402,ACOLLA,JAUJA,JUNIN,555.0,False,9.468218941523505,True
3995,120403,APATA,JAUJA,JUNIN,83.34693877551021,False,51.85340922387684,True
3996,160106,MAZAN,MAYNAS,LORETO,379.9189189189189,False,,False
3997,160201,YURIMAGUAS,ALTO AMAZONAS,LORETO,1234.1166666666666,False,28.05852625420219,True
3998,120108,CHONGOS ALTO,HUANCAYO,JUNIN,33.475,False,104.79350912150122,True
3999,140202,CAÑARIS,FERREÑAFE,LAMBAYEQUE,528.1071428571429,False,200.64583745202296,True
4000,140308,OLMOS,LAMBAYEQUE,LAMBAYEQUE,437.7578947368421,False,111.39372233199465,True
4001,120706,PALCA,TARMA,JUNIN,223.4,False,42.20103031583729,True
4002,160106,MAZAN,MAYNAS,LORETO,379.9189189189189,False,,False
4003,160604,PAMPA HERMOSA,UCAYALI,LORETO,615.6111111111111,False,,False
4004,120420,MUQUI,JAUJA,JUNIN,239.99999999999997,False,12.646045189111247,True
4005,120608,RIO TAMBO,SATIPO,JUNIN,729.2738095238095,False,183.44240684086716,True
4006,140307,MOTUPE,LAMBAYEQUE,LAMBAYEQUE,749.5833333333334,False,62.18863122887239,True
4007,120803,HUAY-HUAY,YAULI,JUNIN,22.333333333333332,False,34.724275734433654,True
4008,120501,JUNIN,JUNIN,JUNIN,96.85714285714286,False,29.272193372449372,True
4009,120426,POMACANCHA,JAUJA,JUNIN,131.66666666666669,False,52.360387424944896,True
4010,120902,AHUAC,CHUPACA,JUNIN,423.7142857142857,False,15.052588338748938,True
4011,120124,PARIAHUANCA,HUANCAYO,JUNIN,174.75757575757575,False,86.05081902296882,True
4012,140204,MANUEL ANTONIO MESONES MURO,FERREÑAFE,LAMBAYEQUE,193.36363636363635,False,23.793857290859705,True
4013,140306,MORROPE,LAMBAYEQUE,LAMBAYEQUE,1282.5675675675675,False,24.656173322201017,True
4014,120601,SATIPO,SATIPO,JUNIN,650.0597014925373,False,47.920426404891785,True
4015,120909,YANACANCHA,CHUPACA,JUNIN,65.68518518518518,False,70.95259742426546,True
4016,120402,ACOLLA,JAUJA,JUNIN,555.0,False,31.27327837581305,True
4017,160701,BARRANCA,DATEM DEL MARAÑON,LORETO,379.5405405405405,False,,False
4018,140205,PITIPO,FERREÑAFE,LAMBAYEQUE,691.8285714285714,False,56.36109124094715,True
4019,140312,TUCUME,LAMBAYEQUE,LAMBAYEQUE,1108.952380952381,False,25.77224925496749,True
4020,140305,MOCHUMI,LAMBAYEQUE,LAMBAYEQUE,778.68,False,16.83427107019002,True
4021,120133,SAPALLANGA,HUANCAYO,JUNIN,858.6,False,14.468106158827709,True
4022,160801,PUTUMAYO,PUTUMAYO,LORETO,241.16666666666666,False,,False
4023,120207,HEROINAS TOLEDO,CONCEPCION,JUNIN,119.30000000000001,False,16.541168251521157,True
4024,160601,CONTAMANA,UCAYALI,LORETO,638.5909090909091,False,,False
4025,120807,SANTA BARBARA DE CARHUACAYAN,YAULI,JUNIN,24.989473684210523,False,112.07886150320743,True
4026,140104,ETEN PUERTO,CHICLAYO,LAMBAYEQUE,2160.0,False,19.623873177575017,True
4027,120802,CHACAPALPA,YAULI,JUNIN,10.352941176470587,False,39.16465013878331,True
4028,140308,OLMOS,LAMBAYEQUE,LAMBAYEQUE,437.7578947368421,False,84.94969756777544,True
4029,120305,SAN RAMON,CHANCHAMAYO,JUNIN,746.7567567567568,False,8.778823497005657,True
4030,120422,PACA,JAUJA,JUNIN,247.0,False,19.740849353161586,True
4031,160403,YAVARI,MARISCAL RAMON CASTILLA,LORETO,362.55555555555554,False,,False
4032,160403,YAVARI,MARISCAL RAMON CASTILLA,LORETO,362.55555555555554,False,,False
4033,120804,MARCAPOMACOCHA,YAULI,JUNIN,14.252747252747252,False,86.97230375232897,True
4034,120427,RICRAN,JAUJA,JUNIN,48.96874999999999,False,43.90579600508928,True
4035,140305,MOCHUMI,LAMBAYEQUE,LAMBAYEQUE,778.68,False,17.09262200895477,True
4036,120609,VIZCATAN DEL ENE,SATIPO,JUNIN,223.3125,False,222.47360363008784,True
4037,160301,NAUTA,LORETO,LORETO,567.2407407407408,False,,False
4038,120135,SANTO DOMINGO DE ACOBAMBA,HUANCAYO,JUNIN,268.1379310344828,False,190.67301944068396,True
4039,120909,YANACANCHA,CHUPACA,JUNIN,65.68518518518518,False,70.95259742426546,True
4040,120601,SATIPO,SATIPO,JUNIN,650.0597014925373,False,23.42354477535306,True
4041,120608,RIO TAMBO,SATIPO,JUNIN,729.2738095238095,False,183.81755876545213,True
4042,120501,JUNIN,JUNIN,JUNIN,96.85714285714286,False,9.818398149596998,True
4043,120810,YAULI,YAULI,JUNIN,113.62222222222222,False,17.722880831906288,True
4044,120203,ANDAMARCA,CONCEPCION,JUNIN,206.1818181818182,False,108.7956982241201,True
4045,160106,MAZAN,MAYNAS,LORETO,379.9189189189189,False,,False
4046,120116,HUACRAPUQUIO,HUANCAYO,JUNIN,212.33333333333334,False,12.58567366274803,True
4047,120304,SAN LUIS DE SHUARO,CHANCHAMAYO,JUNIN,435.0,False,44.387244156465954,True
4048,140310,SALAS,LAMBAYEQUE,LAMBAYEQUE,200.86153846153846,False,75.12746252925669,True
4049,120501,JUNIN,JUNIN,JUNIN,96.85714285714286,False,54.52309096142363,True
4050,120406,CURICACA,JAUJA,JUNIN,164.5,False,42.75194010174736,True
4051,120424,PANCAN,JAUJA,JUNIN,640.0,False,4.562055477131124,True
4052,160701,BARRANCA,DATEM DEL MARAÑON,LORETO,379.5405405405405,False,,False
4053,120604,MAZAMARI,SATIPO,JUNIN,1065.8032786885246,False,40.72020264535964,True
4054,160202,BALSAPUERTO,ALTO AMAZONAS,LORETO,311.0689655172414,False,,False
4055,120804,MARCAPOMACOCHA,YAULI,JUNIN,14.252747252747252,False,81.13979700584134,True
4056,140103,ETEN,CHICLAYO,LAMBAYEQUE,1766.5,False,16.58235180439419,True
4057,120303,PICHANAQUI,CHANCHAMAYO,JUNIN,1118.71875,False,37.00357757334037,True
4058,120427,RICRAN,JAUJA,JUNIN,48.96874999999999,False,42.92311885371392,True
4059,120108,CHONGOS ALTO,HUANCAYO,JUNIN,33.475,False,141.07118271189373,True
4060,120133,SAPALLANGA,HUANCAYO,JUNIN,858.6,False,21.6810051680515,True
4061,120804,MARCAPOMACOCHA,YAULI,JUNIN,14.252747252747252,False,76.32738329145933,True
4062,160701,BARRANCA,DATEM DEL MARAÑON,LORETO,379.5405405405405,False,,False
4063,120704,HUASAHUASI,TARMA,JUNIN,296.11538461538464,False,47.008409503401666,True
4064,160103,FERNANDO LORES,MAYNAS,LORETO,349.93220338983053,False,,False
4065,160705,PASTAZA,DATEM DEL MARAÑON,LORETO,138.2127659574468,False,,False
4066,120502,CARHUAMAYO,JUNIN,JUNIN,228.47058823529414,False,,False
4067,120708,SAN PEDRO DE CAJAS,TARMA,JUNIN,153.21621621621622,False,126.56261776944933,True
4068,120105,CHACAPAMPA,HUANCAYO,JUNIN,67.5,False,88.42214353884061,True
4069,160705,PASTAZA,DATEM DEL MARAÑON,LORETO,138.2127659574468,False,,False
4070,160301,NAUTA,LORETO,LORETO,567.2407407407408,False,,False
4071,160305,URARINAS,LORETO,LORETO,293.6538461538462,False,,False
4072,120401,JAUJA,JAUJA,JUNIN,2422.6666666666665,False,2.266506382909226,True
4073,120411,JANJAILLO,JAUJA,JUNIN,68.1,False,32.16310456139904,True
4074,160702,CAHUAPANAS,DATEM DEL MARAÑON,LORETO,278.6774193548387,False,,False
4075,120419,MONOBAMBA,JAUJA,JUNIN,95.9090909090909,True,49.33771432647654,True
4076,140102,CHONGOYAPE,CHICLAYO,LAMBAYEQUE,724.0400000000001,False,49.8116099862446,True
4077,160103,FERNANDO LORES,MAYNAS,LORETO,349.93220338983053,False,,False
4078,120807,SANTA BARBARA DE CARHUACAYAN,YAULI,JUNIN,24.989473684210523,False,115.74015588319884,True
4079,160511,YAQUERANA,REQUENA,LORETO,237.69230769230768,False,,False
4080,160803,TENIENTE MANUEL CLAVERO,PUTUMAYO,LORETO,237.04000000000002,False,,False
4081,160301,NAUTA,LORETO,LORETO,567.2407407407408,False,,False
4082,160510,JENARO HERRERA,REQUENA,LORETO,822.0,False,,False
4083,120206,COMAS,CONCEPCION,JUNIN,134.95555555555555,False,71.97730799913967,True
4084,160113,SAN JUAN BAUTISTA,MAYNAS,LORETO,3236.38,False,13.98714007455165,True
4085,160403,YAVARI,MARISCAL RAMON CASTILLA,LORETO,362.55555555555554,False,,False
4086,160511,YAQUERANA,REQUENA,LORETO,237.69230769230768,True,,False
4087,120301,CHANCHAMAYO,CHANCHAMAYO,JUNIN,654.3684210526316,False,31.629657354454785,True
4088,120806,PACCHA,YAULI,JUNIN,58.89285714285714,False,36.94609547640449,True
4089,160605,SARAYACU,UCAYALI,LORETO,676.5200000000001,False,,False
4090,160113,SAN JUAN BAUTISTA,MAYNAS,LORETO,3236.38,False,51.957832198630754,True
4091,120419,MONOBAMBA,JAUJA,JUNIN,95.9090909090909,False,62.03637722285459,True
4092,160107,NAPO,MAYNAS,LORETO,371.00000000000006,False,,False
4093,160604,PAMPA HERMOSA,UCAYALI,LORETO,615.6111111111111,False,,False
4094,120807,SANTA BARBARA DE CARHUACAYAN,YAULI,JUNIN,24.989473684210523,False,96.25787199754294,True
4095,140312,TUCUME,LAMBAYEQUE,LAMBAYEQUE,1108.952380952381,False,28.900118997215294,True
4096,120124,PARIAHUANCA,HUANCAYO,JUNIN,174.75757575757575,False,76.88485327027641,True
4097,120504,ULCUMAYO,JUNIN,JUNIN,93.27419354838709,False,49.84125044876513,True
4098,140312,TUCUME,LAMBAYEQUE,LAMBAYEQUE,1108.952380952381,False,28.84575317473318,True
4099,140102,CHONGOYAPE,CHICLAYO,LAMBAYEQUE,724.0400000000001,False,48.55606432643938,True
4100,160205,JEBEROS,ALTO AMAZONAS,LORETO,272.65000000000003,False,,False
4101,120704,HUASAHUASI,TARMA,JUNIN,296.11538461538464,False,46.88708427180021,True
4102,160502,ALTO TAPICHE,REQUENA,LORETO,164.53846153846155,False,,False
4103,140115,SAÑA,CHICLAYO,LAMBAYEQUE,885.5,False,31.637133356442835,True
4104,140203,INCAHUASI,FERREÑAFE,LAMBAYEQUE,302.5576923076923,False,158.39240615960395,True
4105,120502,CARHUAMAYO,JUNIN,JUNIN,228.47058823529414,False,29.421975275341023,True
4106,120607,RIO NEGRO,SATIPO,JUNIN,650.0,False,21.388524024006138,True
4107,140310,SALAS,LAMBAYEQUE,LAMBAYEQUE,200.86153846153846,False,78.6299105644457,True
4108,140310,SALAS,LAMBAYEQUE,LAMBAYEQUE,200.86153846153846,False,140.7355310152948,True
4109,140113,REQUE,CHICLAYO,LAMBAYEQUE,1398.7272727272727,False,18.419851450188467,True
4110,120701,TARMA,TARMA,JUNIN,941.4285714285714,False,2.5662084050077425,True
4111,160110,TORRES CAUSANA,MAYNAS,LORETO,327.375,False,,False
4112,140308,OLMOS,LAMBAYEQUE,LAMBAYEQUE,437.7578947368421,False,130.28885749229275,True
4113,140308,OLMOS,LAMBAYEQUE,LAMBAYEQUE,437.7578947368421,False,121.37703803154861,True
4114,160102,ALTO NANAY,MAYNAS,LORETO,102.13333333333334,False,,False
4115,140310,SALAS,LAMBAYEQUE,LAMBAYEQUE,200.86153846153846,False,75.12746252925669,True
4116,120302,PERENE,CHANCHAMAYO,JUNIN,902.7325581395348,False,48.714125016206786,True
4117,140204,MANUEL ANTONIO MESONES MURO,FERREÑAFE,LAMBAYEQUE,193.36363636363635,False,32.86255659772812,True
4118,160604,PAMPA HERMOSA,UCAYALI,LORETO,615.6111111111111,False,297.49326721783325,True
4119,120114,EL TAMBO,HUANCAYO,JUNIN,6923.458333333333,False,1.3600305637845216,True
4120,160113,SAN JUAN BAUTISTA,MAYNAS,LORETO,3236.38,False,83.08600053913507,True
4121,140120,TUMAN,CHICLAYO,LAMBAYEQUE,2362.538461538462,False,15.032592391215275,True
4122,160102,ALTO NANAY,MAYNAS,LORETO,102.13333333333334,False,,False
4123,140105,JOSE LEONARDO ORTIZ,CHICLAYO,LAMBAYEQUE,11714.352941176472,False,4.383305676783945,True
4124,120404,ATAURA,JAUJA,JUNIN,1155.0,True,7.554552508993834,True
4125,120607,RIO NEGRO,SATIPO,JUNIN,650.0,False,49.14131663584245,True
4126,120426,POMACANCHA,JAUJA,JUNIN,131.66666666666669,False,33.42714172026222,True
4127,140307,MOTUPE,LAMBAYEQUE,LAMBAYEQUE,749.5833333333334,False,72.2778510027947,True
4128,160803,TENIENTE MANUEL CLAVERO,PUTUMAYO,LORETO,237.04000000000002,False,,False
4129,120804,MARCAPOMACOCHA,YAULI,JUNIN,14.252747252747252,False,60.09355081345114,True
4130,160601,CONTAMANA,UCAYALI,LORETO,638.5909090909091,False,,False
4131,120809,SUITUCANCHA,YAULI,JUNIN,15.599999999999998,False,66.06740537562614,True
4132,120204,CHAMBARA,CONCEPCION,JUNIN,320.2222222222222,False,34.682402142410815,True
4133,120807,SANTA BARBARA DE CARHUACAYAN,YAULI,JUNIN,24.989473684210523,False,110.85415281886657,True
4134,120203,ANDAMARCA,CONCEPCION,JUNIN,206.1818181818182,False,148.8183869529735,True
4135,120403,APATA,JAUJA,JUNIN,83.34693877551021,False,71.01727247724199,True
4136,140304,JAYANCA,LAMBAYEQUE,LAMBAYEQUE,601.3000000000001,False,30.174371242379955,True
4137,160302,PARINARI,LORETO,LORETO,666.4545454545455,False,,False
4138,160704,MORONA,DATEM DEL MARAÑON,LORETO,324.0238095238095,False,,False
4139,140308,OLMOS,LAMBAYEQUE,LAMBAYEQUE,437.7578947368421,False,125.9753734598223,True
4140,160301,NAUTA,LORETO,LORETO,567.2407407407408,False,,False
4141,120802,CHACAPALPA,YAULI,JUNIN,10.352941176470587,False,36.04681994596654,True
4142,120702,ACOBAMBA,TARMA,JUNIN,849.125,False,11.935324330969081,True
4143,120403,APATA,JAUJA,JUNIN,83.34693877551021,False,71.01727247724199,True
4144,160801,PUTUMAYO,PUTUMAYO,LORETO,241.16666666666666,False,,False
4145,140101,CHICLAYO,CHICLAYO,LAMBAYEQUE,8778.44117647059,False,0.8129371485682894,True
4146,120111,CHUPURO,HUANCAYO,JUNIN,194.66666666666666,False,26.13021309804175,True
4147,160107,NAPO,MAYNAS,LORETO,371.00000000000006,False,,False
4148,140116,CAYALTI,CHICLAYO,LAMBAYEQUE,1224.2307692307693,False,47.6994401729516,True
4149,120807,SANTA BARBARA DE CARHUACAYAN,YAULI,JUNIN,24.989473684210523,False,70.17583185871278,True
4150,160301,NAUTA,LORETO,LORETO,567.2407407407408,False,,False
4151,160404,SAN PABLO,MARISCAL RAMON CASTILLA,LORETO,575.0,False,,False
4152,140305,MOCHUMI,LAMBAYEQUE,LAMBAYEQUE,778.68,False,21.10681979940372,True
4153,140113,REQUE,CHICLAYO,LAMBAYEQUE,1398.7272727272727,False,20.34955506837236,True
4154,140118,POMALCA,CHICLAYO,LAMBAYEQUE,2870.1111111111113,False,10.896646092493423,True
4155,120704,HUASAHUASI,TARMA,JUNIN,296.11538461538464,False,71.03067521293194,True
4156,120704,HUASAHUASI,TARMA,JUNIN,296.11538461538464,False,60.44597917997701,True
4157,120909,YANACANCHA,CHUPACA,JUNIN,65.68518518518518,False,75.52081405822092,True
4158,120804,MARCAPOMACOCHA,YAULI,JUNIN,14.252747252747252,False,57.68630683162511,True
4159,120807,SANTA BARBARA DE CARHUACAYAN,YAULI,JUNIN,24.989473684210523,False,86.62026919951069,True
4160,120422,PACA,JAUJA,JUNIN,247.0,False,14.512114166995723,True
4161,140204,MANUEL ANTONIO MESONES MURO,FERREÑAFE,LAMBAYEQUE,193.36363636363635,False,23.045802710477325,True
4162,120501,JUNIN,JUNIN,JUNIN,96.85714285714286,False,23.564353829147407,True
4163,120908,TRES DE DICIEMBRE,CHUPACA,JUNIN,1055.5,False,6.650960951406505,True
4164,120804,MARCAPOMACOCHA,YAULI,JUNIN,14.252747252747252,False,60.09355081345114,True
4165,120206,COMAS,CONCEPCION,JUNIN,134.95555555555555,False,60.650534856355726,True
4166,120418,MOLINOS,JAUJA,JUNIN,89.52941176470588,False,23.46570220197159,True
4167,120503,ONDORES,JUNIN,JUNIN,23.740259740259738,False,15.72694164828248,True
4168,120214,SAN JOSE DE QUERO,CONCEPCION,JUNIN,254.41666666666669,False,53.89913340517858,True
4169,120801,LA OROYA,YAULI,JUNIN,349.3611111111111,False,12.294894819414509,True
4170,120502,CARHUAMAYO,JUNIN,JUNIN,228.47058823529414,False,58.476372636124495,True
4171,120909,YANACANCHA,CHUPACA,JUNIN,65.68518518518518,True,69.93458104484385,True
4172,160704,MORONA,DATEM DEL MARAÑON,LORETO,324.0238095238095,False,,False
4173,120708,SAN PEDRO DE CAJAS,TARMA,JUNIN,153.21621621621622,False,73.05159280254078,True
4174,140206,PUEBLO NUEVO,FERREÑAFE,LAMBAYEQUE,1047.6153846153848,False,23.158639052530894,True
4175,160205,JEBEROS,ALTO AMAZONAS,LORETO,272.65000000000003,False,,False
4176,120803,HUAY-HUAY,YAULI,JUNIN,22.333333333333332,False,48.12790461539906,True
4177,160106,MAZAN,MAYNAS,LORETO,379.9189189189189,False,,False
4178,120708,SAN PEDRO DE CAJAS,TARMA,JUNIN,153.21621621621622,False,12.368332832014683,True
4179,160206,LAGUNAS,ALTO AMAZONAS,LORETO,520.8571428571429,False,,False
4180,140204,MANUEL ANTONIO MESONES MURO,FERREÑAFE,LAMBAYEQUE,193.36363636363635,False,25.74559534945564,True
4181,120503,ONDORES,JUNIN,JUNIN,23.740259740259738,False,41.69742876594989,True
4182,120804,MARCAPOMACOCHA,YAULI,JUNIN,14.252747252747252,False,66.0617595067845,True
4183,140103,ETEN,CHICLAYO,LAMBAYEQUE,1766.5,False,18.36329102314203,True
4184,120427,RICRAN,JAUJA,JUNIN,48.96874999999999,False,52.76155992032299,True
4185,120804,MARCAPOMACOCHA,YAULI,JUNIN,14.252747252747252,False,60.09355081345114,True
4186,160108,PUNCHANA,MAYNAS,LORETO,3038.7419354838707,False,,False
4187,160103,FERNANDO LORES,MAYNAS,LORETO,349.93220338983053,False,,False
4188,120504,ULCUMAYO,JUNIN,JUNIN,93.27419354838709,False,127.25203785908268,True
4189,120704,HUASAHUASI,TARMA,JUNIN,296.11538461538464,False,69.58405145049323,True
4190,120807,SANTA BARBARA DE CARHUACAYAN,YAULI,JUNIN,24.989473684210523,False,94.05606466085167,True
4191,120809,SUITUCANCHA,YAULI,JUNIN,15.599999999999998,False,56.95493334064156,True
4192,120803,HUAY-HUAY,YAULI,JUNIN,22.333333333333332,False,11.55372444846607,True
4193,120433,YAULI,JAUJA,JUNIN,108.66666666666667,False,15.066950028122536,True
4194,160802,ROSA PANDURO,PUTUMAYO,LORETO,82.77777777777777,True,,False
4195,120909,YANACANCHA,CHUPACA,JUNIN,65.68518518518518,False,96.705710188026,True
4196,120108,CHONGOS ALTO,HUANCAYO,JUNIN,33.475,False,105.61167489688425,True
4197,140117,PATAPO,CHICLAYO,LAMBAYEQUE,1343.7058823529412,False,32.41004946090758,True
4198,120504,ULCUMAYO,JUNIN,JUNIN,93.27419354838709,False,46.75283417203408,True
4199,160403,YAVARI,MARISCAL RAMON CASTILLA,LORETO,362.55555555555554,False,,False
4200,120411,JANJAILLO,JAUJA,JUNIN,68.1,False,34.31119662791786,True
4201,160113,SAN JUAN BAUTISTA,MAYNAS,LORETO,3236.38,False,,False
4202,160703,MANSERICHE,DATEM DEL MARAÑON,LORETO,396.55555555555554,False,,False
4203,140201,FERREÑAFE,FERREÑAFE,LAMBAYEQUE,1710.4285714285716,False,21.670577151970033,True
4204,140308,OLMOS,LAMBAYEQUE,LAMBAYEQUE,437.7578947368421,False,92.6638219094863,True
4205,120903,CHONGOS BAJO,CHUPACA,JUNIN,190.76190476190476,False,70.95259742426546,True
4206,160706,ANDOAS,DATEM DEL MARAÑON,LORETO,221.87931034482762,False,,False
4207,120909,YANACANCHA,CHUPACA,JUNIN,65.68518518518518,False,93.81779261477863,True
4208,160102,ALTO NANAY,MAYNAS,LORETO,102.13333333333334,True,,False
4209,120205,COCHAS,CONCEPCION,JUNIN,146.41666666666669,False,74.26513911869868,True
4210,120705,LA UNION,TARMA,JUNIN,312.4,False,26.25070895674325,True
4211,160402,PEBAS,MARISCAL RAMON CASTILLA,LORETO,346.1372549019608,False,,False
4212,160403,YAVARI,MARISCAL RAMON CASTILLA,LORETO,362.55555555555554,False,,False
4213,160205,JEBEROS,ALTO AMAZONAS,LORETO,272.65000000000003,False,,False
4214,120606,PANGOA,SATIPO,JUNIN,618.2346938775511,False,4.218017200217885,True
4215,120501,JUNIN,JUNIN,JUNIN,96.85714285714286,False,18.745944629574257,True
4216,160105,LAS AMAZONAS,MAYNAS,LORETO,283.59999999999997,False,,False
4217,140312,TUCUME,LAMBAYEQUE,LAMBAYEQUE,1108.952380952381,False,30.47655813420056,True
4218,160705,PASTAZA,DATEM DEL MARAÑON,LORETO,138.2127659574468,False,,False
4219,140201,FERREÑAFE,FERREÑAFE,LAMBAYEQUE,1710.4285714285716,False,26.89021638019889,True
4220,120708,SAN PEDRO DE CAJAS,TARMA,JUNIN,153.21621621621622,False,11.395993161987914,True
4221,160802,ROSA PANDURO,PUTUMAYO,LORETO,82.77777777777777,False,,False
4222,160402,PEBAS,MARISCAL RAMON CASTILLA,LORETO,346.1372549019608,False,,False
4223,120807,SANTA BARBARA DE CARHUACAYAN,YAULI,JUNIN,24.989473684210523,False,112.90441123720724,True
4224,120504,ULCUMAYO,JUNIN,JUNIN,93.27419354838709,False,122.30002328394573,True
4225,120135,SANTO DOMINGO DE ACOBAMBA,HUANCAYO,JUNIN,268.1379310344828,False,150.45940897531628,True
4226,120606,PANGOA,SATIPO,JUNIN,618.2346938775511,False,42.67842970368651,True
4227,160106,MAZAN,MAYNAS,LORETO,379.9189189189189,False,,False
4228,120802,CHACAPALPA,YAULI,JUNIN,10.352941176470587,False,37.100708714374456,True
4229,120804,MARCAPOMACOCHA,YAULI,JUNIN,14.252747252747252,False,86.15047633967708,True
4230,120607,RIO NEGRO,SATIPO,JUNIN,650.0,False,46.39040091166491,True
4231,120129,SAN AGUSTIN,HUANCAYO,JUNIN,1992.5,False,19.32715657839938,True
4232,160404,SAN PABLO,MARISCAL RAMON CASTILLA,LORETO,575.0,False,,False
4233,120801,LA OROYA,YAULI,JUNIN,349.3611111111111,False,19.173945080983877,True
4234,120415,MARCO,JAUJA,JUNIN,397.5,False,32.599158581755425,True
4235,160107,NAPO,MAYNAS,LORETO,371.00000000000006,False,,False
4236,120801,LA OROYA,YAULI,JUNIN,349.3611111111111,False,8.49490142791725,True
4237,160305,URARINAS,LORETO,LORETO,293.6538461538462,False,,False
4238,120706,PALCA,TARMA,JUNIN,223.4,False,79.10503832986322,True
4239,120702,ACOBAMBA,TARMA,JUNIN,849.125,False,15.969826806964923,True
4240,120606,PANGOA,SATIPO,JUNIN,618.2346938775511,False,90.96069546149126,True
4241,160403,YAVARI,MARISCAL RAMON CASTILLA,LORETO,362.55555555555554,False,,False
4242,160304,TROMPETEROS,LORETO,LORETO,533.1428571428572,False,,False
4243,120127,QUICHUAY,HUANCAYO,JUNIN,193.88888888888886,True,6.91647015265266,True
4244,120305,SAN RAMON,CHANCHAMAYO,JUNIN,746.7567567567568,False,29.259926639713168,True
4245,160504,EMILIO SAN MARTIN,REQUENA,LORETO,424.2777777777778,False,,False
4246,120501,JUNIN,JUNIN,JUNIN,96.85714285714286,False,21.72618928046505,True
4247,140107,LAGUNAS,CHICLAYO,LAMBAYEQUE,549.2631578947369,False,41.816497717056386,True
4248,120406,CURICACA,JAUJA,JUNIN,164.5,False,45.29980782608218,True
4249,120902,AHUAC,CHUPACA,JUNIN,423.7142857142857,False,21.371458017699076,True
4250,140119,PUCALA,CHICLAYO,LAMBAYEQUE,597.1999999999999,False,28.99330056086229,True
4251,120113,CULLHUAS,HUANCAYO,JUNIN,244.88888888888886,False,24.14346766504378,True
4252,120303,PICHANAQUI,CHANCHAMAYO,JUNIN,1118.71875,False,44.731826541866866,True
4253,120101,HUANCAYO,HUANCAYO,JUNIN,7439.062500000001,False,12.338370686512905,True
4254,160303,TIGRE,LORETO,LORETO,279.48387096774195,False,,False
4255,120212,NUEVE DE JULIO,CONCEPCION,JUNIN,742.5,False,7.380571423091285,True
4256,120101,HUANCAYO,HUANCAYO,JUNIN,7439.062500000001,False,17.11314296306278,True
4257,120418,MOLINOS,JAUJA,JUNIN,89.52941176470588,False,51.589048128076506,True
4258,120907,SAN JUAN DE JARPA,CHUPACA,JUNIN,513.8571428571429,False,56.60646671385192,True
4259,120433,YAULI,JAUJA,JUNIN,108.66666666666667,False,18.260184091676823,True
4260,120907,SAN JUAN DE JARPA,CHUPACA,JUNIN,513.8571428571429,False,,False
4261,120128,QUILCAS,HUANCAYO,JUNIN,152.42857142857142,False,26.27672708383648,True
4262,120501,JUNIN,JUNIN,JUNIN,96.85714285714286,False,9.480880755522337,True
4263,140115,SAÑA,CHICLAYO,LAMBAYEQUE,885.5,False,36.90426246241159,True
4264,160107,NAPO,MAYNAS,LORETO,371.00000000000006,False,,False
4265,120807,SANTA BARBARA DE CARHUACAYAN,YAULI,JUNIN,24.989473684210523,False,66.01348390302967,True
4266,160101,IQUITOS,MAYNAS,LORETO,10790.857142857143,False,,False
4267,140310,SALAS,LAMBAYEQUE,LAMBAYEQUE,200.86153846153846,False,152.08629299141722,True
4268,120903,CHONGOS BAJO,CHUPACA,JUNIN,190.76190476190476,False,36.905237860970786,True
4269,120606,PANGOA,SATIPO,JUNIN,618.2346938775511,False,42.68517820960811,True
4270,160704,MORONA,DATEM DEL MARAÑON,LORETO,324.0238095238095,False,,False
4271,120807,SANTA BARBARA DE CARHUACAYAN,YAULI,JUNIN,24.989473684210523,False,74.39647687115806,True
4272,140102,CHONGOYAPE,CHICLAYO,LAMBAYEQUE,724.0400000000001,False,48.420753532428755,True
4273,160403,YAVARI,MARISCAL RAMON CASTILLA,LORETO,362.55555555555554,False,,False
4274,120504,ULCUMAYO,JUNIN,JUNIN,93.27419354838709,False,65.73957374468479,True
4275,140310,SALAS,LAMBAYEQUE,LAMBAYEQUE,200.86153846153846,False,112.40417288874228,True
4276,160112,BELEN,MAYNAS,LORETO,2504.548387096774,False,,False
4277,160705,PASTAZA,DATEM DEL MARAÑON,LORETO,138.2127659574468,False,,False
4278,120807,SANTA BARBARA DE CARHUACAYAN,YAULI,JUNIN,24.989473684210523,False,116.0162968070476,True
4279,120708,SAN PEDRO DE CAJAS,TARMA,JUNIN,153.21621621621622,False,31.724746825753122,True
4280,160101,IQUITOS,MAYNAS,LORETO,10790.857142857143,False,,False
4281,120609,VIZCATAN DEL ENE,SATIPO,JUNIN,223.3125,False,,False
4282,140106,LA VICTORIA,CHICLAYO,LAMBAYEQUE,6204.599999999999,False,7.607828189143288,True
4283,160605,SARAYACU,UCAYALI,LORETO,676.5200000000001,False,,False
4284,120809,SUITUCANCHA,YAULI,JUNIN,15.599999999999998,False,56.96436572679025,True
4285,160202,BALSAPUERTO,ALTO AMAZONAS,LORETO,311.0689655172414,False,,False
4286,120604,MAZAMARI,SATIPO,JUNIN,1065.8032786885246,False,28.872478238982865,True
4287,160304,TROMPETEROS,LORETO,LORETO,533.1428571428572,False,,False
4288,120803,HUAY-HUAY,YAULI,JUNIN,22.333333333333332,False,42.8467689385483,True
4289,120501,JUNIN,JUNIN,JUNIN,96.85714285714286,False,20.971481381660176,True
4290,160505,MAQUIA,REQUENA,LORETO,340.32000000000005,False,,False
4291,120128,QUILCAS,HUANCAYO,JUNIN,152.42857142857142,False,25.729737339744787,True
4292,120108,CHONGOS ALTO,HUANCAYO,JUNIN,33.475,False,102.68018236070921,True
4293,120606,PANGOA,SATIPO,JUNIN,618.2346938775511,False,72.03350758744719,True
4294,140307,MOTUPE,LAMBAYEQUE,LAMBAYEQUE,749.5833333333334,True,60.55645957770872,True
4295,160103,FERNANDO LORES,MAYNAS,LORETO,349.93220338983053,False,,False
4296,120114,EL TAMBO,HUANCAYO,JUNIN,6923.458333333333,False,2.9831191612788914,True
4297,120504,ULCUMAYO,JUNIN,JUNIN,93.27419354838709,False,86.26940186136984,True
4298,120708,SAN PEDRO DE CAJAS,TARMA,JUNIN,153.21621621621622,False,29.8929802443023,True
4299,160505,MAQUIA,REQUENA,LORETO,340.32000000000005,True,,False
4300,160503,CAPELO,REQUENA,LORETO,507.1111111111111,False,,False
4301,120802,CHACAPALPA,YAULI,JUNIN,10.352941176470587,False,30.87234070422402,True
4302,140205,PITIPO,FERREÑAFE,LAMBAYEQUE,691.8285714285714,False,37.25911618924922,True
4303,160402,PEBAS,MARISCAL RAMON CASTILLA,LORETO,346.1372549019608,False,,False
4304,140308,OLMOS,LAMBAYEQUE,LAMBAYEQUE,437.7578947368421,False,107.4773405435015,True
4305,160502,ALTO TAPICHE,REQUENA,LORETO,164.53846153846155,False,,False
4306,140110,OYOTUN,CHICLAYO,LAMBAYEQUE,449.0454545454545,False,79.8410353990575,True
4307,120418,MOLINOS,JAUJA,JUNIN,89.52941176470588,False,64.52238280433801,True
4308,120607,RIO NEGRO,SATIPO,JUNIN,650.0,False,62.41496652170746,True
4309,120204,CHAMBARA,CONCEPCION,JUNIN,320.2222222222222,False,51.69669368447149,True
4310,140307,MOTUPE,LAMBAYEQUE,LAMBAYEQUE,749.5833333333334,False,46.67649085245691,True
4311,120803,HUAY-HUAY,YAULI,JUNIN,22.333333333333332,False,49.5576414857473,True
4312,160301,NAUTA,LORETO,LORETO,567.2407407407408,False,,False
4313,120301,CHANCHAMAYO,CHANCHAMAYO,JUNIN,654.3684210526316,False,23.41047753385593,True
4314,120108,CHONGOS ALTO,HUANCAYO,JUNIN,33.475,False,,False
4315,120303,PICHANAQUI,CHANCHAMAYO,JUNIN,1118.71875,False,23.828426540601367,True
4316,120135,SANTO DOMINGO DE ACOBAMBA,HUANCAYO,JUNIN,268.1379310344828,False,160.40295143382033,True
4317,140107,LAGUNAS,CHICLAYO,LAMBAYEQUE,549.2631578947369,False,25.31081329745031,True
4318,120503,ONDORES,JUNIN,JUNIN,23.740259740259738,False,53.78249482298093,True
4319,120802,CHACAPALPA,YAULI,JUNIN,10.352941176470587,False,37.100708714374456,True
4320,160104,INDIANA,MAYNAS,LORETO,363.64516129032256,False,,False
4321,160301,NAUTA,LORETO,LORETO,567.2407407407408,False,102.55435769200375,True
4322,140115,SAÑA,CHICLAYO,LAMBAYEQUE,885.5,False,46.81950371658227,True
4323,160304,TROMPETEROS,LORETO,LORETO,533.1428571428572,False,,False
4324,120805,MOROCOCHA,YAULI,JUNIN,284.1333333333333,False,42.56165403568755,True
4325,120804,MARCAPOMACOCHA,YAULI,JUNIN,14.252747252747252,False,66.0617595067845,True
4326,120806,PACCHA,YAULI,JUNIN,58.89285714285714,False,33.64133816576662,True
4327,120608,RIO TAMBO,SATIPO,JUNIN,729.2738095238095,False,452.60530040938056,True
4328,120708,SAN PEDRO DE CAJAS,TARMA,JUNIN,153.21621621621622,False,23.79097553026952,True
4329,160402,PEBAS,MARISCAL RAMON CASTILLA,LORETO,346.1372549019608,False,,False
4330,140206,PUEBLO NUEVO,FERREÑAFE,LAMBAYEQUE,1047.6153846153848,False,15.254068704213589,True
4331,120807,SANTA BARBARA DE CARHUACAYAN,YAULI,JUNIN,24.989473684210523,False,84.91829091421674,True
4332,120301,CHANCHAMAYO,CHANCHAMAYO,JUNIN,654.3684210526316,False,14.452110721110873,True
4333,160201,YURIMAGUAS,ALTO AMAZONAS,LORETO,1234.1166666666666,False,,False
4334,140301,LAMBAYEQUE,LAMBAYEQUE,LAMBAYEQUE,2049.0769230769233,False,11.319066758139536,True
4335,160301,NAUTA,LORETO,LORETO,567.2407407407408,False,,False
4336,120708,SAN PEDRO DE CAJAS,TARMA,JUNIN,153.21621621621622,False,29.1501777458103,True
4337,120303,PICHANAQUI,CHANCHAMAYO,JUNIN,1118.71875,False,71.5360269805367,True
4338,160303,TIGRE,LORETO,LORETO,279.48387096774195,False,,False
4339,120303,PICHANAQUI,CHANCHAMAYO,JUNIN,1118.71875,False,3.0890670610793416,True
4340,160402,PEBAS,MARISCAL RAMON CASTILLA,LORETO,346.1372549019608,False,,False
4341,120704,HUASAHUASI,TARMA,JUNIN,296.11538461538464,False,127.7877451682352,True
4342,140306,MORROPE,LAMBAYEQUE,LAMBAYEQUE,1282.5675675675675,False,29.4483629591725,True
4343,120133,SAPALLANGA,HUANCAYO,JUNIN,858.6,False,16.87377408674698,True
4344,120608,RIO TAMBO,SATIPO,JUNIN,729.2738095238095,False,,False
4345,140201,FERREÑAFE,FERREÑAFE,LAMBAYEQUE,1710.4285714285716,False,30.795431264114924,True
4346,120415,MARCO,JAUJA,JUNIN,397.5,False,12.890375955267881,True
4347,160705,PASTAZA,DATEM DEL MARAÑON,LORETO,138.2127659574468,False,,False
4348,120401,JAUJA,JAUJA,JUNIN,2422.6666666666665,False,5.8635336314378925,True
4349,120705,LA UNION,TARMA,JUNIN,312.4,False,16.986734898709337,True
4350,160206,LAGUNAS,ALTO AMAZONAS,LORETO,520.8571428571429,False,,False
4351,160112,BELEN,MAYNAS,LORETO,2504.548387096774,False,,False
4352,160301,NAUTA,LORETO,LORETO,567.2407407407408,False,,False
4353,160112,BELEN,MAYNAS,LORETO,2504.548387096774,False,3.584292813271121,True
4354,160401,RAMON CASTILLA,MARISCAL RAMON CASTILLA,LORETO,595.7142857142858,False,,False
4355,120907,SAN JUAN DE JARPA,CHUPACA,JUNIN,513.8571428571429,False,58.49524312329967,True
4356,160302,PARINARI,LORETO,LORETO,666.4545454545455,False,,False
4357,140203,INCAHUASI,FERREÑAFE,LAMBAYEQUE,302.5576923076923,False,147.22923069579315,True
4358,160103,FERNANDO LORES,MAYNAS,LORETO,349.93220338983053,False,,False
4359,140112,PIMENTEL,CHICLAYO,LAMBAYEQUE,1706.4814814814818,False,3.2955058419165515,True
4360,140310,SALAS,LAMBAYEQUE,LAMBAYEQUE,200.86153846153846,False,86.42150367050694,True
4361,120114,EL TAMBO,HUANCAYO,JUNIN,6923.458333333333,False,2.158481773874618,True
4362,120803,HUAY-HUAY,YAULI,JUNIN,22.333333333333332,False,37.56118124257077,True
4363,120803,HUAY-HUAY,YAULI,JUNIN,22.333333333333332,False,11.55372444846607,True
4364,140304,JAYANCA,LAMBAYEQUE,LAMBAYEQUE,601.3000000000001,False,39.55028874942282,True
4365,160403,YAVARI,MARISCAL RAMON CASTILLA,LORETO,362.55555555555554,False,,False
4366,160305,URARINAS,LORETO,LORETO,293.6538461538462,False,,False
4367,160402,PEBAS,MARISCAL RAMON CASTILLA,LORETO,346.1372549019608,False,,False
4368,120504,ULCUMAYO,JUNIN,JUNIN,93.27419354838709,False,77.68708645249527,True
4369,120801,LA OROYA,YAULI,JUNIN,349.3611111111111,False,1.3780091316524528,True
4370,120809,SUITUCANCHA,YAULI,JUNIN,15.599999999999998,False,72.01510030274632,True
4371,120601,SATIPO,SATIPO,JUNIN,650.0597014925373,False,15.527770036770796,True
4372,120504,ULCUMAYO,JUNIN,JUNIN,93.27419354838709,False,66.87419720427565,True
4373,120803,HUAY-HUAY,YAULI,JUNIN,22.333333333333332,False,38.7322175784841,True
4374,120803,HUAY-HUAY,YAULI,JUNIN,22.333333333333332,False,,False
4375,160202,BALSAPUERTO,ALTO AMAZONAS,LORETO,311.0689655172414,False,40.91555923064259,True
4376,120503,ONDORES,JUNIN,JUNIN,23.740259740259738,False,50.4614579611328,True
4377,140307,MOTUPE,LAMBAYEQUE,LAMBAYEQUE,749.5833333333334,False,65.69721984003311,True
4378,140308,OLMOS,LAMBAYEQUE,LAMBAYEQUE,437.7578947368421,False,115.81656175945156,True
4379,140110,OYOTUN,CHICLAYO,LAMBAYEQUE,449.0454545454545,False,190.1041212000901,True
4380,120703,HUARICOLCA,TARMA,JUNIN,295.5454545454545,False,30.184073730133314,True
4381,140203,INCAHUASI,FERREÑAFE,LAMBAYEQUE,302.5576923076923,False,88.21418498175498,True
4382,120206,COMAS,CONCEPCION,JUNIN,134.95555555555555,False,99.9549885338637,True
4383,120128,QUILCAS,HUANCAYO,JUNIN,152.42857142857142,False,33.394190609976185,True
4384,120501,JUNIN,JUNIN,JUNIN,96.85714285714286,False,18.045037493519626,True
4385,120708,SAN PEDRO DE CAJAS,TARMA,JUNIN,153.21621621621622,False,31.09982000938526,True
4386,160402,PEBAS,MARISCAL RAMON CASTILLA,LORETO,346.1372549019608,False,,False
4387,160202,BALSAPUERTO,ALTO AMAZONAS,LORETO,311.0689655172414,False,,False
4388,120402,ACOLLA,JAUJA,JUNIN,555.0,False,22.13365511150398,True
4389,120803,HUAY-HUAY,YAULI,JUNIN,22.333333333333332,False,46.92692466545157,True
4390,120303,PICHANAQUI,CHANCHAMAYO,JUNIN,1118.71875,False,17.55370748416464,True
4391,120128,QUILCAS,HUANCAYO,JUNIN,152.42857142857142,False,33.394190609976185,True
4392,120606,PANGOA,SATIPO,JUNIN,618.2346938775511,False,112.29003715096158,True
4393,140310,SALAS,LAMBAYEQUE,LAMBAYEQUE,200.86153846153846,False,152.08629299141722,True
4394,120802,CHACAPALPA,YAULI,JUNIN,10.352941176470587,False,23.741154414399375,True
4395,120702,ACOBAMBA,TARMA,JUNIN,849.125,False,21.10971667412345,True
4396,120305,SAN RAMON,CHANCHAMAYO,JUNIN,746.7567567567568,False,,False
4397,160605,SARAYACU,UCAYALI,LORETO,676.5200000000001,False,,False
4398,120801,LA OROYA,YAULI,JUNIN,349.3611111111111,False,7.335953198990548,True
4399,160303,TIGRE,LORETO,LORETO,279.48387096774195,False,,False
4400,140105,JOSE LEONARDO ORTIZ,CHICLAYO,LAMBAYEQUE,11714.352941176472,False,2.2964824513563262,True
4401,160505,MAQUIA,REQUENA,LORETO,340.32000000000005,False,,False
4402,120604,MAZAMARI,SATIPO,JUNIN,1065.8032786885246,False,17.388684032524957,True
4403,120607,RIO NEGRO,SATIPO,JUNIN,650.0,False,17.578260811791775,True
4404,140107,LAGUNAS,CHICLAYO,LAMBAYEQUE,549.2631578947369,False,49.22735875131323,True
4405,120709,TAPO,TARMA,JUNIN,404.8666666666666,False,37.67609437291945,True
4406,120206,COMAS,CONCEPCION,JUNIN,134.95555555555555,False,31.25707775422116,True
4407,120206,COMAS,CONCEPCION,JUNIN,134.95555555555555,False,51.99574066163288,True
4408,160702,CAHUAPANAS,DATEM DEL MARAÑON,LORETO,278.6774193548387,False,,False
4409,120803,HUAY-HUAY,YAULI,JUNIN,22.333333333333332,False,10.924621138049822,True
4410,120607,RIO NEGRO,SATIPO,JUNIN,650.0,False,60.394406511125226,True
4411,160601,CONTAMANA,UCAYALI,LORETO,638.5909090909091,False,,False
4412,160201,YURIMAGUAS,ALTO AMAZONAS,LORETO,1234.1166666666666,False,36.91351429313139,True
4413,160302,PARINARI,LORETO,LORETO,666.4545454545455,False,,False
4414,120127,QUICHUAY,HUANCAYO,JUNIN,193.88888888888886,False,17.78648577452715,True
4415,120804,MARCAPOMACOCHA,YAULI,JUNIN,14.252747252747252,False,,False
4416,140301,LAMBAYEQUE,LAMBAYEQUE,LAMBAYEQUE,2049.0769230769233,False,14.340248371344638,True
4417,120702,ACOBAMBA,TARMA,JUNIN,849.125,False,26.314998050293354,True
4418,160601,CONTAMANA,UCAYALI,LORETO,638.5909090909091,False,3.261408981957694,True
4419,120403,APATA,JAUJA,JUNIN,83.34693877551021,False,46.35635894237775,True
4420,140115,SAÑA,CHICLAYO,LAMBAYEQUE,885.5,False,30.063321751729976,True
4421,120101,HUANCAYO,HUANCAYO,JUNIN,7439.062500000001,False,1.6834822539545626,True
4422,120707,PALCAMAYO,TARMA,JUNIN,382.92,False,45.57483072149506,True
4423,120702,ACOBAMBA,TARMA,JUNIN,849.125,False,21.192769190652907,True
4424,120128,QUILCAS,HUANCAYO,JUNIN,152.42857142857142,False,39.19624793496734,True
4425,160505,MAQUIA,REQUENA,LORETO,340.32000000000005,False,,False
4426,120606,PANGOA,SATIPO,JUNIN,618.2346938775511,False,17.163775659088376,True
4427,140201,FERREÑAFE,FERREÑAFE,LAMBAYEQUE,1710.4285714285716,False,27.022991346108313,True
4428,120418,MOLINOS,JAUJA,JUNIN,89.52941176470588,False,22.627353680264253,True
4429,160702,CAHUAPANAS,DATEM DEL MARAÑON,LORETO,278.6774193548387,False,,False
4430,120810,YAULI,YAULI,JUNIN,113.62222222222222,False,,False
4431,160108,PUNCHANA,MAYNAS,LORETO,3038.7419354838707,False,39.28009942853282,True
4432,160301,NAUTA,LORETO,LORETO,567.2407407407408,False,,False
4433,140108,MONSEFU,CHICLAYO,LAMBAYEQUE,1404.9565217391305,False,8.935144128352382,True
4434,120302,PERENE,CHANCHAMAYO,JUNIN,902.7325581395348,False,42.81625245108363,True
4435,140106,LA VICTORIA,CHICLAYO,LAMBAYEQUE,6204.599999999999,False,11.140488413275543,True
4436,160504,EMILIO SAN MARTIN,REQUENA,LORETO,424.2777777777778,False,,False
4437,160511,YAQUERANA,REQUENA,LORETO,237.69230769230768,False,,False
4438,120501,JUNIN,JUNIN,JUNIN,96.85714285714286,False,54.334226955721554,True
4439,120303,PICHANAQUI,CHANCHAMAYO,JUNIN,1118.71875,False,77.88771469852708,True
4440,140203,INCAHUASI,FERREÑAFE,LAMBAYEQUE,302.5576923076923,False,152.10316385287825,True
4441,120203,ANDAMARCA,CONCEPCION,JUNIN,206.1818181818182,False,126.97317069759731,True
4442,140112,PIMENTEL,CHICLAYO,LAMBAYEQUE,1706.4814814814818,False,8.155471420949814,True
4443,140108,MONSEFU,CHICLAYO,LAMBAYEQUE,1404.9565217391305,False,8.786768141252079,True
4444,120601,SATIPO,SATIPO,JUNIN,650.0597014925373,False,70.62390486664485,True
4445,120213,ORCOTUNA,CONCEPCION,JUNIN,1389.3333333333333,False,22.522999364474828,True
4446,140102,CHONGOYAPE,CHICLAYO,LAMBAYEQUE,724.0400000000001,False,,False
4447,140308,OLMOS,LAMBAYEQUE,LAMBAYEQUE,437.7578947368421,False,129.10025723005086,True
4448,160104,INDIANA,MAYNAS,LORETO,363.64516129032256,False,,False
4449,120601,SATIPO,SATIPO,JUNIN,650.0597014925373,False,37.665053666123384,True
4450,160103,FERNANDO LORES,MAYNAS,LORETO,349.93220338983053,False,,False
4451,160504,EMILIO SAN MARTIN,REQUENA,LORETO,424.2777777777778,False,,False
4452,140308,OLMOS,LAMBAYEQUE,LAMBAYEQUE,437.7578947368421,False,126.95674782595509,True
4453,120503,ONDORES,JUNIN,JUNIN,23.740259740259738,False,55.33986049083114,True
4454,160101,IQUITOS,MAYNAS,LORETO,10790.857142857143,False,1.3427725359534364,True
4455,120503,ONDORES,JUNIN,JUNIN,23.740259740259738,False,46.44410915514007,True
4456,160704,MORONA,DATEM DEL MARAÑON,LORETO,324.0238095238095,False,,False
4457,160401,RAMON CASTILLA,MARISCAL RAMON CASTILLA,LORETO,595.7142857142858,False,,False
4458,140307,MOTUPE,LAMBAYEQUE,LAMBAYEQUE,749.5833333333334,False,54.60138364516693,True
4459,140119,PUCALA,CHICLAYO,LAMBAYEQUE,597.1999999999999,False,35.58129884122506,True
4460,160303,TIGRE,LORETO,LORETO,279.48387096774195,False,,False
4461,120704,HUASAHUASI,TARMA,JUNIN,296.11538461538464,False,89.31426673639957,True
4462,160705,PASTAZA,DATEM DEL MARAÑON,LORETO,138.2127659574468,False,,False
4463,120802,CHACAPALPA,YAULI,JUNIN,10.352941176470587,False,37.100708714374456,True
4464,120114,EL TAMBO,HUANCAYO,JUNIN,6923.458333333333,False,2.5547427147442234,True
4465,120418,MOLINOS,JAUJA,JUNIN,89.52941176470588,False,,False
4466,120403,APATA,JAUJA,JUNIN,83.34693877551021,False,26.55390515200261,True
4467,160507,SAQUENA,REQUENA,LORETO,558.3333333333333,False,,False
4468,120606,PANGOA,SATIPO,JUNIN,618.2346938775511,False,15.688335750027493,True
4469,120503,ONDORES,JUNIN,JUNIN,23.740259740259738,False,28.780313361442218,True
4470,120301,CHANCHAMAYO,CHANCHAMAYO,JUNIN,654.3684210526316,False,3.2777344036695295,True
4471,160401,RAMON CASTILLA,MARISCAL RAMON CASTILLA,LORETO,595.7142857142858,False,,False
4472,120708,SAN PEDRO DE CAJAS,TARMA,JUNIN,153.21621621621622,False,26.7599868289993,True
4473,140205,PITIPO,FERREÑAFE,LAMBAYEQUE,691.8285714285714,False,32.89289504765627,True
4474,120707,PALCAMAYO,TARMA,JUNIN,382.92,False,40.27268814423386,True
4475,120601,SATIPO,SATIPO,JUNIN,650.0597014925373,False,24.887853083560625,True
4476,120414,LLOCLLAPAMPA,JAUJA,JUNIN,125.125,False,44.87606869262569,True
4477,120210,MATAHUASI,CONCEPCION,JUNIN,646.375,False,4.861836364390592,True
4478,160603,PADRE MARQUEZ,UCAYALI,LORETO,564.3571428571429,False,,False
4479,160106,MAZAN,MAYNAS,LORETO,379.9189189189189,False,,False
4480,160601,CONTAMANA,UCAYALI,LORETO,638.5909090909091,False,,False
4481,160305,URARINAS,LORETO,LORETO,293.6538461538462,False,,False
4482,160101,IQUITOS,MAYNAS,LORETO,10790.857142857143,False,,False
4483,160301,NAUTA,LORETO,LORETO,567.2407407407408,False,,False
4484,160103,FERNANDO LORES,MAYNAS,LORETO,349.93220338983053,False,,False
4485,120305,SAN RAMON,CHANCHAMAYO,JUNIN,746.7567567567568,False,15.6229271401446,True
4486,160303,TIGRE,LORETO,LORETO,279.48387096774195,False,,False
4487,120804,MARCAPOMACOCHA,YAULI,JUNIN,14.252747252747252,False,81.10145221687232,True
4488,140119,PUCALA,CHICLAYO,LAMBAYEQUE,597.1999999999999,False,39.70688850616872,True
4489,120701,TARMA,TARMA,JUNIN,941.4285714285714,False,0.8075642460738472,True
4490,140311,SAN JOSE,LAMBAYEQUE,LAMBAYEQUE,2106.375,False,13.163424711573231,True
4491,140301,LAMBAYEQUE,LAMBAYEQUE,LAMBAYEQUE,2049.0769230769233,False,4.206575093794151,True
4492,120702,ACOBAMBA,TARMA,JUNIN,849.125,False,18.257105421915824,True
4493,120501,JUNIN,JUNIN,JUNIN,96.85714285714286,False,4.476948962326347,True
4494,120504,ULCUMAYO,JUNIN,JUNIN,93.27419354838709,False,46.75283417203408,True
4495,160401,RAMON CASTILLA,MARISCAL RAMON CASTILLA,LORETO,595.7142857142858,False,,False
4496,120301,CHANCHAMAYO,CHANCHAMAYO,JUNIN,654.3684210526316,False,18.01553080129824,True
4497,120608,RIO TAMBO,SATIPO,JUNIN,729.2738095238095,False,,False
4498,120301,CHANCHAMAYO,CHANCHAMAYO,JUNIN,654.3684210526316,False,34.05314578765929,True
4499,160506,PUINAHUA,REQUENA,LORETO,617.0,False,,False
4500,120704,HUASAHUASI,TARMA,JUNIN,296.11538461538464,False,84.54733799137989,True
4501,120601,SATIPO,SATIPO,JUNIN,650.0597014925373,False,69.34163788181334,True
4502,160107,NAPO,MAYNAS,LORETO,371.00000000000006,False,,False
4503,120807,SANTA BARBARA DE CARHUACAYAN,YAULI,JUNIN,24.989473684210523,False,101.25828411671635,True
4504,140306,MORROPE,LAMBAYEQUE,LAMBAYEQUE,1282.5675675675675,False,33.72097327135866,True
4505,120606,PANGOA,SATIPO,JUNIN,618.2346938775511,False,165.4751153080668,True
4506,120503,ONDORES,JUNIN,JUNIN,23.740259740259738,False,49.53508627853844,True
4507,140101,CHICLAYO,CHICLAYO,LAMBAYEQUE,8778.44117647059,False,0.23293446282032382,True
4508,140202,CAÑARIS,FERREÑAFE,LAMBAYEQUE,528.1071428571429,False,195.0484982621263,True
4509,120502,CARHUAMAYO,JUNIN,JUNIN,228.47058823529414,False,50.389790309669166,True
4510,120606,PANGOA,SATIPO,JUNIN,618.2346938775511,False,23.90858093227901,True
4511,140307,MOTUPE,LAMBAYEQUE,LAMBAYEQUE,749.5833333333334,False,51.46651936358062,True
4512,140308,OLMOS,LAMBAYEQUE,LAMBAYEQUE,437.7578947368421,False,98.41573233361885,True
4513,120901,CHUPACA,CHUPACA,JUNIN,4481.4,False,10.488333705048193,True
4514,120422,PACA,JAUJA,JUNIN,247.0,False,17.43734804916562,True
4515,160402,PEBAS,MARISCAL RAMON CASTILLA,LORETO,346.1372549019608,False,,False
4516,120305,SAN RAMON,CHANCHAMAYO,JUNIN,746.7567567567568,False,19.350550092948996,True
4517,120501,JUNIN,JUNIN,JUNIN,96.85714285714286,False,23.013122340940388,True
4518,140307,MOTUPE,LAMBAYEQUE,LAMBAYEQUE,749.5833333333334,False,67.87765486237207,True
4519,140202,CAÑARIS,FERREÑAFE,LAMBAYEQUE,528.1071428571429,False,206.35039498181848,True
4520,120803,HUAY-HUAY,YAULI,JUNIN,22.333333333333332,False,49.5576414857473,True
4521,120433,YAULI,JAUJA,JUNIN,108.66666666666667,False,37.79800918160875,True
4522,120909,YANACANCHA,CHUPACA,JUNIN,65.68518518518518,False,86.07829245960548,True
4523,120501,JUNIN,JUNIN,JUNIN,96.85714285714286,False,13.939677342341344,True
4524,140305,MOCHUMI,LAMBAYEQUE,LAMBAYEQUE,778.68,False,28.52385915605819,True
4525,160104,INDIANA,MAYNAS,LORETO,363.64516129032256,False,,False
4526,140120,TUMAN,CHICLAYO,LAMBAYEQUE,2362.538461538462,False,23.65943465473917,True
4527,160504,EMILIO SAN MARTIN,REQUENA,LORETO,424.2777777777778,False,,False
4528,140301,LAMBAYEQUE,LAMBAYEQUE,LAMBAYEQUE,2049.0769230769233,False,11.450059821089955,True
4529,120114,EL TAMBO,HUANCAYO,JUNIN,6923.458333333333,False,0.7779564439259696,True
4530,160103,FERNANDO LORES,MAYNAS,LORETO,349.93220338983053,False,,False
4531,140108,MONSEFU,CHICLAYO,LAMBAYEQUE,1404.9565217391305,False,16.177936540516846,True
4532,120305,SAN RAMON,CHANCHAMAYO,JUNIN,746.7567567567568,False,20.769986932456234,True
4533,120701,TARMA,TARMA,JUNIN,941.4285714285714,False,4.173063560935441,True
4534,120810,YAULI,YAULI,JUNIN,113.62222222222222,False,44.209169144425125,True
4535,160402,PEBAS,MARISCAL RAMON CASTILLA,LORETO,346.1372549019608,False,,False
4536,160303,TIGRE,LORETO,LORETO,279.48387096774195,False,,False
4537,120206,COMAS,CONCEPCION,JUNIN,134.95555555555555,False,37.04545451967548,True
4538,160705,PASTAZA,DATEM DEL MARAÑON,LORETO,138.2127659574468,False,,False
4539,160504,EMILIO SAN MARTIN,REQUENA,LORETO,424.2777777777778,False,,False
4540,120601,SATIPO,SATIPO,JUNIN,650.0597014925373,False,5.661019346804422,True
4541,160509,TAPICHE,REQUENA,LORETO,207.5,False,,False
4542,120302,PERENE,CHANCHAMAYO,JUNIN,902.7325581395348,False,37.48977922907086,True
4543,160202,BALSAPUERTO,ALTO AMAZONAS,LORETO,311.0689655172414,False,,False
4544,140118,POMALCA,CHICLAYO,LAMBAYEQUE,2870.1111111111113,False,19.108376575542273,True
4545,120807,SANTA BARBARA DE CARHUACAYAN,YAULI,JUNIN,24.989473684210523,False,89.10966631653632,True
4546,160108,PUNCHANA,MAYNAS,LORETO,3038.7419354838707,False,7.461810327735032,True
4547,140310,SALAS,LAMBAYEQUE,LAMBAYEQUE,200.86153846153846,False,82.62661678669274,True
4548,160113,SAN JUAN BAUTISTA,MAYNAS,LORETO,3236.38,False,68.78151772895922,True
4549,160301,NAUTA,LORETO,LORETO,567.2407407407408,False,,False
4550,160601,CONTAMANA,UCAYALI,LORETO,638.5909090909091,False,,False
4551,120803,HUAY-HUAY,YAULI,JUNIN,22.333333333333332,False,48.12790461539906,True
4552,120606,PANGOA,SATIPO,JUNIN,618.2346938775511,False,18.193479723630258,True
4553,160210,SANTA CRUZ,ALTO AMAZONAS,LORETO,188.95833333333334,False,,False
4554,120501,JUNIN,JUNIN,JUNIN,96.85714285714286,False,17.846560723441044,True
4555,140108,MONSEFU,CHICLAYO,LAMBAYEQUE,1404.9565217391305,True,11.668025265002905,True
4556,140201,FERREÑAFE,FERREÑAFE,LAMBAYEQUE,1710.4285714285716,False,21.838387504139217,True
4557,120810,YAULI,YAULI,JUNIN,113.62222222222222,False,49.19603086952533,True
4558,140310,SALAS,LAMBAYEQUE,LAMBAYEQUE,200.86153846153846,False,,False
4559,120303,PICHANAQUI,CHANCHAMAYO,JUNIN,1118.71875,False,8.663454650217277,True
4560,140110,OYOTUN,CHICLAYO,LAMBAYEQUE,449.0454545454545,False,99.27670041802952,True
4561,140308,OLMOS,LAMBAYEQUE,LAMBAYEQUE,437.7578947368421,False,116.8502206805157,True
4562,120305,SAN RAMON,CHANCHAMAYO,JUNIN,746.7567567567568,False,8.243778602065989,True
4563,120206,COMAS,CONCEPCION,JUNIN,134.95555555555555,False,59.545256575687546,True
4564,140301,LAMBAYEQUE,LAMBAYEQUE,LAMBAYEQUE,2049.0769230769233,False,16.38345396381392,True
4565,120605,PAMPA HERMOSA,SATIPO,JUNIN,454.125,False,30.649303253069107,True
4566,120403,APATA,JAUJA,JUNIN,83.34693877551021,False,10.578949735097778,True
4567,140306,MORROPE,LAMBAYEQUE,LAMBAYEQUE,1282.5675675675675,False,35.22264866902219,True
4568,160202,BALSAPUERTO,ALTO AMAZONAS,LORETO,311.0689655172414,False,64.38961033965003,True
4569,120302,PERENE,CHANCHAMAYO,JUNIN,902.7325581395348,False,56.66309335750566,True
4570,120113,CULLHUAS,HUANCAYO,JUNIN,244.88888888888886,True,18.523679643319316,True
4571,120206,COMAS,CONCEPCION,JUNIN,134.95555555555555,False,80.69898083370178,True
4572,140204,MANUEL ANTONIO MESONES MURO,FERREÑAFE,LAMBAYEQUE,193.36363636363635,False,28.324601294629176,True
4573,120606,PANGOA,SATIPO,JUNIN,618.2346938775511,False,166.26465741445224,True
4574,160801,PUTUMAYO,PUTUMAYO,LORETO,241.16666666666666,False,,False
4575,160303,TIGRE,LORETO,LORETO,279.48387096774195,False,,False
4576,140117,PATAPO,CHICLAYO,LAMBAYEQUE,1343.7058823529412,False,28.015722892003332,True
4577,160605,SARAYACU,UCAYALI,LORETO,676.5200000000001,False,,False
4578,120802,CHACAPALPA,YAULI,JUNIN,10.352941176470587,False,34.82639453296512,True
4579,120306,VITOC,CHANCHAMAYO,JUNIN,96.33333333333333,False,44.83402740827445,True
4580,120902,AHUAC,CHUPACA,JUNIN,423.7142857142857,False,15.481844153283836,True
4581,160202,BALSAPUERTO,ALTO AMAZONAS,LORETO,311.0689655172414,False,,False
4582,140308,OLMOS,LAMBAYEQUE,LAMBAYEQUE,437.7578947368421,False,101.31332157245856,True
4583,160301,NAUTA,LORETO,LORETO,567.2407407407408,False,,False
4584,120809,SUITUCANCHA,YAULI,JUNIN,15.599999999999998,False,78.4552638504998,True
4585,160403,YAVARI,MARISCAL RAMON CASTILLA,LORETO,362.55555555555554,False,,False
4586,120433,YAULI,JAUJA,JUNIN,108.66666666666667,False,8.084717510750789,True
4587,160201,YURIMAGUAS,ALTO AMAZONAS,LORETO,1234.1166666666666,False,34.34285020144368,True
4588,140312,TUCUME,LAMBAYEQUE,LAMBAYEQUE,1108.952380952381,False,26.63949600437079,True
4589,140106,LA VICTORIA,CHICLAYO,LAMBAYEQUE,6204.599999999999,False,13.20134387385976,True
4590,160202,BALSAPUERTO,ALTO AMAZONAS,LORETO,311.0689655172414,False,,False
4591,120606,PANGOA,SATIPO,JUNIN,618.2346938775511,False,12.676567880076215,True
4592,120809,SUITUCANCHA,YAULI,JUNIN,15.599999999999998,False,76.71328497829695,True
4593,160107,NAPO,MAYNAS,LORETO,371.00000000000006,False,,False
4594,160603,PADRE MARQUEZ,UCAYALI,LORETO,564.3571428571429,False,,False
4595,120608,RIO TAMBO,SATIPO,JUNIN,729.2738095238095,False,420.0191597916921,True
4596,120406,CURICACA,JAUJA,JUNIN,164.5,False,32.40303061154763,True
4597,160102,ALTO NANAY,MAYNAS,LORETO,102.13333333333334,False,,False
4598,120414,LLOCLLAPAMPA,JAUJA,JUNIN,125.125,False,44.87606869262569,True
4599,160601,CONTAMANA,UCAYALI,LORETO,638.5909090909091,False,,False
4600,120201,CONCEPCION,CONCEPCION,JUNIN,2144.285714285714,False,7.996658767221774,True
4601,140112,PIMENTEL,CHICLAYO,LAMBAYEQUE,1706.4814814814818,False,2.3128383169244855,True
4602,140205,PITIPO,FERREÑAFE,LAMBAYEQUE,691.8285714285714,False,31.618207906262054,True
4603,120601,SATIPO,SATIPO,JUNIN,650.0597014925373,False,29.265266831725093,True
4604,120427,RICRAN,JAUJA,JUNIN,48.96874999999999,False,37.79800918160875,True
4605,140110,OYOTUN,CHICLAYO,LAMBAYEQUE,449.0454545454545,False,233.75847437554674,True
4606,120607,RIO NEGRO,SATIPO,JUNIN,650.0,False,47.77185940768111,True
4607,120809,SUITUCANCHA,YAULI,JUNIN,15.599999999999998,False,56.96436572679025,True
4608,160107,NAPO,MAYNAS,LORETO,371.00000000000006,False,,False
4609,140306,MORROPE,LAMBAYEQUE,LAMBAYEQUE,1282.5675675675675,False,23.998113865523145,True
4610,160603,PADRE MARQUEZ,UCAYALI,LORETO,564.3571428571429,False,,False
4611,120802,CHACAPALPA,YAULI,JUNIN,10.352941176470587,False,37.100708714374456,True
4612,160501,REQUENA,REQUENA,LORETO,1107.2857142857142,False,,False
4613,160706,ANDOAS,DATEM DEL MARAÑON,LORETO,221.87931034482762,False,,False
4614,120607,RIO NEGRO,SATIPO,JUNIN,650.0,False,51.41818314697162,True
4615,120809,SUITUCANCHA,YAULI,JUNIN,15.599999999999998,False,79.0741591860615,True
4616,120804,MARCAPOMACOCHA,YAULI,JUNIN,14.252747252747252,False,,False
4617,140201,FERREÑAFE,FERREÑAFE,LAMBAYEQUE,1710.4285714285716,False,26.65078357171025,True
4618,160702,CAHUAPANAS,DATEM DEL MARAÑON,LORETO,278.6774193548387,False,,False
4619,140204,MANUEL ANTONIO MESONES MURO,FERREÑAFE,LAMBAYEQUE,193.36363636363635,False,30.68983648373748,True
4620,120803,HUAY-HUAY,YAULI,JUNIN,22.333333333333332,False,,False
4621,140206,PUEBLO NUEVO,FERREÑAFE,LAMBAYEQUE,1047.6153846153848,False,17.01789758963322,True
4622,160701,BARRANCA,DATEM DEL MARAÑON,LORETO,379.5405405405405,False,,False
4623,160206,LAGUNAS,ALTO AMAZONAS,LORETO,520.8571428571429,False,,False
4624,140308,OLMOS,LAMBAYEQUE,LAMBAYEQUE,437.7578947368421,False,79.80581391369066,True
4625,140106,LA VICTORIA,CHICLAYO,LAMBAYEQUE,6204.599999999999,False,8.494298188259279,True
4626,140312,TUCUME,LAMBAYEQUE,LAMBAYEQUE,1108.952380952381,False,28.410301457501195,True
4627,120608,RIO TAMBO,SATIPO,JUNIN,729.2738095238095,False,210.20553499738995,True
4628,160305,URARINAS,LORETO,LORETO,293.6538461538462,False,,False
4629,140301,LAMBAYEQUE,LAMBAYEQUE,LAMBAYEQUE,2049.0769230769233,False,17.162393826793252,True
4630,120806,PACCHA,YAULI,JUNIN,58.89285714285714,False,31.73121494108026,True
4631,120302,PERENE,CHANCHAMAYO,JUNIN,902.7325581395348,False,52.53889245687452,True
4632,120604,MAZAMARI,SATIPO,JUNIN,1065.8032786885246,False,14.583093177562588,True
4633,160210,SANTA CRUZ,ALTO AMAZONAS,LORETO,188.95833333333334,False,,False
4634,140308,OLMOS,LAMBAYEQUE,LAMBAYEQUE,437.7578947368421,False,144.5944526350883,True
4635,160601,CONTAMANA,UCAYALI,LORETO,638.5909090909091,False,,False
4636,160105,LAS AMAZONAS,MAYNAS,LORETO,283.59999999999997,False,,False
4637,120302,PERENE,CHANCHAMAYO,JUNIN,902.7325581395348,False,41.34101208688136,True
4638,140112,PIMENTEL,CHICLAYO,LAMBAYEQUE,1706.4814814814818,False,8.839821554354547,True
4639,120301,CHANCHAMAYO,CHANCHAMAYO,JUNIN,654.3684210526316,False,93.92159426956451,True
4640,120501,JUNIN,JUNIN,JUNIN,96.85714285714286,False,24.78270683829608,True
4641,120607,RIO NEGRO,SATIPO,JUNIN,650.0,False,50.951686291599785,True
4642,120427,RICRAN,JAUJA,JUNIN,48.96874999999999,False,46.372161826048874,True
4643,120706,PALCA,TARMA,JUNIN,223.4,False,34.82088502762987,True
4644,120501,JUNIN,JUNIN,JUNIN,96.85714285714286,False,27.622542848636883,True
4645,140112,PIMENTEL,CHICLAYO,LAMBAYEQUE,1706.4814814814818,False,3.82912579950123,True
4646,120113,CULLHUAS,HUANCAYO,JUNIN,244.88888888888886,False,28.41846649527748,True
4647,120305,SAN RAMON,CHANCHAMAYO,JUNIN,746.7567567567568,False,67.08990119962866,True
4648,160704,MORONA,DATEM DEL MARAÑON,LORETO,324.0238095238095,False,,False
4649,160105,LAS AMAZONAS,MAYNAS,LORETO,283.59999999999997,False,,False
4650,120405,CANCHAYLLO,JAUJA,JUNIN,118.42857142857143,False,42.96145394845857,True
4651,120113,CULLHUAS,HUANCAYO,JUNIN,244.88888888888886,False,18.464934498282396,True
4652,160703,MANSERICHE,DATEM DEL MARAÑON,LORETO,396.55555555555554,False,,False
4653,160702,CAHUAPANAS,DATEM DEL MARAÑON,LORETO,278.6774193548387,False,,False
4654,120303,PICHANAQUI,CHANCHAMAYO,JUNIN,1118.71875,False,39.11739421266478,True
4655,160501,REQUENA,REQUENA,LORETO,1107.2857142857142,False,,False
4656,160402,PEBAS,MARISCAL RAMON CASTILLA,LORETO,346.1372549019608,False,,False
4657,160301,NAUTA,LORETO,LORETO,567.2407407407408,False,,False
4658,120427,RICRAN,JAUJA,JUNIN,48.96874999999999,False,40.141944797384156,True
4659,120411,JANJAILLO,JAUJA,JUNIN,68.1,False,27.746980755889233,True
4660,120101,HUANCAYO,HUANCAYO,JUNIN,7439.062500000001,False,,False
4661,140204,MANUEL ANTONIO MESONES MURO,FERREÑAFE,LAMBAYEQUE,193.36363636363635,False,25.74559534945564,True
4662,140301,LAMBAYEQUE,LAMBAYEQUE,LAMBAYEQUE,2049.0769230769233,False,18.02451865821885,True
4663,140101,CHICLAYO,CHICLAYO,LAMBAYEQUE,8778.44117647059,False,2.4274802816818783,True
4664,120809,SUITUCANCHA,YAULI,JUNIN,15.599999999999998,False,56.391642763547985,True
4665,160113,SAN JUAN BAUTISTA,MAYNAS,LORETO,3236.38,False,16.949583288686693,True
4666,120608,RIO TAMBO,SATIPO,JUNIN,729.2738095238095,False,,False
4667,120501,JUNIN,JUNIN,JUNIN,96.85714285714286,False,4.623103103355512,True
4668,140306,MORROPE,LAMBAYEQUE,LAMBAYEQUE,1282.5675675675675,False,35.51438319422889,True
4669,120302,PERENE,CHANCHAMAYO,JUNIN,902.7325581395348,False,45.979711874189746,True
4670,160108,PUNCHANA,MAYNAS,LORETO,3038.7419354838707,False,,False
4671,160107,NAPO,MAYNAS,LORETO,371.00000000000006,False,,False
4672,160301,NAUTA,LORETO,LORETO,567.2407407407408,False,,False
4673,120407,EL MANTARO,JAUJA,JUNIN,640.5,False,14.777929027827488,True
4674,120708,SAN PEDRO DE CAJAS,TARMA,JUNIN,153.21621621621622,False,16.35822424310518,True
4675,140108,MONSEFU,CHICLAYO,LAMBAYEQUE,1404.9565217391305,False,12.417945379905735,True
4676,120501,JUNIN,JUNIN,JUNIN,96.85714285714286,False,29.670780200885773,True
4677,120425,PARCO,JAUJA,JUNIN,164.57142857142858,False,21.58146001390086,True
4678,140102,CHONGOYAPE,CHICLAYO,LAMBAYEQUE,724.0400000000001,False,56.79872732555805,True
4679,160504,EMILIO SAN MARTIN,REQUENA,LORETO,424.2777777777778,False,,False
4680,160113,SAN JUAN BAUTISTA,MAYNAS,LORETO,3236.38,False,18.902096166219174,True
4681,120807,SANTA BARBARA DE CARHUACAYAN,YAULI,JUNIN,24.989473684210523,False,86.62026919951069,True
4682,160301,NAUTA,LORETO,LORETO,567.2407407407408,False,,False
4683,160301,NAUTA,LORETO,LORETO,567.2407407407408,False,102.55435769200375,True
4684,140201,FERREÑAFE,FERREÑAFE,LAMBAYEQUE,1710.4285714285716,False,30.795431264114924,True
4685,120301,CHANCHAMAYO,CHANCHAMAYO,JUNIN,654.3684210526316,False,22.444481609996103,True
4686,120809,SUITUCANCHA,YAULI,JUNIN,15.599999999999998,False,66.06740537562614,True
4687,120703,HUARICOLCA,TARMA,JUNIN,295.5454545454545,False,30.74546991569425,True
4688,120302,PERENE,CHANCHAMAYO,JUNIN,902.7325581395348,False,38.85305439185844,True
4689,140110,OYOTUN,CHICLAYO,LAMBAYEQUE,449.0454545454545,False,102.34135061159246,True
4690,160402,PEBAS,MARISCAL RAMON CASTILLA,LORETO,346.1372549019608,False,,False
4691,140303,ILLIMO,LAMBAYEQUE,LAMBAYEQUE,941.5000000000001,False,21.824598159724218,True
4692,120403,APATA,JAUJA,JUNIN,83.34693877551021,False,34.88077072130469,True
4693,160210,SANTA CRUZ,ALTO AMAZONAS,LORETO,188.95833333333334,False,,False
4694,120601,SATIPO,SATIPO,JUNIN,650.0597014925373,False,40.54405750895707,True
4695,120901,CHUPACA,CHUPACA,JUNIN,4481.4,True,9.173163433861337,True
4696,120119,HUANCAN,HUANCAYO,JUNIN,3624.0,False,7.91024597718455,True
4697,140203,INCAHUASI,FERREÑAFE,LAMBAYEQUE,302.5576923076923,False,163.512188437264,True
4698,120608,RIO TAMBO,SATIPO,JUNIN,729.2738095238095,False,68.38452089052319,True
4699,140117,PATAPO,CHICLAYO,LAMBAYEQUE,1343.7058823529412,True,20.681458289999924,True
4700,160801,PUTUMAYO,PUTUMAYO,LORETO,241.16666666666666,False,,False
4701,160113,SAN JUAN BAUTISTA,MAYNAS,LORETO,3236.38,False,71.61537239062763,True
4702,140105,JOSE LEONARDO ORTIZ,CHICLAYO,LAMBAYEQUE,11714.352941176472,False,3.5770602405769036,True
4703,120704,HUASAHUASI,TARMA,JUNIN,296.11538461538464,False,57.137215396715476,True
4704,120302,PERENE,CHANCHAMAYO,JUNIN,902.7325581395348,False,45.979711874189746,True
4705,120701,TARMA,TARMA,JUNIN,941.4285714285714,False,8.033701635574205,True
4706,120802,CHACAPALPA,YAULI,JUNIN,10.352941176470587,False,23.741154414399375,True
4707,120114,EL TAMBO,HUANCAYO,JUNIN,6923.458333333333,False,1.5351711783346227,True
4708,140308,OLMOS,LAMBAYEQUE,LAMBAYEQUE,437.7578947368421,False,109.04608084722403,True
4709,140308,OLMOS,LAMBAYEQUE,LAMBAYEQUE,437.7578947368421,False,100.96950641147039,True
4710,160803,TENIENTE MANUEL CLAVERO,PUTUMAYO,LORETO,237.04000000000002,False,,False
4711,140202,CAÑARIS,FERREÑAFE,LAMBAYEQUE,528.1071428571429,False,164.92296964614098,True
4712,120426,POMACANCHA,JAUJA,JUNIN,131.66666666666669,False,66.50620752615052,True
4713,120806,PACCHA,YAULI,JUNIN,58.89285714285714,False,29.982871676838542,True
4714,120124,PARIAHUANCA,HUANCAYO,JUNIN,174.75757575757575,False,110.94840245241544,True
4715,120501,JUNIN,JUNIN,JUNIN,96.85714285714286,False,18.045037493519626,True
4716,120304,SAN LUIS DE SHUARO,CHANCHAMAYO,JUNIN,435.0,False,25.91662516921454,True
4717,160703,MANSERICHE,DATEM DEL MARAÑON,LORETO,396.55555555555554,False,,False
4718,120302,PERENE,CHANCHAMAYO,JUNIN,902.7325581395348,False,45.473772947142606,True
4719,160401,RAMON CASTILLA,MARISCAL RAMON CASTILLA,LORETO,595.7142857142858,False,,False
4720,120135,SANTO DOMINGO DE ACOBAMBA,HUANCAYO,JUNIN,268.1379310344828,False,177.39707637787942,True
4721,140310,SALAS,LAMBAYEQUE,LAMBAYEQUE,200.86153846153846,False,142.1308328256369,True
4722,160704,MORONA,DATEM DEL MARAÑON,LORETO,324.0238095238095,False,,False
4723,120433,YAULI,JAUJA,JUNIN,108.66666666666667,False,21.06047179246648,True
4724,120903,CHONGOS BAJO,CHUPACA,JUNIN,190.76190476190476,False,60.17735879388525,True
4725,160804,YAGUAS,PUTUMAYO,LORETO,113.8181818181818,False,,False
4726,120434,YAUYOS,JAUJA,JUNIN,1170.0,False,1.913678734582316,True
4727,120810,YAULI,YAULI,JUNIN,113.62222222222222,False,30.50671288055553,True
4728,120804,MARCAPOMACOCHA,YAULI,JUNIN,14.252747252747252,False,107.28261553904488,True
4729,120503,ONDORES,JUNIN,JUNIN,23.740259740259738,False,28.780313361442218,True
4730,120104,CARHUACALLANGA,HUANCAYO,JUNIN,349.5,False,87.84342975338417,True
4731,140301,LAMBAYEQUE,LAMBAYEQUE,LAMBAYEQUE,2049.0769230769233,False,18.960703358473122,True
4732,160603,PADRE MARQUEZ,UCAYALI,LORETO,564.3571428571429,False,,False
4733,120403,APATA,JAUJA,JUNIN,83.34693877551021,False,40.940485753138894,True
4734,140204,MANUEL ANTONIO MESONES MURO,FERREÑAFE,LAMBAYEQUE,193.36363636363635,False,31.165517181834907,True
4735,160703,MANSERICHE,DATEM DEL MARAÑON,LORETO,396.55555555555554,False,,False
4736,120423,PACCHA,JAUJA,JUNIN,164.09090909090907,False,25.270756057653376,True
4737,120127,QUICHUAY,HUANCAYO,JUNIN,193.88888888888886,False,10.00856825348097,True
4738,140308,OLMOS,LAMBAYEQUE,LAMBAYEQUE,437.7578947368421,False,117.75671178396537,True
4739,120809,SUITUCANCHA,YAULI,JUNIN,15.599999999999998,False,72.01510030274632,True
4740,120302,PERENE,CHANCHAMAYO,JUNIN,902.7325581395348,False,54.23712408551794,True
4741,140310,SALAS,LAMBAYEQUE,LAMBAYEQUE,200.86153846153846,False,119.65765957768953,True
4742,120608,RIO TAMBO,SATIPO,JUNIN,729.2738095238095,False,,False
4743,120431,SINCOS,JAUJA,JUNIN,307.0,False,29.00376862928441,True
4744,140310,SALAS,LAMBAYEQUE,LAMBAYEQUE,200.86153846153846,False,152.08629299141722,True
4745,160510,JENARO HERRERA,REQUENA,LORETO,822.0,False,,False
4746,120423,PACCHA,JAUJA,JUNIN,164.09090909090907,False,12.936281990559536,True
4747,160803,TENIENTE MANUEL CLAVERO,PUTUMAYO,LORETO,237.04000000000002,False,,False
4748,140106,LA VICTORIA,CHICLAYO,LAMBAYEQUE,6204.599999999999,False,6.152834534221146,True
4749,160706,ANDOAS,DATEM DEL MARAÑON,LORETO,221.87931034482762,False,,False
4750,160701,BARRANCA,DATEM DEL MARAÑON,LORETO,379.5405405405405,False,,False
4751,160704,MORONA,DATEM DEL MARAÑON,LORETO,324.0238095238095,False,,False
4752,120503,ONDORES,JUNIN,JUNIN,23.740259740259738,False,29.708384012504936,True
4753,120605,PAMPA HERMOSA,SATIPO,JUNIN,454.125,False,71.45864546625658,True
4754,160202,BALSAPUERTO,ALTO AMAZONAS,LORETO,311.0689655172414,False,,False
4755,120504,ULCUMAYO,JUNIN,JUNIN,93.27419354838709,False,57.98037119547185,True
4756,160706,ANDOAS,DATEM DEL MARAÑON,LORETO,221.87931034482762,False,,False
4757,120120,HUASICANCHA,HUANCAYO,JUNIN,120.28571428571429,False,84.45064836361115,True
4758,160210,SANTA CRUZ,ALTO AMAZONAS,LORETO,188.95833333333334,False,,False
4759,120423,PACCHA,JAUJA,JUNIN,164.09090909090907,False,29.08652123080954,True
4760,160108,PUNCHANA,MAYNAS,LORETO,3038.7419354838707,False,19.507831119120596,True
4761,140306,MORROPE,LAMBAYEQUE,LAMBAYEQUE,1282.5675675675675,False,34.37357246413686,True
4762,140115,SAÑA,CHICLAYO,LAMBAYEQUE,885.5,False,50.07020333018491,True
4763,160108,PUNCHANA,MAYNAS,LORETO,3038.7419354838707,False,39.28009942853282,True
4764,160404,SAN PABLO,MARISCAL RAMON CASTILLA,LORETO,575.0,False,,False
4765,140201,FERREÑAFE,FERREÑAFE,LAMBAYEQUE,1710.4285714285716,False,28.052206835577408,True
4766,120804,MARCAPOMACOCHA,YAULI,JUNIN,14.252747252747252,False,78.53536970083452,True
4767,120112,COLCA,HUANCAYO,JUNIN,159.0769230769231,False,40.13223862018991,True
4768,120903,CHONGOS BAJO,CHUPACA,JUNIN,190.76190476190476,False,10.235638435975456,True
4769,140304,JAYANCA,LAMBAYEQUE,LAMBAYEQUE,601.3000000000001,False,31.668654077290498,True
4770,120128,QUILCAS,HUANCAYO,JUNIN,152.42857142857142,False,39.19624793496734,True
4771,160201,YURIMAGUAS,ALTO AMAZONAS,LORETO,1234.1166666666666,False,3.6887288925013793,True
4772,160304,TROMPETEROS,LORETO,LORETO,533.1428571428572,False,,False
4773,120603,LLAYLLA,SATIPO,JUNIN,401.0625,False,31.0357928487707,True
4774,120607,RIO NEGRO,SATIPO,JUNIN,650.0,False,25.747983638991187,True
4775,160605,SARAYACU,UCAYALI,LORETO,676.5200000000001,False,,False
4776,160701,BARRANCA,DATEM DEL MARAÑON,LORETO,379.5405405405405,False,,False
4777,160202,BALSAPUERTO,ALTO AMAZONAS,LORETO,311.0689655172414,False,,False
4778,120608,RIO TAMBO,SATIPO,JUNIN,729.2738095238095,False,,False
4779,140304,JAYANCA,LAMBAYEQUE,LAMBAYEQUE,601.3000000000001,False,31.466434214022577,True
4780,160504,EMILIO SAN MARTIN,REQUENA,LORETO,424.2777777777778,False,,False
4781,120501,JUNIN,JUNIN,JUNIN,96.85714285714286,False,17.415608426807985,True
4782,120804,MARCAPOMACOCHA,YAULI,JUNIN,14.252747252747252,False,76.32738329145933,True
4783,120608,RIO TAMBO,SATIPO,JUNIN,729.2738095238095,False,224.2912920500367,True
4784,140303,ILLIMO,LAMBAYEQUE,LAMBAYEQUE,941.5000000000001,False,24.16865026985106,True
4785,120802,CHACAPALPA,YAULI,JUNIN,10.352941176470587,False,39.16465013878331,True
4786,160211,TENIENTE CESAR LOPEZ ROJAS,ALTO AMAZONAS,LORETO,306.5,False,,False
4787,140206,PUEBLO NUEVO,FERREÑAFE,LAMBAYEQUE,1047.6153846153848,False,22.157685897058702,True
4788,160507,SAQUENA,REQUENA,LORETO,558.3333333333333,False,,False
4789,160107,NAPO,MAYNAS,LORETO,371.00000000000006,False,,False
4790,120801,LA OROYA,YAULI,JUNIN,349.3611111111111,False,42.17555648616002,True
4791,160104,INDIANA,MAYNAS,LORETO,363.64516129032256,False,,False
4792,160706,ANDOAS,DATEM DEL MARAÑON,LORETO,221.87931034482762,False,,False
4793,120303,PICHANAQUI,CHANCHAMAYO,JUNIN,1118.71875,False,38.169594835492276,True
4794,120129,SAN AGUSTIN,HUANCAYO,JUNIN,1992.5,False,6.877400070576008,True
4795,140308,OLMOS,LAMBAYEQUE,LAMBAYEQUE,437.7578947368421,False,131.6683800650464,True
4796,160210,SANTA CRUZ,ALTO AMAZONAS,LORETO,188.95833333333334,False,,False
4797,120701,TARMA,TARMA,JUNIN,941.4285714285714,False,12.71115309932693,True
4798,160702,CAHUAPANAS,DATEM DEL MARAÑON,LORETO,278.6774193548387,False,,False
4799,160804,YAGUAS,PUTUMAYO,LORETO,113.8181818181818,False,,False
4800,120807,SANTA BARBARA DE CARHUACAYAN,YAULI,JUNIN,24.989473684210523,False,86.62026919951069,True
4801,120707,PALCAMAYO,TARMA,JUNIN,382.92,False,28.7446812256908,True
4802,140202,CAÑARIS,FERREÑAFE,LAMBAYEQUE,528.1071428571429,False,206.35039498181848,True
4803,120214,SAN JOSE DE QUERO,CONCEPCION,JUNIN,254.41666666666669,False,48.9772128154975,True
4804,120703,HUARICOLCA,TARMA,JUNIN,295.5454545454545,False,30.74546991569425,True
4805,120608,RIO TAMBO,SATIPO,JUNIN,729.2738095238095,False,445.71978523482625,True
4806,140118,POMALCA,CHICLAYO,LAMBAYEQUE,2870.1111111111113,False,8.026208135778628,True
4807,140305,MOCHUMI,LAMBAYEQUE,LAMBAYEQUE,778.68,False,29.040719510231085,True
4808,120116,HUACRAPUQUIO,HUANCAYO,JUNIN,212.33333333333334,False,10.069234239726685,True
4809,120708,SAN PEDRO DE CAJAS,TARMA,JUNIN,153.21621621621622,False,42.68273521326581,True
4810,120601,SATIPO,SATIPO,JUNIN,650.0597014925373,False,57.40205160541798,True
4811,140110,OYOTUN,CHICLAYO,LAMBAYEQUE,449.0454545454545,False,83.6313582305483,True
4812,120303,PICHANAQUI,CHANCHAMAYO,JUNIN,1118.71875,False,22.438209336660712,True
4813,120701,TARMA,TARMA,JUNIN,941.4285714285714,False,5.59781458999995,True
4814,120810,YAULI,YAULI,JUNIN,113.62222222222222,False,38.61849345091542,True
4815,140308,OLMOS,LAMBAYEQUE,LAMBAYEQUE,437.7578947368421,False,129.47754270704093,True
4816,160401,RAMON CASTILLA,MARISCAL RAMON CASTILLA,LORETO,595.7142857142858,False,,False
4817,120501,JUNIN,JUNIN,JUNIN,96.85714285714286,False,54.334226955721554,True
4818,140307,MOTUPE,LAMBAYEQUE,LAMBAYEQUE,749.5833333333334,False,58.824017981384316,True
4819,120302,PERENE,CHANCHAMAYO,JUNIN,902.7325581395348,False,87.85803732019747,True
4820,160103,FERNANDO LORES,MAYNAS,LORETO,349.93220338983053,False,,False
4821,120706,PALCA,TARMA,JUNIN,223.4,False,33.404217576373966,True
4822,120124,PARIAHUANCA,HUANCAYO,JUNIN,174.75757575757575,False,111.50276072663206,True
4823,140119,PUCALA,CHICLAYO,LAMBAYEQUE,597.1999999999999,False,32.64553493573752,True
4824,120807,SANTA BARBARA DE CARHUACAYAN,YAULI,JUNIN,24.989473684210523,False,91.62169711004776,True
4825,160403,YAVARI,MARISCAL RAMON CASTILLA,LORETO,362.55555555555554,False,,False
4826,120402,ACOLLA,JAUJA,JUNIN,555.0,False,12.870831006360516,True
4827,160504,EMILIO SAN MARTIN,REQUENA,LORETO,424.2777777777778,False,,False
4828,160304,TROMPETEROS,LORETO,LORETO,533.1428571428572,False,,False
4829,140306,MORROPE,LAMBAYEQUE,LAMBAYEQUE,1282.5675675675675,False,32.92682179184677,True
4830,120124,PARIAHUANCA,HUANCAYO,JUNIN,174.75757575757575,False,108.50439986199261,True
4831,140312,TUCUME,LAMBAYEQUE,LAMBAYEQUE,1108.952380952381,False,27.768178274703935,True
4832,120608,RIO TAMBO,SATIPO,JUNIN,729.2738095238095,False,67.89661095150151,True
4833,140108,MONSEFU,CHICLAYO,LAMBAYEQUE,1404.9565217391305,False,11.953053551262412,True
4834,120608,RIO TAMBO,SATIPO,JUNIN,729.2738095238095,False,68.38452089052319,True
4835,140310,SALAS,LAMBAYEQUE,LAMBAYEQUE,200.86153846153846,False,109.63802687936925,True
4836,120407,EL MANTARO,JAUJA,JUNIN,640.5,False,15.603017904072622,True
4837,160702,CAHUAPANAS,DATEM DEL MARAÑON,LORETO,278.6774193548387,False,,False
4838,160211,TENIENTE CESAR LOPEZ ROJAS,ALTO AMAZONAS,LORETO,306.5,False,,False
4839,120803,HUAY-HUAY,YAULI,JUNIN,22.333333333333332,False,46.853274535970854,True
4840,120304,SAN LUIS DE SHUARO,CHANCHAMAYO,JUNIN,435.0,False,30.481866745351013,True
4841,160801,PUTUMAYO,PUTUMAYO,LORETO,241.16666666666666,False,,False
4842,140203,INCAHUASI,FERREÑAFE,LAMBAYEQUE,302.5576923076923,False,91.921403550818,True
4843,160106,MAZAN,MAYNAS,LORETO,379.9189189189189,False,,False
4844,120607,RIO NEGRO,SATIPO,JUNIN,650.0,False,60.481802429310335,True
4845,140310,SALAS,LAMBAYEQUE,LAMBAYEQUE,200.86153846153846,False,95.37321454668708,True
4846,160103,FERNANDO LORES,MAYNAS,LORETO,349.93220338983053,False,,False
4847,120504,ULCUMAYO,JUNIN,JUNIN,93.27419354838709,False,55.07295858426469,True
4848,160604,PAMPA HERMOSA,UCAYALI,LORETO,615.6111111111111,False,253.51826519511204,True
4849,120704,HUASAHUASI,TARMA,JUNIN,296.11538461538464,False,55.081039605950764,True
4850,160108,PUNCHANA,MAYNAS,LORETO,3038.7419354838707,False,,False
4851,140307,MOTUPE,LAMBAYEQUE,LAMBAYEQUE,749.5833333333334,False,66.8342536129156,True
4852,160706,ANDOAS,DATEM DEL MARAÑON,LORETO,221.87931034482762,False,,False
4853,160107,NAPO,MAYNAS,LORETO,371.00000000000006,False,,False
4854,140310,SALAS,LAMBAYEQUE,LAMBAYEQUE,200.86153846153846,True,65.83022456826431,True
4855,120708,SAN PEDRO DE CAJAS,TARMA,JUNIN,153.21621621621622,False,36.74114053851143,True
4856,120303,PICHANAQUI,CHANCHAMAYO,JUNIN,1118.71875,False,30.286571208729278,True
4857,160703,MANSERICHE,DATEM DEL MARAÑON,LORETO,396.55555555555554,False,,False
4858,160107,NAPO,MAYNAS,LORETO,371.00000000000006,False,,False
4859,160404,SAN PABLO,MARISCAL RAMON CASTILLA,LORETO,575.0,True,,False
4860,160702,CAHUAPANAS,DATEM DEL MARAÑON,LORETO,278.6774193548387,False,,False
4861,120305,SAN RAMON,CHANCHAMAYO,JUNIN,746.7567567567568,False,91.91199262295785,True
4862,120503,ONDORES,JUNIN,JUNIN,23.740259740259738,False,29.708384012504936,True
4863,140101,CHICLAYO,CHICLAYO,LAMBAYEQUE,8778.44117647059,False,1.80322272299872,True
4864,160206,LAGUNAS,ALTO AMAZONAS,LORETO,520.8571428571429,False,,False
4865,120504,ULCUMAYO,JUNIN,JUNIN,93.27419354838709,False,55.28776698568048,True
4866,120804,MARCAPOMACOCHA,YAULI,JUNIN,14.252747252747252,False,80.74621784964422,True
4867,140307,MOTUPE,LAMBAYEQUE,LAMBAYEQUE,749.5833333333334,False,61.61902613440577,True
4868,120801,LA OROYA,YAULI,JUNIN,349.3611111111111,False,25.62710528188445,True
4869,120605,PAMPA HERMOSA,SATIPO,JUNIN,454.125,False,81.96043737663194,True
4870,120607,RIO NEGRO,SATIPO,JUNIN,650.0,False,54.82466916056436,True
4871,160706,ANDOAS,DATEM DEL MARAÑON,LORETO,221.87931034482762,False,,False
4872,160801,PUTUMAYO,PUTUMAYO,LORETO,241.16666666666666,False,,False
4873,160104,INDIANA,MAYNAS,LORETO,363.64516129032256,False,,False
4874,140102,CHONGOYAPE,CHICLAYO,LAMBAYEQUE,724.0400000000001,False,61.149464718793475,True
4875,140204,MANUEL ANTONIO MESONES MURO,FERREÑAFE,LAMBAYEQUE,193.36363636363635,False,27.861287791588346,True
4876,120606,PANGOA,SATIPO,JUNIN,618.2346938775511,False,104.31334650587876,True
4877,140105,JOSE LEONARDO ORTIZ,CHICLAYO,LAMBAYEQUE,11714.352941176472,False,3.9855019898347446,True
4878,120909,YANACANCHA,CHUPACA,JUNIN,65.68518518518518,False,73.600891254454,True
4879,140301,LAMBAYEQUE,LAMBAYEQUE,LAMBAYEQUE,2049.0769230769233,False,9.980659302882719,True
4880,140308,OLMOS,LAMBAYEQUE,LAMBAYEQUE,437.7578947368421,False,91.29076988422558,True
4881,120608,RIO TAMBO,SATIPO,JUNIN,729.2738095238095,False,,False
4882,120433,YAULI,JAUJA,JUNIN,108.66666666666667,False,21.06047179246648,True
4883,160603,PADRE MARQUEZ,UCAYALI,LORETO,564.3571428571429,False,,False
4884,140306,MORROPE,LAMBAYEQUE,LAMBAYEQUE,1282.5675675675675,False,25.87005180108634,True
4885,120608,RIO TAMBO,SATIPO,JUNIN,729.2738095238095,False,78.35515670941645,True
4886,120608,RIO TAMBO,SATIPO,JUNIN,729.2738095238095,False,,False
4887,160303,TIGRE,LORETO,LORETO,279.48387096774195,False,,False
4888,120302,PERENE,CHANCHAMAYO,JUNIN,902.7325581395348,False,78.39846347448014,True
4889,140108,MONSEFU,CHICLAYO,LAMBAYEQUE,1404.9565217391305,False,11.500023395761408,True
4890,120410,HUERTAS,JAUJA,JUNIN,205.50000000000003,False,4.80194911679805,True
4891,120604,MAZAMARI,SATIPO,JUNIN,1065.8032786885246,False,54.899094527650206,True
4892,120124,PARIAHUANCA,HUANCAYO,JUNIN,174.75757575757575,False,98.16312321895317,True
4893,160503,CAPELO,REQUENA,LORETO,507.1111111111111,False,,False
4894,120410,HUERTAS,JAUJA,JUNIN,205.50000000000003,False,3.8225884609518377,True
4895,160504,EMILIO SAN MARTIN,REQUENA,LORETO,424.2777777777778,False,,False
4896,120301,CHANCHAMAYO,CHANCHAMAYO,JUNIN,654.3684210526316,False,13.560897139209708,True
4897,120428,SAN LORENZO,JAUJA,JUNIN,278.77777777777777,False,13.118395962878381,True
4898,160112,BELEN,MAYNAS,LORETO,2504.548387096774,False,2.8923337648108327,True
4899,140102,CHONGOYAPE,CHICLAYO,LAMBAYEQUE,724.0400000000001,False,60.30801393770513,True
4900,120606,PANGOA,SATIPO,JUNIN,618.2346938775511,False,,False
4901,140108,MONSEFU,CHICLAYO,LAMBAYEQUE,1404.9565217391305,False,10.538944987331814,True
4902,140105,JOSE LEONARDO ORTIZ,CHICLAYO,LAMBAYEQUE,11714.352941176472,False,5.632404270968269,True
4903,120403,APATA,JAUJA,JUNIN,83.34693877551021,False,20.751177974607533,True
4904,160105,LAS AMAZONAS,MAYNAS,LORETO,283.59999999999997,False,,False
4905,120809,SUITUCANCHA,YAULI,JUNIN,15.599999999999998,False,77.47705585017201,True
4906,160601,CONTAMANA,UCAYALI,LORETO,638.5909090909091,False,,False
4907,140205,PITIPO,FERREÑAFE,LAMBAYEQUE,691.8285714285714,False,58.136682638096715,True
4908,160705,PASTAZA,DATEM DEL MARAÑON,LORETO,138.2127659574468,False,,False
4909,120124,PARIAHUANCA,HUANCAYO,JUNIN,174.75757575757575,False,148.73521101574536,True
4910,140205,PITIPO,FERREÑAFE,LAMBAYEQUE,691.8285714285714,False,28.37444926922592,True
4911,120805,MOROCOCHA,YAULI,JUNIN,284.1333333333333,False,35.03591625228227,True
4912,160103,FERNANDO LORES,MAYNAS,LORETO,349.93220338983053,False,,False
4913,160502,ALTO TAPICHE,REQUENA,LORETO,164.53846153846155,False,,False
4914,160505,MAQUIA,REQUENA,LORETO,340.32000000000005,False,,False
4915,120206,COMAS,CONCEPCION,JUNIN,134.95555555555555,False,85.83579884381562,True
4916,120604,MAZAMARI,SATIPO,JUNIN,1065.8032786885246,False,39.09573920814604,True
4917,140102,CHONGOYAPE,CHICLAYO,LAMBAYEQUE,724.0400000000001,False,46.26994918908366,True
4918,120801,LA OROYA,YAULI,JUNIN,349.3611111111111,False,42.17555648616002,True
4919,120903,CHONGOS BAJO,CHUPACA,JUNIN,190.76190476190476,False,12.438520640105928,True
4920,120108,CHONGOS ALTO,HUANCAYO,JUNIN,33.475,False,64.99973070609391,True
4921,160113,SAN JUAN BAUTISTA,MAYNAS,LORETO,3236.38,False,,False
4922,120802,CHACAPALPA,YAULI,JUNIN,10.352941176470587,False,39.154229111838134,True
4923,120214,SAN JOSE DE QUERO,CONCEPCION,JUNIN,254.41666666666669,False,62.71663453026267,True
4924,120205,COCHAS,CONCEPCION,JUNIN,146.41666666666669,False,131.2473318685025,True
4925,160705,PASTAZA,DATEM DEL MARAÑON,LORETO,138.2127659574468,False,,False
4926,160202,BALSAPUERTO,ALTO AMAZONAS,LORETO,311.0689655172414,False,107.6024094835139,True
4927,160706,ANDOAS,DATEM DEL MARAÑON,LORETO,221.87931034482762,False,,False
4928,120501,JUNIN,JUNIN,JUNIN,96.85714285714286,False,13.151877714538712,True
4929,120411,JANJAILLO,JAUJA,JUNIN,68.1,False,32.57133217624273,True
4930,120202,ACO,CONCEPCION,JUNIN,796.0,False,33.55562045398742,True
4931,120427,RICRAN,JAUJA,JUNIN,48.96874999999999,False,21.032295734452006,True
4932,120503,ONDORES,JUNIN,JUNIN,23.740259740259738,False,49.354880327145864,True
4933,160110,TORRES CAUSANA,MAYNAS,LORETO,327.375,False,,False
4934,160508,SOPLIN,REQUENA,LORETO,117.83333333333333,False,,False
4935,140308,OLMOS,LAMBAYEQUE,LAMBAYEQUE,437.7578947368421,False,83.4288483591961,True
4936,160706,ANDOAS,DATEM DEL MARAÑON,LORETO,221.87931034482762,False,,False
4937,120427,RICRAN,JAUJA,JUNIN,48.96874999999999,False,42.60389083381593,True
4938,120708,SAN PEDRO DE CAJAS,TARMA,JUNIN,153.21621621621622,False,69.08850755007258,True
4939,160401,RAMON CASTILLA,MARISCAL RAMON CASTILLA,LORETO,595.7142857142858,False,,False
4940,120120,HUASICANCHA,HUANCAYO,JUNIN,120.28571428571429,True,77.24446959785352,True
4941,160704,MORONA,DATEM DEL MARAÑON,LORETO,324.0238095238095,False,,False
4942,120604,MAZAMARI,SATIPO,JUNIN,1065.8032786885246,False,15.87219854082132,True
4943,160113,SAN JUAN BAUTISTA,MAYNAS,LORETO,3236.38,False,68.40557293041667,True
4944,120909,YANACANCHA,CHUPACA,JUNIN,65.68518518518518,False,117.13076949671563,True
4945,140310,SALAS,LAMBAYEQUE,LAMBAYEQUE,200.86153846153846,False,92.46464885456726,True
4946,120428,SAN LORENZO,JAUJA,JUNIN,278.77777777777777,False,12.968525665265801,True
4947,140205,PITIPO,FERREÑAFE,LAMBAYEQUE,691.8285714285714,False,91.921403550818,True
4948,160201,YURIMAGUAS,ALTO AMAZONAS,LORETO,1234.1166666666666,False,,False
4949,120606,PANGOA,SATIPO,JUNIN,618.2346938775511,False,51.956289543752995,True
4950,120707,PALCAMAYO,TARMA,JUNIN,382.92,False,33.77033308521698,True
4951,140301,LAMBAYEQUE,LAMBAYEQUE,LAMBAYEQUE,2049.0769230769233,False,1.034856541950352,True
4952,120106,CHICCHE,HUANCAYO,JUNIN,112.625,False,55.54956002222139,True
4953,160205,JEBEROS,ALTO AMAZONAS,LORETO,272.65000000000003,False,,False
4954,120402,ACOLLA,JAUJA,JUNIN,555.0,False,7.587088722711207,True
4955,120903,CHONGOS BAJO,CHUPACA,JUNIN,190.76190476190476,False,42.7481428443686,True
4956,120604,MAZAMARI,SATIPO,JUNIN,1065.8032786885246,False,41.441861196668825,True
4957,120601,SATIPO,SATIPO,JUNIN,650.0597014925373,False,7.471954092406224,True
4958,120909,YANACANCHA,CHUPACA,JUNIN,65.68518518518518,False,81.97423142374375,True
4959,140111,PICSI,CHICLAYO,LAMBAYEQUE,1423.5714285714287,False,14.025541685719379,True
4960,120801,LA OROYA,YAULI,JUNIN,349.3611111111111,False,,False
4961,120128,QUILCAS,HUANCAYO,JUNIN,152.42857142857142,False,33.985271387409355,True
4962,120802,CHACAPALPA,YAULI,JUNIN,10.352941176470587,False,34.79976352317719,True
4963,120807,SANTA BARBARA DE CARHUACAYAN,YAULI,JUNIN,24.989473684210523,False,111.99679377132746,True
4964,120302,PERENE,CHANCHAMAYO,JUNIN,902.7325581395348,False,51.44152442929048,True
4965,120809,SUITUCANCHA,YAULI,JUNIN,15.599999999999998,False,58.49653956289433,True
4966,140116,CAYALTI,CHICLAYO,LAMBAYEQUE,1224.2307692307693,False,60.706929340193746,True
4967,120303,PICHANAQUI,CHANCHAMAYO,JUNIN,1118.71875,False,38.22387629726631,True
4968,160113,SAN JUAN BAUTISTA,MAYNAS,LORETO,3236.38,False,,False
4969,160103,FERNANDO LORES,MAYNAS,LORETO,349.93220338983053,False,,False
4970,140304,JAYANCA,LAMBAYEQUE,LAMBAYEQUE,601.3000000000001,False,50.27493512022822,True
4971,120605,PAMPA HERMOSA,SATIPO,JUNIN,454.125,False,46.24476197658035,True
4972,120503,ONDORES,JUNIN,JUNIN,23.740259740259738,False,15.72694164828248,True
4973,120704,HUASAHUASI,TARMA,JUNIN,296.11538461538464,False,60.27653031535923,True
4974,160604,PAMPA HERMOSA,UCAYALI,LORETO,615.6111111111111,False,304.36889693251936,True
4975,140203,INCAHUASI,FERREÑAFE,LAMBAYEQUE,302.5576923076923,False,151.62277142425773,True
4976,140105,JOSE LEONARDO ORTIZ,CHICLAYO,LAMBAYEQUE,11714.352941176472,False,3.567999654859115,True
4977,120124,PARIAHUANCA,HUANCAYO,JUNIN,174.75757575757575,False,84.35115940792582,True
4978,120701,TARMA,TARMA,JUNIN,941.4285714285714,False,17.227295177065315,True
4979,120426,POMACANCHA,JAUJA,JUNIN,131.66666666666669,False,63.975982743075775,True
4980,140106,LA VICTORIA,CHICLAYO,LAMBAYEQUE,6204.599999999999,False,8.949758478850134,True
4981,120801,LA OROYA,YAULI,JUNIN,349.3611111111111,True,4.917480703391076,True
4982,120903,CHONGOS BAJO,CHUPACA,JUNIN,190.76190476190476,False,32.65362883255413,True
4983,120501,JUNIN,JUNIN,JUNIN,96.85714285714286,False,25.53869951590858,True
4984,120214,SAN JOSE DE QUERO,CONCEPCION,JUNIN,254.41666666666669,False,43.27056942397551,True
4985,140117,PATAPO,CHICLAYO,LAMBAYEQUE,1343.7058823529412,False,37.43527568853901,True
4986,160705,PASTAZA,DATEM DEL MARAÑON,LORETO,138.2127659574468,False,,False
4987,160301,NAUTA,LORETO,LORETO,567.2407407407408,False,,False
4988,140308,OLMOS,LAMBAYEQUE,LAMBAYEQUE,437.7578947368421,False,111.39372233199465,True
4989,160508,SOPLIN,REQUENA,LORETO,117.83333333333333,False,,False
4990,120502,CARHUAMAYO,JUNIN,JUNIN,228.47058823529414,False,58.95310575084584,True
4991,120809,SUITUCANCHA,YAULI,JUNIN,15.599999999999998,False,56.96436572679025,True
4992,120807,SANTA BARBARA DE CARHUACAYAN,YAULI,JUNIN,24.989473684210523,False,86.62026919951069,True
4993,120402,ACOLLA,JAUJA,JUNIN,555.0,False,8.547171224509762,True
4994,120608,RIO TAMBO,SATIPO,JUNIN,729.2738095238095,False,451.93855975240916,True
4995,120114,EL TAMBO,HUANCAYO,JUNIN,6923.458333333333,False,7.668871399529078,True
4996,140119,PUCALA,CHICLAYO,LAMBAYEQUE,597.1999999999999,False,29.88434508518962,True
4997,140303,ILLIMO,LAMBAYEQUE,LAMBAYEQUE,941.5000000000001,False,27.81400631450752,True
4998,140310,SALAS,LAMBAYEQUE,LAMBAYEQUE,200.86153846153846,False,112.40417288874228,True
4999,160404,SAN PABLO,MARISCAL RAMON CASTILLA,LORETO,575.0,False,,False
